,custom_adaptation,custom_confidence,custom_score,score_diff,score_improvement[%],custom_time
0,"[ 2.0223     99.9445     71.71518586 98.92005657 61.         59.4238
 36.5804     43.2471      1.        ]",[0.93993477 0.81644176 0.99841344 0.95718447],31.442557575757633,,,0.006294727325439453
1,"[ 2.0223     99.9445     71.71518586 92.86399596 67.         23.949
 25.0238     53.6776      1.        ]",[0.95642099 0.81305102 0.9987458  0.9666562 ],37.49861818181819,,,0.005063772201538086
2,"[ 2.0223     99.9445     98.98654949 97.91071313 65.         87.5775
 98.0319     60.0834      0.        ]",[0.4695555  0.8392789  0.00573284 0.08296921],5.180537373737366,,,0.005143880844116211
3,"[ 2.0223     99.9445     71.71518586 98.92005657 65.         13.5431
 46.469       6.9455      0.        ]",[0.88734026 0.53760974 0.09625668 0.32492804],31.442557575757633,,,0.007210254669189453
4,"[ 8.0793     99.9445     94.94634747 98.92005657 33.         91.9392
 78.1618     52.4151      0.        ]",[0.18595659 0.52354943 0.34227693 0.30013847],14.268395959595978,,,0.0061342716217041016
5,"[ 2.0223     99.9445     99.9966     98.92005657 50.         78.7386
 92.5354     96.4319      0.        ]",[0.0707501  0.6012464  0.25823191 0.33056627],3.161143434343444,,,0.005986213684082031
6,"[ 2.0223     99.9445     98.98654949 98.92005657  8.         37.4304
 11.9677     23.3809      0.        ]",[0.78554541 0.8672824  0.23439248 0.4496148 ],4.171193939393902,,,0.005118370056152344
7,"[ 2.0223     99.9445     84.84584242 92.86399596 58.         55.9296
 77.3951     73.4457      1.        ]",[0.94957729 0.74214317 0.99871778 0.96285098],24.367961616161608,,,0.005039691925048828
8,"[26.2503     99.9445     71.71518586 98.92005657 79.         78.6461
 46.5971     37.491       0.        ]",[0.48422475 0.82035842 0.8602919  0.47421023],55.670557575757584,,,0.006203413009643555
9,"[  2.0223      99.9445      77.77548889  98.92005657 100.
  61.8901      33.7806      13.9916       0.        ]",[0.82683396 0.86333301 0.08845235 0.43280142],25.382254545454543,,,0.010325431823730469
10,"[ 2.0223     99.9445     94.94634747 97.91071313  6.         38.2341
 60.9858     26.0793      0.        ]",[0.68098893 0.7486286  0.01505047 0.42716322],9.220739393939425,,,0.006170988082885742
11,"[29.2788     99.9445     94.94634747 98.92005657 36.         13.0175
  6.4716     51.7144      0.        ]",[0.43827587 0.8594359  0.8577314  0.51470963],35.46789595959592,,,0.014939546585083008
12,"[ 2.0223     99.9445     71.71518586 92.86399596 71.         17.7223
 43.7174     75.8446      1.        ]",[0.95766564 0.81291328 0.99860305 0.9666562 ],37.49861818181819,,,0.013129949569702148
13,"[ 2.0223     99.9445     71.71518586 92.86399596 75.         45.8191
 57.4668     65.4021      1.        ]",[0.95438889 0.81644176 0.99857998 0.96285098],37.49861818181819,,,0.006008148193359375
14,"[ 8.0793     99.9445     98.98654949 92.86399596 17.         94.4083
 90.4286     99.624       1.        ]",[0.0104135  0.0281828  0.8178066  0.93418823],16.28425454545453,,,0.005995035171508789
15,"[ 2.0223     99.9445     71.71518586 97.91071313 37.         27.1257
 36.0826     20.9859      1.        ]",[0.95642099 0.73220904 0.99697697 0.96072702],32.45190101010104,,,0.0051119327545166016
16,"[18.1743     99.9445     99.9966     98.92005657  0.         16.8725
  6.1527     90.9567      0.        ]",[0.03776412 0.83875084 0.5737353  0.58842436],19.313143434343488,,,0.025613069534301758
17,"[ 2.0223     99.9445     71.71518586 98.92005657 24.         78.9343
  8.8686     62.7014      1.        ]",[0.81275872 0.66384653 0.99785346 0.96881757],31.442557575757633,,,0.01212453842163086
18,"[ 2.0223     99.9445     72.72523636 98.92005657  7.         25.9059
 30.3697      1.9672      0.        ]",[0.84361984 0.30006243 0.0110119  0.24386274],30.43250707070706,,,0.02991962432861328
19,"[ 2.0223     99.9445     71.71518586 92.86399596 92.         58.9648
 26.58       71.1283      1.        ]",[0.93993477 0.79305916 0.99815232 0.9666562 ],37.49861818181819,,,0.01040029525756836
20,"[ 2.0223     99.9445     94.94634747 98.92005657 56.         16.9334
  8.6415     63.9746      0.        ]",[0.62359857 0.91980119 0.8212204  0.47206708],8.211395959595961,,,0.009086370468139648
21,"[ 2.0223     99.9445     33.33326667 98.92005657 22.         93.9653
 41.792      44.4401      1.        ]",[0.26236254 0.10845354 0.77424568 0.75670976],69.82447676767674,,,0.008321523666381836
22,"[18.1743     99.9445     71.71518586 92.86399596 94.         85.5412
 73.2182     68.4091      0.        ]",[0.24438184 0.75337664 0.5507865  0.55595024],53.650618181818174,,,0.010992765426635742
23,"[3.30000000e-03 9.99445000e+01 9.89865495e+01 9.79107131e+01
 3.00000000e+00 3.36585000e+01 7.51254000e+01 3.11717000e+01
 0.00000000e+00]",[0.51843611 0.77640486 0.03539161 0.13173247],3.16153737373736,,,0.008124828338623047
24,"[3.30000000e-03 9.99445000e+01 9.89865495e+01 9.28639960e+01
 2.60000000e+01 2.16758000e+01 6.29648000e+01 6.95869000e+01
 1.00000000e+00]",[0.94838818 0.70837085 0.99666238 0.96514736],8.208254545454508,,,0.00613856315612793
25,"[14.1363     99.9445     94.94634747 98.92005657 50.         32.119
 50.1591     94.1508      0.        ]",[0.16012092 0.43277354 0.87735677 0.44426803],20.325395959595994,,,0.007291078567504883
26,"[ 2.0223     99.9445     71.71518586 92.86399596 90.          5.8182
 17.9215     25.1484      1.        ]",[0.94912115 0.8605836  0.98981208 0.96026273],37.49861818181819,,,0.010995864868164062
27,"[3.30000000e-03 9.99445000e+01 9.99966000e+01 9.79107131e+01
 5.00000000e+00 4.70470000e+01 2.53211000e+01 8.11660000e+01
 1.00000000e+00]",[0.50062159 0.60849364 0.35337666 0.87918626],2.1514868686868454,,,0.00627589225769043
28,"[ 2.0223     99.9445     94.94634747 97.91071313 11.         74.8916
 69.0168     45.9598      1.        ]",[0.93104328 0.62713155 0.9891572  0.95758009],9.220739393939425,,,0.005236387252807617
29,"[ 2.0223     99.9445     71.71518586 98.92005657 57.         88.3406
  6.6329     83.8531      1.        ]",[0.32721545 0.65112824 0.99629289 0.94650318],31.442557575757633,,,0.006011247634887695
30,"[ 2.0223     99.9445     71.71518586 92.86399596 77.         20.2894
 66.1089     48.5194      1.        ]",[0.95766564 0.82223868 0.99551624 0.96285098],37.49861818181819,,,0.004952192306518555
31,"[ 2.0223     99.9445     71.71518586 92.86399596 84.         46.3669
 39.3889     89.1915      0.        ]",[0.55332401 0.89846082 0.55251276 0.53693948],37.49861818181819,,,0.0051116943359375
32,"[3.30000000e-03 9.99445000e+01 9.89865495e+01 9.79107131e+01
 2.30000000e+01 6.79650000e+00 7.96813000e+01 8.69443000e+01
 1.00000000e+00]",[0.89392236 0.61061421 0.99552494 0.94869882],3.16153737373736,,,0.006616830825805664
33,"[ 2.0223     99.9445     98.98654949 96.9013697   0.         42.4944
 55.3772      6.4063      1.        ]",[0.33939726 0.30544557 0.05650506 0.36473506],6.189880808080829,,,0.009006023406982422
34,"[18.1743     99.9445     94.94634747 98.92005657 48.         71.958
 71.4357     84.1356      0.        ]",[0.53834613 0.80209372 0.80704188 0.47807455],24.363395959596005,,,0.012029647827148438
35,"[ 2.0223     99.9445     94.94634747 98.92005657 45.         32.8703
 66.0056     48.1016      0.        ]",[0.87199531 0.89274474 0.28089404 0.42202374],8.211395959595961,,,0.0071070194244384766
36,"[ 2.0223     99.9445     71.71518586 92.86399596 63.          6.2509
 67.3528     70.3604      1.        ]",[0.95766564 0.81879689 0.99815112 0.96285098],37.49861818181819,,,0.012176752090454102
37,"[ 2.0223     99.9445     71.71518586 96.9013697  60.         34.5556
 60.9073     25.6942      1.        ]",[0.95642099 0.85553066 0.99847955 0.95663254],33.461244444444446,,,0.009168624877929688
38,"[ 2.0223     99.9445     98.98654949 96.9013697   3.         84.8966
  1.4904     45.2375      1.        ]",[0.02917314 0.70580359 0.65247601 0.7439058 ],6.189880808080829,,,0.009147882461547852
39,"[ 2.0223     99.9445     71.71518586 97.91071313 15.         18.3902
  5.7327     34.835       0.        ]",[0.54492912 0.92820242 0.47100931 0.48726827],32.45190101010104,,,0.005124092102050781
40,"[ 2.0223     64.63487374 71.71518586 97.91071313 58.         27.8494
 57.5182     12.2561      1.        ]",[0.95642099 0.86787529 0.99827349 0.92802852],67.76152727272728,,,0.011131048202514648
41,"[ 2.0223     99.9445     94.94634747 82.77056162 67.         39.1767
 60.1401     23.4804      0.        ]",[0.85877806 0.86148092 0.2154136  0.46873246],24.360890909090926,,,0.007020711898803711
42,"[ 2.0223     99.9445     94.94634747 97.91071313  9.          2.6957
 81.0915      2.5583      1.        ]",[0.95208401 0.2551965  0.3301546  0.5097147 ],9.220739393939425,,,0.0073320865631103516
43,"[3.30000000e-03 9.99445000e+01 9.49463475e+01 9.89200566e+01
 1.40000000e+01 6.98507000e+01 3.92150000e+00 7.00643000e+01
 0.00000000e+00]",[0.25190383 0.8751134  0.62668413 0.62929913],6.192395959595956,,,0.006960153579711914
44,"[ 2.0223     99.9445     94.94634747 81.76121818 71.         14.4564
 70.9392     22.3957      0.        ]",[0.87178273 0.84846417 0.21097226 0.46873246],25.37023434343439,,,0.006952762603759766
45,"[ 2.0223     99.9445     71.71518586 97.91071313 69.         21.4027
 61.6514     19.6983      0.        ]",[0.88734026 0.87681239 0.09840231 0.46873246],32.45190101010104,,,0.0051653385162353516
46,"[ 2.0223     99.9445     71.71518586 92.86399596 80.         55.7899
 80.7241     47.2629      1.        ]",[0.94604055 0.74462863 0.99250472 0.96285098],37.49861818181819,,,0.005145549774169922
47,"[ 2.0223     99.9445     71.71518586 97.91071313 59.          4.4086
 17.6542     75.5936      1.        ]",[0.94912115 0.84477379 0.99880064 0.95988276],32.45190101010104,,,0.007133960723876953
48,"[ 2.0223     99.9445     98.98654949 97.91071313  3.         14.4929
 77.5235      8.6305      0.        ]",[0.58530115 0.5807473  0.03553652 0.14882431],5.180537373737366,,,0.008201122283935547
49,"[ 2.0223     99.9445     71.71518586 98.92005657 97.         21.6285
 23.918       0.4307      0.        ]",[0.90196178 0.58340636 0.01915709 0.31450036],31.442557575757633,,,0.006962776184082031
50,"[ 2.0223     99.9445     84.84584242 98.92005657 76.         70.2648
 99.4058     44.3483      1.        ]",[0.94044021 0.65412481 0.02949118 0.49771172],18.311901010100996,,,0.007120847702026367
51,"[ 2.0223     99.9445     71.71518586 97.91071313 59.         56.9623
 64.9574     18.8027      0.        ]",[0.84627632 0.87681239 0.15319242 0.46873246],32.45190101010104,,,0.006075859069824219
52,"[ 2.0223     99.9445     71.71518586 92.86399596 75.         70.5522
 10.6259     21.817       1.        ]",[0.897937   0.89496917 0.99764097 0.96119432],37.49861818181819,,,0.011101245880126953
53,"[ 2.0223     99.9445     98.98654949 81.76121818 65.         49.4864
 97.5968     18.5283      1.        ]",[0.95593931 0.61750807 0.03412695 0.69617099],21.33003232323233,,,0.013119697570800781
54,"[ 2.0223     99.9445     83.83579192 98.92005657 25.         10.1328
 51.481       3.0304      0.        ]",[0.88090998 0.36570788 0.04320906 0.31158651],19.321951515151568,,,0.00902700424194336
55,"[ 2.0223     64.63487374 71.71518586 92.86399596 86.         72.9089
 49.8484     13.6755      1.        ]",[0.93837955 0.84570731 0.99262214 0.90353899],72.80824444444443,,,0.016088247299194336
56,"[ 2.0223     99.9445     98.98654949 96.9013697   6.         29.1259
 59.9499     10.0156      1.        ]",[0.86864036 0.48304627 0.21178636 0.93346248],6.189880808080829,,,0.01103973388671875
57,"[ 2.0223     99.9445     99.9966     98.92005657 68.         93.6812
 98.5286     84.3358      1.        ]",[0.15910119 0.40743152 0.0123082  0.16788306],3.161143434343444,,,0.007978200912475586
58,"[ 2.0223     99.9445     71.71518586 97.91071313 90.          9.2782
 32.6567     45.429       1.        ]",[0.95766564 0.86332014 0.9941749  0.95718447],32.45190101010104,,,0.012108802795410156
59,"[3.30000000e-03 9.99445000e+01 7.17151859e+01 9.28639960e+01
 2.00000000e+01 6.39709000e+01 9.32010000e+00 3.88393000e+01
 1.00000000e+00]",[0.83872187 0.71310704 0.99600768 0.94550664],35.47961818181818,,,0.008950471878051758
60,"[ 2.0223     99.9445     71.71518586 98.92005657 58.         28.8118
 58.2564     70.2219      0.        ]",[0.86789921 0.92764581 0.39436549 0.44426803],31.442557575757633,,,0.008028030395507812
61,"[ 2.0223     99.9445     71.71518586 92.86399596 64.         36.5457
  2.7113     29.0065      1.        ]",[0.20878755 0.81713049 0.99928999 0.95650696],37.49861818181819,,,0.005158662796020508
62,"[ 2.0223     99.9445     71.71518586 98.92005657 38.         22.9591
 11.3488     69.0327      1.        ]",[0.92324659 0.70011113 0.99922347 0.96504843],31.442557575757633,,,0.006113767623901367
63,"[ 2.0223     99.9445     99.9966     92.86399596 18.         90.7458
 43.343      18.4807      0.        ]",[0.2230728  0.57713866 0.03655676 0.27165201],9.217204040403999,,,0.005292654037475586
64,"[ 2.0223     64.63487374 71.71518586 96.9013697  69.         41.3394
  2.3457     19.9222      1.        ]",[0.25621583 0.89899992 0.99920171 0.9321656 ],68.77087070707069,,,0.008062124252319336
65,"[3.30000000e-03 9.99445000e+01 7.17151859e+01 9.28639960e+01
 1.70000000e+01 5.00969000e+01 8.93203000e+01 8.74675000e+01
 1.00000000e+00]",[0.86446687 0.35520796 0.93278933 0.87579036],35.47961818181818,,,0.006203174591064453
66,"[ 2.0223     99.9445     84.84584242 98.92005657 67.         81.5573
 20.8278     26.4285      0.        ]",[0.58069601 0.69051919 0.37503296 0.49766664],18.311901010100996,,,0.006106376647949219
67,"[ 2.0223     99.9445     71.71518586 97.91071313 59.          6.2535
  2.8273     33.9461      1.        ]",[0.18153054 0.89694243 0.9980818  0.95245209],32.45190101010104,,,0.00823831558227539
68,"[42.4023     99.9445     84.84584242 98.92005657 57.         90.5804
 51.7817     99.4677      0.        ]",[0.00812513 0.36842544 0.96603507 0.7562256 ],58.69190101010099,,,0.00511479377746582
69,"[ 2.0223     99.9445     98.98654949 82.77056162 45.         79.206
 62.9788     28.6124      0.        ]",[0.58364212 0.76841583 0.63314825 0.45235646],20.320688888888867,,,0.0069773197174072266
70,"[3.30000000e-03 9.99445000e+01 9.89865495e+01 9.89200566e+01
 0.00000000e+00 6.70511000e+01 8.48051000e+01 7.17098000e+01
 1.00000000e+00]",[0.30889321 0.52185408 0.89203835 0.87603836],2.1521939393938965,,,0.006982088088989258
71,"[3.30000000e-03 9.99445000e+01 9.89865495e+01 9.89200566e+01
 6.00000000e+00 2.89300000e-01 4.76274000e+01 1.29038000e+01
 1.00000000e+00]",[0.8817093  0.81160888 0.14636299 0.92925057],2.1521939393938965,,,0.004983186721801758
72,"[ 2.0223     99.9445     71.71518586 92.86399596 99.         63.6087
 53.9433     19.4443      1.        ]",[0.93993477 0.82661688 0.99531108 0.95019316],37.49861818181819,,,0.0072193145751953125
73,"[29.2788     99.9445     98.98654949 98.92005657 74.         87.9683
 99.2128     73.2989      1.        ]",[0.71771864 0.42089148 0.04882537 0.39753117],31.427693939393976,,,0.008008718490600586
74,"[3.30000000e-03 9.99445000e+01 8.48458424e+01 9.79107131e+01
 2.40000000e+01 8.00143000e+01 5.52203000e+01 6.22908000e+01
 1.00000000e+00]",[0.90627856 0.51554152 0.99788493 0.96525014],17.302244444444455,,,0.006609916687011719
75,"[ 2.0223     99.9445     71.71518586 98.92005657 69.         58.5958
 34.886      55.8218      0.        ]",[0.81543923 0.90943302 0.73722929 0.47206708],31.442557575757633,,,0.012096405029296875
76,"[ 2.0223     99.9445     71.71518586 97.91071313 90.         82.1329
 81.8836     28.5631      1.        ]",[0.90702346 0.44893917 0.99657923 0.94044589],32.45190101010104,,,0.00594329833984375
77,"[ 2.0223     99.9445     98.98654949 96.9013697   9.         70.8774
 67.1391     37.9374      1.        ]",[0.93260187 0.66207522 0.98823315 0.95082575],6.189880808080829,,,0.012119770050048828
78,"[ 2.0223     99.9445     84.84584242 97.91071313 52.         82.3474
 62.4725      8.3297      0.        ]",[0.63521337 0.28782879 0.07707644 0.37874982],19.32124444444446,,,0.007125377655029297
79,"[ 2.0223     99.9445     98.98654949 96.9013697  10.         82.0132
 38.8586     29.8051      1.        ]",[0.89777526 0.43099174 0.97596574 0.95082575],6.189880808080829,,,0.013159036636352539
80,"[ 2.0223     99.9445     71.71518586 92.86399596 88.         54.8726
 26.3794     75.6592      1.        ]",[0.94781521 0.79305916 0.99890935 0.9666562 ],37.49861818181819,,,0.007021665573120117
81,"[ 2.0223     99.9445     94.94634747 82.77056162 44.         32.9259
 61.4991     22.6494      0.        ]",[0.86446497 0.84846417 0.38589346 0.44624685],24.360890909090926,,,0.007206916809082031
82,"[ 8.0793     99.9445     71.71518586 98.92005657 78.         86.4901
 55.3164     29.481       0.        ]",[0.38991922 0.60267641 0.54175353 0.3934928 ],37.499557575757535,,,0.007028102874755859
83,"[ 2.0223     99.9445     98.98654949 97.91071313  8.         60.2822
 96.9687     10.6261      1.        ]",[0.9342927  0.65462666 0.15393813 0.68928695],5.180537373737366,,,0.005135297775268555
84,"[ 2.0223     99.9445     71.71518586 92.86399596 39.         50.9922
 24.6316     37.1625      1.        ]",[0.95438889 0.71381387 0.9978829  0.96645093],37.49861818181819,,,0.012090444564819336
85,"[ 2.0223     99.9445     71.71518586 96.9013697  57.         34.1341
  5.1144      0.477       1.        ]",[0.65680213 0.57412524 0.54237753 0.69542877],33.461244444444446,,,0.013090848922729492
86,"[17.1648     99.9445     71.71518586 98.92005657 91.         66.0004
 69.5473     80.022       0.        ]",[0.69876334 0.83409036 0.60757947 0.52320527],46.58505757575756,,,0.017058610916137695
87,"[ 2.0223     99.9445     71.71518586 92.86399596 73.         66.8505
 66.3878     46.212       0.        ]",[0.76884771 0.90943302 0.14953946 0.58728757],37.49861818181819,,,0.005025148391723633
88,"[ 2.0223     99.9445     94.94634747 82.77056162 18.         77.599
 83.5544     41.7734      0.        ]",[0.56985817 0.66007599 0.86506039 0.53865244],24.360890909090926,,,0.007096290588378906
89,"[18.1743     99.9445     98.98654949 82.77056162 24.         86.0828
 86.1665     56.4478      0.        ]",[0.18152655 0.6835479  0.7314558  0.39850285],36.47268888888891,,,0.013286113739013672
90,"[2.02230000e+00 9.99445000e+01 1.60000000e-03 9.79107131e+01
 4.00000000e+00 8.55300000e+01 5.90670000e+01 2.10966000e+01
 0.00000000e+00]",[0.0126344  0.09355175 0.0895028  0.97426387],104.16548686868691,,,0.005038738250732422
91,"[ 2.0223     99.9445     77.77548889 98.92005657 89.         14.7707
 22.6643     10.6521      0.        ]",[0.88734026 0.87664017 0.13260491 0.50464414],25.382254545454543,,,0.010013103485107422
92,"[ 2.0223     99.9445     94.94634747 98.92005657 22.         55.0907
 77.4095     91.1729      1.        ]",[0.74813403 0.5283335  0.99507362 0.94869882],8.211395959595961,,,0.00797581672668457
93,"[42.4023     99.9445     84.84584242 98.92005657 37.         97.471
  3.656      37.2284      0.        ]",[0.02011776 0.47978788 0.6014629  0.18415334],58.69190101010099,,,0.006192684173583984
94,"[ 2.0223     99.9445     94.94634747 97.91071313 55.         49.3654
 73.3838     64.7333      0.        ]",[0.8665756  0.89274474 0.35284501 0.44426803],9.220739393939425,,,0.005215167999267578
95,"[ 2.0223     99.9445     84.84584242 98.92005657 59.         78.076
 47.9068      3.492       1.        ]",[0.92185444 0.4130637  0.70471078 0.68116021],18.311901010100996,,,0.006089448928833008
96,"[ 2.0223     99.9445     71.71518586 97.91071313 85.          4.1048
 67.1527     69.0397      1.        ]",[0.95766564 0.89346698 0.99572575 0.95534025],32.45190101010104,,,0.008213996887207031
97,"[ 2.0223     99.9445     71.71518586 98.92005657 30.          4.1706
  8.8092     98.9708      1.        ]",[0.18318079 0.26031222 0.99600118 0.96235545],31.442557575757633,,,0.011136770248413086
98,"[ 2.0223     99.9445     94.94634747 98.92005657 37.         27.856
 49.3046     11.608       0.        ]",[0.88793168 0.84300162 0.27236101 0.54406078],8.211395959595961,,,0.007191896438598633
99,"[3.30000000e-03 9.99445000e+01 9.89865495e+01 9.89200566e+01
 4.00000000e+00 1.09150000e+01 5.67768000e+01 5.38200000e+01
 1.00000000e+00]",[0.54237714 0.86489817 0.25917131 0.66628352],2.1521939393938965,,,0.006010532379150391
100,"[ 2.0223     99.9445     84.84584242 92.86399596 25.         75.803
 52.6981     87.4851      1.        ]",[0.88352275 0.49168559 0.99763262 0.97298792],24.367961616161608,,,0.006071805953979492
101,"[ 2.0223     99.9445     71.71518586 92.86399596 83.         47.3117
 16.9332     58.7357      1.        ]",[0.93490247 0.81305102 0.99706632 0.9666562 ],37.49861818181819,,,0.009017467498779297
102,"[ 2.0223     99.9445     71.71518586 97.91071313 21.         26.7699
 47.5444      8.5548      0.        ]",[0.84419571 0.46513213 0.11596607 0.41366206],32.45190101010104,,,0.005187511444091797
103,"[3.30000000e-03 9.99445000e+01 9.89865495e+01 9.89200566e+01
 4.00000000e+00 8.91350000e+00 8.71087000e+01 6.23641000e+01
 1.00000000e+00]",[0.57477904 0.83029638 0.51246178 0.62587335],2.1521939393938965,,,0.005013704299926758
104,"[ 2.0223     99.9445     98.98654949 92.86399596 93.          7.4544
 19.988      73.5225      1.        ]",[0.94912115 0.79255668 0.99432433 0.9666562 ],10.227254545454514,,,0.0051004886627197266
105,"[ 2.0223     99.9445     99.9966     34.32207677 99.         82.1447
 38.6245     11.0783      1.        ]",[0.91282423 0.79672964 0.89695907 0.94774054],67.75912323232319,,,0.0059986114501953125
106,"[3.30000000e-03 9.99445000e+01 1.60000000e-03 9.89200566e+01
 1.00000000e+00 2.87361000e+01 5.01441000e+01 9.09288000e+01
 0.00000000e+00]",[0.00406554 0.1095641  0.04884618 0.98544015],101.13714343434344,,,0.0060884952545166016
107,"[ 2.0223     99.9445     71.71518586 92.86399596 59.         45.1268
 56.0849     35.5262      1.        ]",[0.95438889 0.81644176 0.99856865 0.96293018],37.49861818181819,,,0.015021562576293945
108,"[ 2.0223     99.9445     98.98654949 97.91071313  8.         28.6421
  3.3222     18.5368      0.        ]",[0.22125073 0.84977776 0.36159506 0.4496148 ],5.180537373737366,,,0.0050089359283447266
109,"[ 2.0223     99.9445     98.98654949 82.77056162  4.         36.3528
 74.2835     22.7596      0.        ]",[0.52455604 0.77693926 0.11768208 0.14315626],20.320688888888867,,,0.0061876773834228516
110,"[3.30000000e-03 9.99445000e+01 9.89865495e+01 9.79107131e+01
 1.10000000e+01 5.82400000e+00 2.15316000e+01 4.44932000e+01
 1.00000000e+00]",[0.9339604  0.74304597 0.98920512 0.95100802],3.16153737373736,,,0.00795888900756836
111,"[ 2.0223     99.9445     71.71518586 92.86399596 61.         39.2511
 67.8983     33.0292      1.        ]",[0.95438889 0.82223868 0.99706644 0.96293018],37.49861818181819,,,0.010930776596069336
112,"[3.30000000e-03 9.99445000e+01 9.89865495e+01 9.89200566e+01
 2.60000000e+01 7.14587000e+01 9.92629000e+01 7.40640000e+01
 1.00000000e+00]",[0.93104328 0.39261716 0.10089999 0.62929232],2.1521939393938965,,,0.0051724910736083984
113,"[ 2.0223     99.9445     71.71518586 92.86399596 60.         75.8431
 41.2585     33.1637      1.        ]",[0.93837955 0.7942292  0.99836105 0.97125467],37.49861818181819,,,0.005006074905395508
114,"[ 2.0223     99.9445     98.98654949 97.91071313 69.         18.9209
 87.6463     16.9724      0.        ]",[0.90507554 0.77361788 0.05824791 0.43508792],5.180537373737366,,,0.0060100555419921875
115,"[ 2.0223     99.9445     71.71518586 97.91071313 30.         47.9975
 68.0859     18.9432      0.        ]",[0.87930622 0.8098181  0.07668223 0.51136556],32.45190101010104,,,0.008037805557250977
116,"[3.30000000e-03 9.99445000e+01 7.17151859e+01 9.79107131e+01
 1.60000000e+01 4.08190000e+00 3.53842000e+01 8.05033000e+01
 1.00000000e+00]",[0.94923566 0.79903053 0.99508888 0.96235545],30.432901010101034,,,0.00602412223815918
117,"[ 2.0223     99.9445     71.71518586 92.86399596 81.         67.3186
 27.207      62.9269      1.        ]",[0.93837955 0.81305102 0.99631113 0.97548661],37.49861818181819,,,0.004950761795043945
118,"[3.30000000e-03 9.99445000e+01 9.89865495e+01 9.89200566e+01
 1.60000000e+01 6.64120000e+00 9.45281000e+01 2.77430000e+00
 1.00000000e+00]",[0.95095226 0.28822983 0.0170787  0.43277372],2.1521939393938965,,,0.00500178337097168
119,"[29.2788     99.9445     71.71518586 97.91071313 88.         44.4157
 52.9576     73.9901      0.        ]",[0.77276671 0.80535542 0.65578902 0.44426803],59.708401010101,,,0.006173610687255859
120,"[ 2.0223     99.9445     94.94634747 98.92005657 47.          8.01
 40.4718     24.5722      0.        ]",[0.89090932 0.89686452 0.40364125 0.44624685],8.211395959595961,,,0.006029605865478516
121,"[ 2.0223     99.9445     98.98654949 92.86399596 65.         95.9515
 92.8733     60.3206      1.        ]",[0.22534743 0.31755847 0.00982351 0.42361126],10.227254545454514,,,0.005952358245849609
122,"[2.02230000e+00 9.99445000e+01 7.17151859e+01 9.79107131e+01
 5.90000000e+01 2.50327000e+01 8.03189000e+01 4.28000000e-02
 0.00000000e+00]",[0.84919854 0.44436537 0.01522152 0.21042756],32.45190101010104,,,0.00813603401184082
123,"[28.2693     99.9445     94.94634747 81.76121818 41.         66.0757
 89.8023     50.3105      0.        ]",[0.64418131 0.75991919 0.48869693 0.24642474],51.61723434343435,,,0.012230873107910156
124,"[ 2.0223     99.9445     71.71518586 98.92005657 67.         12.0687
 96.2513     92.3293      0.        ]",[0.33147436 0.80402637 0.01359949 0.05972152],31.442557575757633,,,0.007076263427734375
125,"[19.1838     99.9445     94.94634747 98.92005657 75.         17.3938
 20.2323     79.1837      0.        ]",[0.77475305 0.77923687 0.89710075 0.47206708],25.372895959596008,,,0.007039546966552734
126,"[ 2.0223     99.9445     71.71518586 92.86399596 64.         55.572
 14.9798     84.9736      0.        ]",[0.4213583  0.89639289 0.95551622 0.53693948],37.49861818181819,,,0.005223274230957031
127,"[ 2.0223     99.9445     98.98654949 96.9013697  29.         32.7923
 93.7364     22.6251      1.        ]",[0.95790539 0.49181496 0.28590947 0.8378048 ],6.189880808080829,,,0.010109901428222656
128,"[ 2.0223     99.9445     98.98654949 96.9013697   7.         48.6257
 25.502       2.6497      1.        ]",[0.92423589 0.30835029 0.05355136 0.58552336],6.189880808080829,,,0.013088464736938477
129,"[ 2.0223     99.9445     71.71518586 92.86399596 78.         60.4499
 86.2458     75.594       1.        ]",[0.93790966 0.73298921 0.98507589 0.95322801],37.49861818181819,,,0.007134675979614258
130,"[ 2.0223     99.9445     94.94634747 98.92005657 45.         12.0924
 22.4626      5.4758      0.        ]",[0.89090932 0.46167705 0.04626215 0.27631354],8.211395959595961,,,0.011193513870239258
131,"[3.30000000e-03 9.99445000e+01 9.89865495e+01 9.89200566e+01
 0.00000000e+00 6.72800000e+01 7.98368000e+01 7.37103000e+01
 0.00000000e+00]",[0.30950009 0.70746411 0.84946311 0.56861494],2.1521939393938965,,,0.008204460144042969
132,"[ 2.0223     99.9445     99.9966     34.32207677 67.         44.3068
 33.9472     98.6348      1.        ]",[0.27342455 0.61339517 0.98828286 0.93411084],67.75912323232319,,,0.009098529815673828
133,"[ 2.0223     99.9445     98.98654949 82.77056162 11.         81.4654
 18.3556     56.1164      0.        ]",[0.48537237 0.65446683 0.65388858 0.53865244],20.320688888888867,,,0.010103225708007812
134,"[ 2.0223     99.9445     99.9966     97.91071313 34.         65.9326
 87.056      91.5763      1.        ]",[0.75957917 0.48134734 0.98171276 0.95229016],4.170486868686851,,,0.006052732467651367
135,"[ 2.0223     99.9445     71.71518586 92.86399596 88.         30.9107
 10.3375     72.9382      0.        ]",[0.67024895 0.93757394 0.76017451 0.53693948],37.49861818181819,,,0.005157947540283203
136,"[ 2.0223     99.9445     71.71518586 98.92005657 95.         95.1418
 26.1458     50.3254      0.        ]",[0.17746201 0.51517938 0.18584187 0.20160881],31.442557575757633,,,0.00611567497253418
137,"[ 2.0223     99.9445     71.71518586 98.92005657 88.         40.9145
 22.4703      4.5193      0.        ]",[0.89484688 0.58340636 0.02436873 0.29479489],31.442557575757633,,,0.007135152816772461
138,"[3.30000000e-03 9.99445000e+01 9.89865495e+01 9.89200566e+01
 1.20000000e+01 2.52627000e+01 7.29436000e+01 1.15887000e+01
 1.00000000e+00]",[0.94505667 0.61315968 0.99181855 0.95166419],2.1521939393938965,,,0.00601506233215332
139,"[ 2.0223     99.9445     71.71518586 98.92005657 87.         30.9437
 28.4553     51.5061      0.        ]",[0.86789921 0.92363417 0.70122176 0.47206708],31.442557575757633,,,0.007192134857177734
140,"[3.30000000e-03 9.99445000e+01 9.89865495e+01 9.28639960e+01
 3.00000000e+00 7.57937000e+01 9.00331000e+01 8.54044000e+01
 1.00000000e+00]",[0.34863756 0.31756541 0.44558209 0.77245289],8.208254545454508,,,0.0050275325775146484
141,"[ 2.0223     99.9445     71.71518586 92.86399596 83.         48.1395
 13.4859     44.3932      0.        ]",[0.76808209 0.90756556 0.75118774 0.53693948],37.49861818181819,,,0.005026102066040039
142,"[29.2503      0.          0.          6.08849091 91.         98.0595
 46.2143     66.1854      0.        ]",[3.70364321e-03 6.17132486e-04 1.67871509e-02 9.96371716e-01],323.16180909090906,,,0.018102407455444336
143,"[ 2.0223     99.9445     99.9966     98.92005657 55.         44.0249
 73.8319     96.9864      0.        ]",[0.1252764  0.71925443 0.44235063 0.44426803],3.161143434343444,,,0.007109642028808594
144,"[3.30000000e-03 9.99445000e+01 7.17151859e+01 9.79107131e+01
 1.90000000e+01 7.67560000e+00 7.18034000e+01 4.57050000e+01
 1.00000000e+00]",[0.94750662 0.77313407 0.99298358 0.94551766],30.432901010101034,,,0.007978677749633789
145,"[ 2.0223     99.9445     94.94634747 82.77056162 35.         28.1915
 82.9706     69.6771      0.        ]",[0.84577119 0.85354116 0.79674405 0.48887807],24.360890909090926,,,0.008043050765991211
146,"[ 2.0223     99.9445     71.71518586 98.92005657 77.         54.8816
 52.3162     80.4192      1.        ]",[0.94781521 0.79672185 0.99902248 0.95235161],31.442557575757633,,,0.007086277008056641
147,"[3.30000000e-03 9.99445000e+01 9.89865495e+01 9.28639960e+01
 0.00000000e+00 9.80780000e+00 3.04102000e+01 6.53027000e+01
 0.00000000e+00]",[0.36720031 0.590269   0.54687667 0.68010817],8.208254545454508,,,0.006112813949584961
148,"[29.2788     99.9445     94.94634747 98.92005657 54.          2.7097
  5.1153     51.2223      0.        ]",[0.22471135 0.85500371 0.9493075  0.46252291],35.46789595959592,,,0.0260922908782959
149,"[ 2.0223     99.9445     71.71518586 92.86399596 96.         50.0441
 25.644      96.4873      1.        ]",[0.29284678 0.32507038 0.99855727 0.96952848],37.49861818181819,,,0.0049517154693603516
150,"[ 2.0223     99.9445     71.71518586 92.86399596 42.         94.7411
 57.267      36.0156      1.        ]",[0.1674873  0.26040881 0.90467209 0.75842676],37.49861818181819,,,0.006292819976806641
151,"[ 2.0223     99.9445     96.96644848 96.9013697  58.         45.1288
 98.6257     47.7497      1.        ]",[0.95593931 0.69603291 0.03127455 0.5851507 ],8.20998181818186,,,0.008938074111938477
152,"[ 2.0223     99.9445     71.71518586 97.91071313 73.         74.7184
 87.3397     90.9976      1.        ]",[0.78233832 0.68449173 0.98795319 0.93915605],32.45190101010104,,,0.006460428237915039
153,"[18.1743     99.9445     94.94634747 97.91071313 99.         27.5651
 87.3859     92.3733      0.        ]",[0.29986343 0.61347435 0.58746803 0.36886641],25.372739393939412,,,0.008956670761108398
154,"[26.2503     99.9445     94.94634747 92.86399596 20.         88.5248
 86.0908     78.1288      0.        ]",[0.16087649 0.46769209 0.73423731 0.49163895],38.495456565656525,,,0.006004810333251953
155,"[ 8.0793     99.9445     94.94634747 97.91071313 60.         10.5384
 89.7113     32.9263      1.        ]",[0.95910945 0.67483211 0.96646345 0.82702081],15.277739393939385,,,0.010138750076293945
156,"[ 2.0223     99.9445     71.71518586 98.92005657 94.          6.1625
 50.7794     93.8735      1.        ]",[0.49038515 0.54060192 0.99863487 0.95235161],31.442557575757633,,,0.007950782775878906
157,"[19.1838     99.9445     99.9966     98.92005657 75.         50.872
  6.8733     95.8114      1.        ]",[0.24605401 0.44018281 0.99882919 0.95718447],20.32264343434349,,,0.0061855316162109375
158,"[14.1363     99.9445     94.94634747 98.92005657 27.         81.0305
  0.7582     71.6718      1.        ]",[0.28319789 0.37252623 0.99849653 0.96881757],20.325395959595994,,,0.0052111148834228516
159,"[ 2.0223     64.63487374 71.71518586 96.9013697  91.         63.9698
 22.6999      8.9637      1.        ]",[0.93993477 0.65234805 0.992823   0.74377753],68.77087070707069,,,0.009952306747436523
160,"[ 2.0223     99.9445     71.71518586 92.86399596 77.         23.6414
 12.7259     31.6877      0.        ]",[0.77647062 0.90659069 0.63979673 0.50955738],37.49861818181819,,,0.006110191345214844
161,"[ 2.0223     99.9445     71.71518586 98.92005657 21.         74.0766
 70.3393     31.4294      1.        ]",[0.92868215 0.5324879  0.99707448 0.95767004],31.442557575757633,,,0.006035566329956055
162,"[ 2.0223     99.9445     71.71518586 98.92005657 97.         62.4634
 24.0697     72.7429      0.        ]",[0.80412593 0.91422017 0.6765064  0.49529964],31.442557575757633,,,0.007108926773071289
163,"[19.1838     99.9445     71.71518586 98.92005657 41.         90.9098
 35.8665     49.6486      0.        ]",[0.15760544 0.51339257 0.4609116  0.24847313],48.604057575757565,,,0.007189273834228516
164,"[ 2.0223     99.9445     98.98654949 98.92005657 58.         43.3972
  5.8824     55.0757      1.        ]",[0.86513113 0.8464211  0.99866748 0.95718447],4.171193939393902,,,0.0051746368408203125
165,"[ 2.0223     99.9445     71.71518586 92.86399596 50.         55.9259
 56.3454     29.0913      1.        ]",[0.94781521 0.76431182 0.99883908 0.95255062],37.49861818181819,,,0.0059795379638671875
166,"[ 2.0223     99.9445     98.98654949 97.91071313 82.         18.5082
 98.4952     13.8194      1.        ]",[0.95910945 0.78836515 0.01039919 0.69617099],5.180537373737366,,,0.00810861587524414
167,"[ 2.0223     99.9445     71.71518586 98.92005657 15.         71.6937
 50.3635     25.1123      1.        ]",[0.92868215 0.76374658 0.98316205 0.95153217],31.442557575757633,,,0.0061016082763671875
168,"[ 2.0223     99.9445     98.98654949 97.91071313  4.         97.7307
 16.61       37.8601      0.        ]",[0.07431082 0.74361921 0.04181281 0.05034899],5.180537373737366,,,0.00511932373046875
169,"[ 2.0223     99.9445     71.71518586 97.91071313 95.         11.382
 27.8128     55.1094      1.        ]",[0.95766564 0.86064754 0.99436367 0.95718447],32.45190101010104,,,0.016097545623779297
170,"[ 2.0223     99.9445     98.98654949 98.92005657 75.         84.1691
  6.1891     23.6085      1.        ]",[0.65588979 0.83646875 0.98939639 0.96119432],4.171193939393902,,,0.006994724273681641
171,"[ 2.0223     99.9445     71.71518586 92.86399596 39.         71.8034
 71.6495     65.163       1.        ]",[0.93837955 0.69715703 0.99882263 0.97301499],37.49861818181819,,,0.0061032772064208984
172,"[ 2.0223     99.9445     98.98654949 98.92005657  1.         61.2576
 35.7121     49.353       0.        ]",[0.33618685 0.87173713 0.0614672  0.14480601],4.171193939393902,,,0.007259368896484375
173,"[ 2.0223     99.9445     84.84584242 92.86399596 74.         61.4888
 28.583      84.1058      0.        ]",[0.55981998 0.87762512 0.69989872 0.53693948],24.367961616161608,,,0.005111217498779297
174,"[ 2.0223     99.9445     84.84584242 98.92005657 21.         56.5267
 16.9496      7.3003      1.        ]",[0.90773993 0.24926108 0.94163585 0.72394522],18.311901010100996,,,0.005120754241943359
175,"[ 2.0223     99.9445     94.94634747 97.91071313 17.         79.5495
 98.3606     63.3724      0.        ]",[0.60017048 0.87406216 0.02427705 0.09445785],9.220739393939425,,,0.006056785583496094
176,"[ 2.0223     99.9445     71.71518586 92.86399596 68.         78.8885
 77.2869     84.9975      1.        ]",[0.85751938 0.73290858 0.99894625 0.97119272],37.49861818181819,,,0.004954814910888672
177,"[26.2503     99.9445     94.94634747 98.92005657 96.          5.5162
 72.8101     42.2677      0.        ]",[0.80174013 0.78963791 0.32129985 0.46734357],32.43939595959591,,,0.006268739700317383
178,"[ 2.0223     99.9445     71.71518586 92.86399596 54.         50.4773
 33.2857     42.0122      1.        ]",[0.95438889 0.81644176 0.99735153 0.9666562 ],37.49861818181819,,,0.009087562561035156
179,"[3.30000000e-03 9.99445000e+01 7.17151859e+01 9.89200566e+01
 1.30000000e+01 4.59265000e+01 8.42837000e+01 4.96331000e+01
 1.00000000e+00]",[0.9385272  0.64761818 0.99208599 0.94551766],29.423557575757627,,,0.007296562194824219
180,"[ 2.0223     99.9445     71.71518586 98.92005657 47.          3.7529
 89.1994     41.9526      1.        ]",[0.95621048 0.80939355 0.97868925 0.85173627],31.442557575757633,,,0.012116193771362305
181,"[3.30000000e-03 9.99445000e+01 9.89865495e+01 9.89200566e+01
 3.10000000e+01 7.43307000e+01 8.35686000e+01 6.54059000e+01
 1.00000000e+00]",[0.94044021 0.4454048  0.99799818 0.96008668],2.1521939393938965,,,0.007074117660522461
182,"[ 2.0223     99.9445     71.71518586 98.92005657 97.         90.9741
 34.4592     46.5065      1.        ]",[0.28499925 0.45077688 0.91971022 0.85804963],31.442557575757633,,,0.0060079097747802734
183,"[ 2.0223     99.9445     98.98654949 81.76121818 16.         12.4911
 31.9257     11.6595      0.        ]",[0.83600682 0.51782573 0.50812006 0.5244987 ],21.33003232323233,,,0.01224660873413086
184,"[ 2.0223     99.9445     99.9966     97.91071313  6.          5.2396
 15.4556     98.5748      1.        ]",[0.13369396 0.39558087 0.3827976  0.94450569],4.170486868686851,,,0.007131814956665039
185,"[17.1648     99.9445     71.71518586 98.92005657 73.         27.8828
 64.9053     92.252       0.        ]",[0.27284251 0.76202692 0.61973619 0.44426803],46.58505757575756,,,0.012087821960449219
186,"[ 2.0223     99.9445     99.9966     98.92005657 11.         93.6016
 72.1141     90.6143      1.        ]",[0.07201491 0.45516781 0.77106106 0.78408768],3.161143434343444,,,0.008122682571411133
187,"[ 2.0223     99.9445     71.71518586 92.86399596 37.         79.4574
 36.9391     31.4944      1.        ]",[0.90995923 0.61743459 0.99768543 0.97400613],37.49861818181819,,,0.0061266422271728516
188,"[ 2.0223     99.9445     90.90614545 98.92005657 35.         29.7963
 14.3811     15.2677      1.        ]",[0.93774612 0.68906492 0.99735862 0.95450923],12.25159797979802,,,0.005137205123901367
189,"[ 2.0223     99.9445     71.71518586 92.86399596 55.         71.4179
 45.8824     61.5572      1.        ]",[0.93837955 0.80098948 0.99911398 0.97119272],37.49861818181819,,,0.0050754547119140625
190,"[14.1363     99.9445     94.94634747 98.92005657 16.         15.4075
 31.4636     95.7506      0.        ]",[0.09721511 0.42290512 0.89160788 0.56617834],20.325395959595994,,,0.005186796188354492
191,"[ 2.0223     99.9445     71.71518586 92.86399596 55.         65.7431
 56.3092     73.8665      0.        ]",[0.76281223 0.89846082 0.58571571 0.50900345],37.49861818181819,,,0.0060312747955322266
192,"[14.1363     99.9445     71.71518586 98.92005657 30.         88.6271
 44.7157     68.1378      0.        ]",[0.19762719 0.67977271 0.56320292 0.55057069],43.55655757575755,,,0.007032155990600586
193,"[ 2.0223     99.9445     38.38351919 96.9013697   1.         59.7918
 52.5619     42.1751      1.        ]",[0.18565697 0.29282913 0.67544544 0.59949512],66.79291111111115,,,0.009960174560546875
194,"[ 2.0223     99.9445     71.71518586 98.92005657 68.         82.0436
  5.4709      9.0199      0.        ]",[0.36810181 0.53706072 0.47466245 0.42447389],31.442557575757633,,,0.007185459136962891
195,"[29.2788     99.9445     98.98654949 92.86399596 28.         96.2787
 47.7294     82.9512      1.        ]",[0.16289214 0.11431843 0.31525958 0.74639765],37.48375454545453,,,0.012176036834716797
196,"[3.30000000e-03 9.99445000e+01 9.89865495e+01 9.89200566e+01
 8.00000000e+00 3.87072000e+01 1.16727000e+01 8.09389000e+01
 1.00000000e+00]",[0.91752642 0.64061421 0.98727769 0.94450569],2.1521939393938965,,,0.006073474884033203
197,"[ 2.0223     99.9445     96.96644848 97.91071313 38.         54.8186
 99.9532     44.6649      0.        ]",[0.82401264 0.84630632 0.00251162 0.11474469],7.200638383838395,,,0.008051156997680664
198,"[ 2.0223     99.9445     71.71518586 98.92005657 49.          3.959
 39.4062     74.6506      1.        ]",[0.95766564 0.84769695 0.99928087 0.96053468],31.442557575757633,,,0.014011859893798828
199,"[ 2.0223     99.9445     71.71518586 92.86399596 99.         49.758
 79.6133      1.2491      1.        ]",[0.95282665 0.41171513 0.24739131 0.65227756],37.49861818181819,,,0.005957126617431641
