,custom_adaptation,custom_confidence,custom_score,score_diff,score_improvement[%],custom_time,speed-up
0,"[1.00000000e+00 5.00000000e+00 0.00000000e+00 2.00000000e+00
 1.60000000e+01 3.88254744e+04 2.30000000e+01]","[0.5976299  0.16       0.76       0.04       0.2        0.08
 0.12       0.04       0.03       0.1        0.02       0.20008828]",294.0,28.196520617920328,0.10608032928488942,0.9868297576904297,32.89684551869698
1,"[0.00000000e+00 5.00000000e+00 0.00000000e+00 4.00000000e+00
 1.60000000e+01 3.55498926e+04 9.80000000e+01]","[5.79397559e-01 5.40000000e-01 9.80000000e-01 3.30000000e-01
 2.00000000e-01 1.60000000e-01 4.10000000e-01 2.20000000e-01
 1.00000000e-01 1.10000000e-01 1.50000000e-01 7.93169602e-04]",291.0,7.1292234102730845,0.025114326652147138,0.8804605007171631,33.751900596790776
2,"[0.00000000e+00 4.54310323e+01 0.00000000e+00 1.00000000e+00
 1.60000000e+01 2.35168940e+03 9.70000000e+01]","[0.00261439 0.42       0.91       0.04       0.46       0.34
 0.07       0.04       0.07       0.11       0.07       0.01045483]",253.56896767676767,-6.3333588855467156,-0.02436822697709951,0.8811769485473633,35.131813587075925
3,"[0.0000000e+00 5.0000000e+00 0.0000000e+00 2.0000000e+00 1.7000000e+01
 7.0390514e+03 8.9000000e+01]","[0.05113708 0.28       0.99       0.16       0.19       0.13
 0.15       0.06       0.06       0.17       0.12       0.11250328]",293.0,4.789017277624168,0.01661635941971466,0.9812710285186768,35.543904402333574
4,"[1.00000000e+00 3.86183808e+01 0.00000000e+00 3.00000000e+00
 1.70000000e+01 2.98735991e+04 1.80000000e+01]","[0.0142708  0.63       0.96       0.         0.56       0.18
 0.01       0.07       0.03       0.02       0.04       0.01238544]",259.3816191919192,-32.56059064798325,-0.11153094533962417,1.216266393661499,24.644320735266128
5,"[0.00000000e+00 3.58933202e+01 0.00000000e+00 2.00000000e+00
 1.50000000e+01 2.30369433e+04 6.60000000e+01]","[0.03098251 0.15       0.98       0.02       0.15       0.1
 0.02       0.06       0.03       0.04       0.05       0.23645526]",262.10667979797984,-2.236946352760981,-0.00846226703225056,0.8774759769439697,37.99860721698532
6,"[0.00000000e+00 8.64271414e+00 1.00000000e+00 4.00000000e+00
 2.20000000e+01 2.78267190e+04 9.90000000e+01]","[3.15271109e-01 1.40000000e-01 8.40000000e-01 1.00000000e-02
 1.10000000e-01 7.00000000e-02 3.00000000e-02 1.00000000e-02
 2.00000000e-02 1.00000000e-02 5.00000000e-02 4.09742846e-04]",286.35728585858584,14.877941114437931,0.05480321579698613,0.8999943733215332,41.826461978621666
7,"[1.00000000e+00 2.55433000e+01 1.00000000e+00 4.00000000e+00
 9.00000000e+00 1.87484807e+04 8.50000000e+01]","[2.15767694e-04 1.20000000e-01 1.00000000e+00 2.00000000e-02
 1.60000000e-01 1.00000000e-01 4.00000000e-02 4.00000000e-02
 3.00000000e-02 0.00000000e+00 2.00000000e-02 9.15216457e-04]",270.4567,-19.26945352489099,-0.06650919597852428,1.383086919784546,22.89586761929273
8,"[0.00000000e+00 5.00000000e+00 0.00000000e+00 2.00000000e+00
 1.10000000e+01 1.84230003e+04 6.50000000e+01]","[0.09846642 0.22       0.98       0.04       0.14       0.06
 0.02       0.         0.01       0.01       0.01       0.04006665]",293.0,27.319713577025937,0.10282928381645831,0.8977210521697998,34.43417854814272
9,"[0.0000000e+00 5.0000000e+00 1.0000000e+00 1.0000000e+00 7.0000000e+00
 1.7034454e+04 5.1000000e+01]","[0.31685966 0.06       1.         0.01       0.14       0.06
 0.01       0.         0.01       0.         0.         0.00163491]",293.0,29.120407242654153,0.11035490444095171,1.0811455249786377,28.73288915381177
10,"[0.00000000e+00 3.08973758e+01 1.00000000e+00 2.00000000e+00
 1.40000000e+01 8.23374700e+03 5.30000000e+01]","[1.56345610e-02 1.90000000e-01 8.70000000e-01 0.00000000e+00
 9.00000000e-02 2.10000000e-01 1.00000000e-02 4.00000000e-02
 2.00000000e-02 2.00000000e-02 1.00000000e-02 9.59113459e-05]",266.1026242424242,-5.491083850091115,-0.02021800832079895,0.8806071281433105,38.87233906605435
11,"[1.00000000e+00 5.91765354e+00 0.00000000e+00 1.00000000e+00
 5.00000000e+00 8.68366880e+03 1.50000000e+01]","[0.21605392 0.27       0.99       0.01       0.36       0.35
 0.         0.         0.01       0.         0.         0.44247246]",294.08234646464643,29.893053447949114,0.11315013226542761,0.7167572975158691,43.954540102145565
12,"[0.00000000e+00 1.86346030e+01 0.00000000e+00 2.00000000e+00
 2.20000000e+01 1.99044932e+04 8.40000000e+01]","[0.06178376 0.28       0.95       0.06       0.1        0.21
 0.11       0.21       0.13       0.15       0.08       0.01612682]",279.365396969697,20.95348882635483,0.08108561628178466,0.9086909294128418,33.55579291826519
13,"[1.00000000e+00 5.00000000e+00 0.00000000e+00 3.00000000e+00
 1.50000000e+01 2.90574414e+04 2.10000000e+01]","[0.52397192 0.24       0.92       0.         0.23       0.15
 0.04       0.05       0.03       0.03       0.07       0.85203499]",293.0,0.9231038805607454,0.003160482368941841,0.892059326171875,32.81482522835346
14,"[1.00000000e+00 5.00000000e+00 1.00000000e+00 1.00000000e+00
 8.00000000e+00 1.51562272e+04 9.00000000e+01]","[0.09396052 0.09       1.         0.21       0.14       0.12
 0.21       0.22       0.07       0.18       0.2        0.10089713]",294.0,16.657424031164737,0.060060825399690945,1.3955152034759521,21.609804526230455
15,"[0.00000000e+00 7.28018384e+00 1.00000000e+00 3.00000000e+00
 3.00000000e+00 2.56509237e+04 9.40000000e+01]","[0.01729416 0.16       0.95       0.         0.37       0.18
 0.01       0.01       0.01       0.01       0.         0.00725238]",288.71981616161617,21.675537344259226,0.08116832699151011,0.8830907344818115,43.621886466640625
16,"[1.00000000e+00 5.91765354e+00 0.00000000e+00 1.00000000e+00
 3.00000000e+00 1.45764441e+04 2.00000000e+00]","[0.10030331 0.24       0.93       0.01       0.19       0.13
 0.03       0.         0.02       0.05       0.01       0.01964169]",294.08234646464643,20.50400703205952,0.07494747966738047,0.7616157531738281,41.45187024487486
17,"[1.00000000e+00 2.59014313e+01 0.00000000e+00 2.00000000e+00
 1.50000000e+01 1.62834123e+04 1.70000000e+01]","[0.56504202 0.25       0.83       0.03       0.27       0.25
 0.03       0.05       0.01       0.04       0.09       0.94342101]",273.0985686868687,8.112216168145892,0.030613713087630494,1.2009520530700684,26.8874283871977
18,"[0.00000000e+00 2.20888000e+01 0.00000000e+00 4.00000000e+00
 1.90000000e+01 3.01922165e+04 7.40000000e+01]","[0.00997388 0.46       1.         0.         0.46       0.34
 0.02       0.         0.01       0.01       0.         0.09993346]",273.9112,26.91223542646614,0.10895687547894202,0.9599630832672119,31.105626472632842
19,"[0.00000000e+00 2.04513101e+01 0.00000000e+00 3.00000000e+00
 7.00000000e+00 2.47844542e+04 7.00000000e+01]","[0.00141328 0.22       0.92       0.         0.55       0.58
 0.         0.05       0.06       0.03       0.04       0.04859127]",276.5486898989899,12.29284553822697,0.0465187272128776,0.9998164176940918,29.99376993247223
20,"[1.0000000e+00 5.0000000e+00 0.0000000e+00 3.0000000e+00 1.4000000e+01
 4.3511704e+03 6.0000000e+00]","[0.89044398 0.12       0.94       0.01       0.1        0.07
 0.03       0.03       0.04       0.1        0.13       0.18907997]",293.0,25.663080855882185,0.09599527419573335,0.9499001502990723,33.71764332345256
21,"[0.0000000e+00 7.9746000e+00 0.0000000e+00 1.0000000e+00 1.4000000e+01
 9.3630881e+03 5.5000000e+01]","[0.19427927 0.01       1.         0.01       0.03       0.38
 0.         0.02       0.02       0.         0.         0.72582239]",291.0254,30.718471989180557,0.11800866086784971,0.962029218673706,31.346418860963812
22,"[1.00000000e+00 5.00000000e+00 0.00000000e+00 3.00000000e+00
 1.00000000e+01 1.52932738e+04 3.00000000e+01]","[0.54881871 0.28       0.89       0.02       0.2        0.12
 0.01       0.02       0.02       0.         0.06       0.79358518]",293.0,28.28264683999805,0.106840924867148,0.9329097270965576,34.418002779008035
23,"[0.00000000e+00 3.08973758e+01 0.00000000e+00 2.00000000e+00
 1.40000000e+01 8.19918920e+03 5.00000000e+00]","[0.41412708 0.04       0.99       0.12       0.07       0.26
 0.11       0.24       0.29       0.17       0.26       0.00219818]",267.1026242424242,3.710771430081877,0.014088406267925358,0.8331844806671143,36.386988432820765
24,"[0.0000000e+00 1.8634603e+01 0.0000000e+00 4.0000000e+00 1.2000000e+01
 1.0971107e+04 9.0000000e+01]","[0.28826496 0.54       1.         0.14       0.4        0.4
 0.16       0.1        0.14       0.08       0.11       0.04619961]",277.365396969697,-7.317022248265289,-0.025702402938564094,0.9930567741394043,33.0819918553379
25,"[0.00000000e+00 1.18445000e+01 0.00000000e+00 4.00000000e+00
 1.90000000e+01 2.82257199e+04 9.20000000e+01]","[0.06919429 0.46       1.         0.58       0.53       0.3
 0.47       0.04       0.02       0.1        0.06       0.05589729]",284.1555,12.394621197922277,0.04560855577358221,0.9808082580566406,35.798896302404
26,"[0.00000000e+00 4.63393859e+01 0.00000000e+00 1.00000000e+00
 1.80000000e+01 3.32605292e+04 9.80000000e+01]","[0.40930814 0.18       0.96       0.01       0.24       0.12
 0.04       0.05       0.14       0.1        0.17       0.0054063 ]",252.66061414141416,-5.452203880728632,-0.021123336386420385,0.9778430461883545,32.65026499675353
27,"[0.00000000e+00 4.54310323e+01 0.00000000e+00 2.00000000e+00
 1.20000000e+01 3.17710960e+03 8.00000000e+01]","[0.00372014 0.18       0.97       0.1        0.39       0.31
 0.15       0.07       0.13       0.24       0.09       0.01008693]",252.56896767676767,-40.1815328968828,-0.13725521499757057,0.9569699764251709,37.15591021328046
28,"[0.00000000e+00 1.59095424e+01 0.00000000e+00 2.00000000e+00
 1.00000000e+00 2.02636572e+04 6.50000000e+01]","[0.03304121 0.18       0.97       0.         0.11       0.2
 0.         0.02       0.01       0.         0.         0.02766287]",282.09045757575757,20.030939864953382,0.07643660508853767,0.8877353668212891,34.301150121715665
29,"[0.00000000e+00 3.54391434e+01 0.00000000e+00 4.00000000e+00
 1.30000000e+01 3.19738124e+04 7.30000000e+01]","[0.01263321 0.49       0.98       0.         0.62       0.44
 0.         0.04       0.02       0.         0.04       0.00440908]",260.56085656565654,-25.46824540389167,-0.08904074875081461,1.003530502319336,29.270303094809545
30,"[0.00000000e+00 1.35480000e+01 0.00000000e+00 1.00000000e+00
 1.20000000e+01 2.55435274e+04 7.80000000e+01]","[0.12069873 0.05       0.99       0.06       0.08       0.05
 0.01       0.03       0.07       0.05       0.04       0.18316835]",285.452,19.527171139606253,0.07343116933942902,0.91440749168396,42.986657638262216
31,"[1.00000000e+00 5.00000000e+00 0.00000000e+00 3.00000000e+00
 1.30000000e+01 2.17827031e+04 5.70000000e+01]","[0.50490868 0.43       0.93       0.22       0.26       0.08
 0.16       0.23       0.26       0.12       0.19       0.39921412]",293.0,28.568956928379748,0.10803934589722865,0.9802639484405518,36.073142933583036
32,"[0.0000000e+00 4.0938300e+01 0.0000000e+00 3.0000000e+00 2.2000000e+01
 6.5038995e+03 6.5000000e+01]","[0.00338243 0.14       1.         0.05       0.16       0.28
 0.05       0.1        0.06       0.09       0.13       0.01312816]",256.0617,-0.9094900355171944,-0.0035392684891698933,0.9499309062957764,31.309196423260403
33,"[1.0000000e+00 5.0000000e+00 0.0000000e+00 1.0000000e+00 6.0000000e+00
 4.1888309e+03 8.3000000e+01]","[0.26368234 0.31       0.87       0.03       0.35       0.52
 0.16       0.         0.07       0.17       0.04       0.07707918]",295.0,17.459160499768245,0.06290663576289163,0.9476618766784668,32.97183417857885
34,"[0.00000000e+00 2.17079000e+01 0.00000000e+00 4.00000000e+00
 9.00000000e+00 1.32391342e+04 8.10000000e+01]","[0.00344941 0.2        1.         0.01       0.44       0.32
 0.03       0.05       0.13       0.04       0.04       0.02087485]",274.2921,-16.12342256316788,-0.05551845996682527,1.1366143226623535,26.54851020681282
35,"[1.00000000e+00 5.00000000e+00 0.00000000e+00 3.00000000e+00
 1.60000000e+01 1.20623055e+04 4.50000000e+01]","[0.03168169 0.3        0.93       0.03       0.17       0.16
 0.03       0.06       0.06       0.03       0.07       0.30653197]",293.0,44.40062905601576,0.17860314323168722,0.9323179721832275,34.40291144824412
36,"[0.00000000e+00 5.00000000e+00 0.00000000e+00 1.00000000e+00
 2.10000000e+01 3.85276722e+04 9.40000000e+01]","[0.36669263 0.07       0.87       0.1        0.16       0.11
 0.09       0.03       0.04       0.03       0.04       0.00157794]",294.0,35.07747455413403,0.13547478920086398,0.936363935470581,33.23332081443298
37,"[0.00000000e+00 4.08892646e+01 0.00000000e+00 1.00000000e+00
 2.00000000e+01 1.65791214e+04 8.40000000e+01]","[0.04431232 0.16       0.99       0.04       0.1        0.18
 0.09       0.05       0.17       0.12       0.06       0.0286822 ]",258.11073535353535,2.8550075386321225,0.01118489117980698,0.9032411575317383,35.14707158672054
38,"[1.00000000e+00 3.45307899e+01 1.00000000e+00 2.00000000e+00
 1.00000000e+00 9.04415390e+03 4.60000000e+01]","[1.15633193e-04 3.00000000e-01 1.00000000e+00 0.00000000e+00
 5.00000000e-01 6.30000000e-01 0.00000000e+00 1.00000000e-02
 0.00000000e+00 2.00000000e-02 0.00000000e+00 8.35848623e-05]",263.4692101010101,-8.195359018187673,-0.030167198633075373,1.4087038040161133,21.113070217779985
39,"[1.00000000e+00 3.55807000e+01 1.00000000e+00 2.00000000e+00
 1.30000000e+01 2.42330751e+04 6.20000000e+01]","[4.18225565e-04 2.20000000e-01 9.90000000e-01 0.00000000e+00
 1.80000000e-01 9.00000000e-02 0.00000000e+00 1.00000000e-02
 2.00000000e-02 0.00000000e+00 0.00000000e+00 3.36128258e-04]",262.4193,-5.100640115728027,-0.019066392260410608,1.5423495769500732,19.98678236158046
40,"[1.00000000e+00 5.00000000e+00 0.00000000e+00 2.00000000e+00
 1.50000000e+01 1.18567558e+04 5.40000000e+01]","[0.06973778 0.29       0.74       0.16       0.31       0.16
 0.11       0.14       0.21       0.06       0.15       0.40007001]",294.0,45.662687614156994,0.18387364820639854,1.5986762046813965,19.555185170492624
41,"[0.00000000e+00 3.60726000e+01 0.00000000e+00 2.00000000e+00
 1.40000000e+01 3.65368798e+04 9.00000000e+01]","[0.0227927  0.14       0.97       0.1        0.24       0.25
 0.08       0.17       0.17       0.26       0.11       0.12374318]",261.92740000000003,-4.47943997039016,-0.016814282887361406,0.9529740810394287,33.41404751438744
42,"[1.00000000e+00 5.91765354e+00 0.00000000e+00 3.00000000e+00
 6.00000000e+00 1.21996090e+03 2.60000000e+01]","[0.88829327 0.26       0.94       0.         0.23       0.12
 0.03       0.05       0.06       0.05       0.07       0.80613601]",292.08234646464643,28.07145750651216,0.10632689286904227,0.7459259033203125,41.77141409685998
43,"[0.00000000e+00 4.56320000e+01 0.00000000e+00 2.00000000e+00
 1.90000000e+01 2.22830447e+04 8.10000000e+01]","[0.19798584 0.19       0.96       0.29       0.27       0.17
 0.28       0.62       0.72       0.6        0.37       0.29278529]",252.368,-6.454843960488347,-0.024939235894779588,0.9408586025238037,36.57699885486134
44,"[0.00000000e+00 5.00000000e+00 1.00000000e+00 4.00000000e+00
 0.00000000e+00 1.90947234e+04 6.10000000e+01]","[0.57533014 0.08       0.96       0.01       0.15       0.44
 0.01       0.         0.03       0.01       0.         0.00143912]",290.0,17.850414992395258,0.06559045457260741,1.1440658569335938,28.64332007935714
45,"[0.00000000e+00 5.00000000e+00 0.00000000e+00 4.00000000e+00
 6.00000000e+00 2.39601797e+04 6.10000000e+01]","[0.05895979 0.28       0.96       0.09       0.26       0.41
 0.         0.05       0.04       0.04       0.03       0.04115165]",291.0,6.410686246001433,0.022526096153922648,0.9824223518371582,36.89810143140113
46,"[0.00000000e+00 4.57637000e+01 0.00000000e+00 4.00000000e+00
 9.00000000e+00 3.73716708e+04 3.90000000e+01]","[0.00453115 0.23       1.         0.         0.31       0.19
 0.         0.         0.         0.         0.         0.0019349 ]",250.2363,-24.177670635997202,-0.0881065587876655,0.9425926208496094,34.766635555150856
47,"[1.00000000e+00 5.91765354e+00 0.00000000e+00 3.00000000e+00
 3.00000000e+00 2.51151965e+04 2.00000000e+00]","[0.60321093 0.19       0.95       0.03       0.27       0.28
 0.05       0.         0.01       0.         0.01       0.25320321]",292.08234646464643,27.168795419506182,0.1025572127674085,0.7417974472045898,52.31588063473942
48,"[0.00000000e+00 1.40928354e+01 0.00000000e+00 2.00000000e+00
 4.00000000e+00 2.15036712e+04 7.30000000e+01]","[0.22219613 0.22       0.97       0.         0.29       0.23
 0.02       0.07       0.03       0.03       0.02       0.03121566]",283.90716464646465,36.041994044329556,0.14540967557794945,0.9524900913238525,32.3035076306003
49,"[0.00000000e+00 6.37183030e+00 1.00000000e+00 3.00000000e+00
 5.00000000e+00 1.67005596e+04 7.60000000e+01]","[0.0021769  0.07       1.         0.02       0.31       0.21
 0.03       0.         0.         0.         0.         0.00800699]",289.6281696969697,20.49068187569725,0.07613462562043607,0.8572890758514404,54.74983918429938
50,"[0.0000000e+00 5.0000000e+00 0.0000000e+00 2.0000000e+00 7.0000000e+00
 6.6126859e+03 1.7000000e+01]","[0.58308262 0.26       0.95       0.08       0.25       0.24
 0.01       0.04       0.09       0.13       0.12       0.29931292]",293.0,20.36509723311906,0.0746973224133831,0.9069902896881104,34.54229214974109
51,"[0.00000000e+00 4.49768556e+01 0.00000000e+00 1.00000000e+00
 1.80000000e+01 2.96170161e+04 3.20000000e+01]","[0.18752353 0.32       0.98       0.         0.27       0.41
 0.         0.02       0.01       0.01       0.         0.00856192]",254.02314444444445,-11.60873763116021,-0.04370235056293472,0.9871447086334229,35.43720644336215
52,"[1.00000000e+00 7.28018384e+00 0.00000000e+00 1.00000000e+00
 1.30000000e+01 2.34652428e+04 4.70000000e+01]","[0.68317598 0.16       0.97       0.01       0.19       0.24
 0.04       0.03       0.04       0.         0.01       0.66138434]",292.71981616161617,28.713006651369483,0.10875858355560737,1.2879524230957031,28.189302459208186
53,"[0.00000000e+00 4.20520000e+01 0.00000000e+00 4.00000000e+00
 8.00000000e+00 2.03877232e+04 5.90000000e+01]","[0.01130084 0.25       0.99       0.01       0.33       0.23
 0.         0.         0.         0.         0.         0.00479303]",253.948,6.910474165137117,0.027973378302681675,1.156104564666748,28.532676476690092
54,"[1.00000000e+00 1.77262495e+01 1.00000000e+00 4.00000000e+00
 4.00000000e+00 9.64686980e+03 2.00000000e+01]","[1.13318099e-04 6.50000000e-01 1.00000000e+00 0.00000000e+00
 4.00000000e-01 4.10000000e-01 0.00000000e+00 0.00000000e+00
 0.00000000e+00 1.00000000e-02 0.00000000e+00 7.38718809e-05]",278.27375050505054,6.791549106681714,0.025016553835571338,1.4256768226623535,22.24916091416959
55,"[1.00000000e+00 4.12632000e+01 1.00000000e+00 2.00000000e+00
 2.00000000e+01 3.77469927e+04 8.80000000e+01]","[1.99420858e-04 4.00000000e-02 9.70000000e-01 1.00000000e-02
 5.00000000e-02 1.20000000e-01 1.00000000e-02 4.00000000e-02
 2.00000000e-02 1.00000000e-02 4.00000000e-02 1.77654481e-04]",256.7368,-9.006319718059046,-0.03389107393491251,1.4747943878173828,20.545903834240583
56,"[1.00000000e+00 3.27140828e+01 0.00000000e+00 2.00000000e+00
 2.00000000e+00 2.15369853e+04 1.20000000e+01]","[0.02941246 0.12       0.98       0.05       0.18       0.18
 0.05       0.01       0.07       0.03       0.01       0.00344047]",266.2859171717172,-6.165370946073381,-0.022629259669375713,1.0797603130340576,42.73534366282956
57,"[0.000000e+00 5.000000e+00 1.000000e+00 4.000000e+00 2.200000e+01
 8.974334e+03 7.000000e+01]","[0.06689208 0.12       0.93       0.06       0.05       0.21
 0.01       0.03       0.         0.03       0.02       0.02123914]",290.0,43.461581312113765,0.1762872559312366,1.3620848655700684,23.008388765408284
58,"[1.00000000e+00 4.95186232e+01 0.00000000e+00 3.00000000e+00
 8.00000000e+00 7.34646720e+03 5.20000000e+01]","[0.03626712 0.12       0.95       0.08       0.16       0.21
 0.08       0.1        0.17       0.11       0.1        0.05157589]",248.48137676767678,-16.573132962972267,-0.06252726271216455,1.7263984680175781,20.079459580391767
59,"[1.00000000e+00 1.22761283e+01 0.00000000e+00 4.00000000e+00
 7.00000000e+00 3.36298106e+04 4.50000000e+01]","[0.00909207 0.26       1.         0.03       0.28       0.43
 0.01       0.04       0.03       0.03       0.02       0.66982114]",284.72387171717173,38.10466215125831,0.15450808644763803,1.2252163887023926,24.84587316814979
60,"[0.00000000e+00 5.91765354e+00 0.00000000e+00 1.00000000e+00
 1.20000000e+01 7.76837620e+03 1.70000000e+01]","[0.82931983 0.01       0.96       0.02       0.06       0.33
 0.02       0.         0.01       0.04       0.05       0.55780268]",293.08234646464643,19.351799478408964,0.07069652872677716,0.7195935249328613,44.87427746526565
61,"[1.00000000e+00 5.91765354e+00 0.00000000e+00 1.00000000e+00
 2.20000000e+01 3.22419697e+04 2.50000000e+01]","[0.11985631 0.25       0.99       0.         0.3        0.24
 0.         0.         0.01       0.01       0.         0.26937416]",294.08234646464643,28.017968995895217,0.10530522448156697,0.7428252696990967,42.901879392162435
62,"[1.00000000e+00 5.00000000e+00 1.00000000e+00 3.00000000e+00
 8.00000000e+00 2.55821567e+04 3.00000000e+00]","[0.25002357 0.11       1.         0.01       0.24       0.19
 0.05       0.         0.04       0.01       0.         0.00870377]",292.0,27.064799402059748,0.10215629837400385,1.3945655822753906,22.247740387114067
63,"[0.00000000e+00 5.00000000e+00 0.00000000e+00 4.00000000e+00
 7.00000000e+00 1.90943162e+04 4.90000000e+01]","[0.08022849 0.3        0.97       0.05       0.21       0.41
 0.         0.02       0.04       0.02       0.03       0.00331924]",291.0,44.077794471494315,0.1785088318693387,1.1618444919586182,26.29718646889914
64,"[0.00000000e+00 1.59095424e+01 0.00000000e+00 2.00000000e+00
 2.20000000e+01 1.36535847e+04 4.60000000e+01]","[9.54796793e-04 3.40000000e-01 9.90000000e-01 1.00000000e-02
 9.00000000e-02 1.80000000e-01 1.00000000e-02 1.00000000e-02
 0.00000000e+00 1.00000000e-02 0.00000000e+00 6.83839549e-04]",282.09045757575757,23.756160299013914,0.09195898705453286,0.9222850799560547,35.528421464068344
65,"[0.00000000e+00 5.00000000e+00 0.00000000e+00 2.00000000e+00
 7.00000000e+00 2.99574692e+04 1.00000000e+02]","[0.04174384 0.27       0.94       0.12       0.31       0.09
 0.06       0.15       0.04       0.04       0.05       0.07743546]",293.0,9.283926487011286,0.032722596122444436,0.9500024318695068,34.77948747163767
66,"[0.00000000e+00 2.09054869e+01 1.00000000e+00 2.00000000e+00
 1.10000000e+01 2.52434665e+04 2.00000000e+01]","[3.21020198e-05 3.00000000e-01 9.50000000e-01 0.00000000e+00
 3.40000000e-01 3.70000000e-01 0.00000000e+00 0.00000000e+00
 0.00000000e+00 0.00000000e+00 0.00000000e+00 2.26466102e-04]",276.09451313131314,9.919277569742405,0.03726596709425251,0.9894070625305176,31.445163395322364
67,"[0.0000000e+00 5.0000000e+00 1.0000000e+00 1.0000000e+00 1.0000000e+00
 3.0016105e+03 6.2000000e+01]","[0.41962028 0.11       0.98       0.04       0.25       0.34
 0.04       0.02       0.02       0.01       0.         0.06016884]",293.0,17.254934575411426,0.06257567854874395,1.1156251430511475,27.44316176601013
68,"[1.00000000e+00 5.46347677e+00 0.00000000e+00 1.00000000e+00
 1.70000000e+01 1.11190831e+04 7.60000000e+01]","[0.02402691 0.27       0.86       0.08       0.3        0.44
 0.05       0.06       0.1        0.03       0.08       0.6460945 ]",294.53652323232325,34.6818004544848,0.13346611554232107,0.6867544651031494,44.16666070696421
69,"[1.00000000e+00 5.91765354e+00 0.00000000e+00 1.00000000e+00
 1.20000000e+01 7.54507660e+03 2.80000000e+01]","[0.15681241 0.34       0.95       0.03       0.43       0.4
 0.         0.04       0.03       0.03       0.04       0.68488902]",294.08234646464643,28.56891198063306,0.10759874367996698,0.8738548755645752,39.03990463855716
70,"[1.00000000e+00 5.00000000e+00 0.00000000e+00 1.00000000e+00
 2.30000000e+01 1.62278198e+04 4.00000000e+01]","[0.02689978 0.23       0.86       0.05       0.4        0.24
 0.01       0.01       0.01       0.         0.         0.11753781]",295.0,31.630109534595476,0.12009766749988572,0.9818844795227051,33.50910419340693
71,"[1.00000000e+00 5.91765354e+00 0.00000000e+00 1.00000000e+00
 5.00000000e+00 3.56914382e+04 1.50000000e+01]","[0.30935544 0.37       0.99       0.03       0.36       0.4
 0.03       0.01       0.01       0.         0.         0.8788994 ]",294.08234646464643,28.717100544939058,0.10821726275952544,0.7459061145782471,43.18009836483721
72,"[1.00000000e+00 1.13584000e+01 0.00000000e+00 3.00000000e+00
 1.80000000e+01 1.52233711e+04 6.00000000e+01]","[0.05564919 0.15       0.93       0.06       0.12       0.24
 0.06       0.12       0.17       0.12       0.13       0.3030622 ]",286.6416,28.980815981499234,0.11247662732959134,1.210773229598999,25.838398724310313
73,"[0.0000000e+00 5.0000000e+00 0.0000000e+00 4.0000000e+00 2.0000000e+00
 5.7860065e+03 6.9000000e+01]","[0.24052364 0.16       0.99       0.07       0.13       0.37
 0.         0.18       0.22       0.1        0.2        0.36492041]",291.0,4.530150964032146,0.015813709468124028,0.8985321521759033,33.874185034323354
74,"[0.00000000e+00 2.59014313e+01 0.00000000e+00 2.00000000e+00
 0.00000000e+00 2.13341483e+04 9.40000000e+01]","[0.20013219 0.24       0.98       0.07       0.21       0.23
 0.09       0.13       0.1        0.11       0.09       0.01585455]",272.0985686868687,-0.6005980384884992,-0.0022024197789110886,0.9265027046203613,34.108329211736184
75,"[1.00000000e+00 2.59014313e+01 0.00000000e+00 3.00000000e+00
 8.00000000e+00 1.92225650e+04 6.20000000e+01]","[0.11407562 0.37       0.84       0.21       0.63       0.54
 0.31       0.34       0.18       0.21       0.12       0.15150885]",272.0985686868687,4.385758438476159,0.01638232565115921,1.2613568305969238,29.136085643096305
76,"[1.000000e+00 5.000000e+00 1.000000e+00 3.000000e+00 5.000000e+00
 9.066948e+03 3.000000e+00]","[0.28686839 0.19       0.99       0.01       0.25       0.19
 0.06       0.02       0.04       0.07       0.09       0.00411501]",292.0,27.116711693102957,0.10237230089685839,1.4006354808807373,23.383673456186887
77,"[1.00000000e+00 5.00000000e+00 1.00000000e+00 1.00000000e+00
 1.00000000e+00 1.61481505e+04 2.00000000e+00]","[0.66140473 0.01       0.96       0.09       0.06       0.12
 0.09       0.02       0.04       0.02       0.01       0.0035443 ]",294.0,20.294528268795602,0.07414732391147108,1.493539571762085,22.13392351875108
78,"[0.00000000e+00 1.36621000e+01 0.00000000e+00 4.00000000e+00
 2.30000000e+01 3.37922853e+04 7.70000000e+01]","[0.01957076 0.12       0.99       0.01       0.07       0.25
 0.01       0.05       0.06       0.01       0.07       0.00153643]",282.3379,18.361978859879002,0.06955929457722125,1.1459479331970215,29.836843544117972
79,"[1.00000000e+00 6.37183030e+00 0.00000000e+00 1.00000000e+00
 5.00000000e+00 2.64146867e+04 2.70000000e+01]","[0.44052935 0.28       0.97       0.05       0.43       0.43
 0.08       0.07       0.03       0.01       0.05       0.76988536]",293.6281696969697,27.889950211431994,0.10495272477337364,1.356504201889038,27.04674958182407
80,"[0.00000000e+00 5.00000000e+00 0.00000000e+00 1.00000000e+00
 8.00000000e+00 2.36015294e+04 7.20000000e+01]","[0.42255813 0.04       0.96       0.01       0.08       0.12
 0.01       0.         0.01       0.01       0.03       0.08837   ]",294.0,19.629362418810103,0.07154323287600889,0.9153544902801514,34.928662573011835
81,"[1.00000000e+00 3.86608000e+01 1.00000000e+00 1.00000000e+00
 3.00000000e+00 2.05054938e+04 8.60000000e+01]","[0.00228878 0.11       1.         0.         0.09       0.02
 0.01       0.05       0.04       0.02       0.02       0.00135535]",260.3392,-24.40258652953463,-0.08570075655897273,1.4388091564178467,22.74003177899925
82,"[1.00000000e+00 6.37183030e+00 0.00000000e+00 1.00000000e+00
 2.00000000e+00 2.62469783e+04 5.90000000e+01]","[0.70293051 0.17       0.97       0.13       0.32       0.3
 0.1        0.14       0.17       0.12       0.18       0.43038392]",293.6281696969697,10.56799966341788,0.03733481705379188,1.1801917552947998,26.946941899762084
83,"[0.00000000e+00 8.21510000e+00 0.00000000e+00 2.00000000e+00
 1.20000000e+01 2.48560699e+04 6.90000000e+01]","[0.01401321 0.54       0.99       0.01       0.53       0.16
 0.01       0.         0.         0.01       0.         0.25946534]",289.7849,39.942309603026104,0.15986989864122816,0.940650463104248,33.89222872153565
84,"[1.00000000e+00 7.28018384e+00 0.00000000e+00 2.00000000e+00
 1.20000000e+01 2.59971404e+04 5.90000000e+01]","[0.41775528 0.18       0.89       0.25       0.1        0.07
 0.23       0.14       0.16       0.07       0.2        0.51646018]",291.71981616161617,-1.6102117277681032,-0.005489420020698731,2.6188571453094482,13.054132618396668
85,"[1.00000000e+00 6.37183030e+00 0.00000000e+00 4.00000000e+00
 1.00000000e+01 1.42993484e+04 2.00000000e+00]","[5.02040744e-01 1.90000000e-01 9.60000000e-01 0.00000000e+00
 7.00000000e-02 1.10000000e-01 0.00000000e+00 0.00000000e+00
 1.00000000e-02 0.00000000e+00 1.00000000e-02 4.36416100e-04]",290.6281696969697,0.9800964912525956,0.0033837493907874212,1.1812539100646973,27.500166312176837
86,"[1.00000000e+00 2.45389010e+01 0.00000000e+00 3.00000000e+00
 1.30000000e+01 1.95391639e+04 7.80000000e+01]","[0.26569349 0.31       0.8        0.38       0.57       0.33
 0.29       0.31       0.23       0.19       0.37       0.18622328]",273.461098989899,11.445126631458606,0.04368102649788678,1.291287899017334,24.290130600618088
87,"[1.00000000e+00 1.78557000e+01 1.00000000e+00 1.00000000e+00
 4.00000000e+00 3.15290509e+04 1.20000000e+01]","[1.04471037e-04 6.00000000e-02 9.70000000e-01 0.00000000e+00
 1.00000000e-01 6.00000000e-02 0.00000000e+00 0.00000000e+00
 0.00000000e+00 0.00000000e+00 1.00000000e-02 5.74037440e-05]",281.1443,15.036554806458184,0.056505513567528844,1.3921644687652588,23.562772973720026
88,"[1.00000000e+00 5.91765354e+00 1.00000000e+00 3.00000000e+00
 1.50000000e+01 3.99524561e+04 9.60000000e+01]","[0.7102499  0.16       0.8        0.03       0.23       0.09
 0.04       0.01       0.03       0.03       0.02       0.04736239]",291.08234646464643,6.206296560943599,0.02178595414757234,0.7617614269256592,41.421424768681895
89,"[1.00000000e+00 1.86346030e+01 0.00000000e+00 2.00000000e+00
 2.10000000e+01 3.81798062e+04 3.50000000e+01]","[0.27672479 0.05       0.96       0.         0.03       0.05
 0.         0.         0.         0.01       0.         0.01056792]",280.365396969697,14.988309345389098,0.0564792894502178,1.1659431457519531,26.706303268497766
90,"[0.00000000e+00 5.00000000e+00 0.00000000e+00 2.00000000e+00
 1.80000000e+01 2.50420185e+04 9.20000000e+01]","[0.11764277 0.43       0.96       0.3        0.5        0.12
 0.3        0.14       0.19       0.22       0.21       0.0080644 ]",293.0,38.89275834490107,0.15305647368244,0.9191460609436035,39.37065707471873
91,"[0.00000000e+00 3.13515525e+01 0.00000000e+00 4.00000000e+00
 1.10000000e+01 3.01223535e+04 8.20000000e+01]","[0.03271525 0.56       0.98       0.02       0.72       0.64
 0.01       0.13       0.06       0.08       0.09       0.03220389]",264.6484474747475,-20.044729852456896,-0.07040818484181315,1.1109890937805176,32.42210417298843
92,"[1.00000000e+00 6.82600707e+00 1.00000000e+00 3.00000000e+00
 1.00000000e+00 1.87691616e+04 5.10000000e+01]","[3.51387658e-03 6.00000000e-02 1.00000000e+00 2.00000000e-02
 5.00000000e-02 3.00000000e-02 2.00000000e-02 0.00000000e+00
 0.00000000e+00 0.00000000e+00 1.00000000e-02 2.60964298e-04]",290.1739929292929,25.2167890329535,0.09517306441239165,1.426042079925537,25.65938647648135
93,"[1.00000000e+00 5.91765354e+00 0.00000000e+00 1.00000000e+00
 2.20000000e+01 1.92577458e+04 1.80000000e+01]","[0.22890525 0.2        0.99       0.01       0.35       0.33
 0.01       0.         0.         0.         0.         0.23209219]",294.08234646464643,29.120384096045427,0.10990401730016891,0.7267858982086182,45.92132395080504
94,"[1.00000000e+00 5.91765354e+00 0.00000000e+00 3.00000000e+00
 2.00000000e+00 4.69027680e+03 4.40000000e+01]","[0.24838859 0.31       1.         0.01       0.24       0.19
 0.04       0.05       0.01       0.04       0.06       0.49811172]",292.08234646464643,29.20946526453986,0.11111631268767033,0.717078447341919,46.58083251181572
95,"[1.00000000e+00 5.00000000e+00 0.00000000e+00 2.00000000e+00
 1.00000000e+00 3.91328428e+04 4.90000000e+01]","[0.6334722  0.25       0.8        0.07       0.13       0.09
 0.1        0.05       0.05       0.07       0.07       0.23764977]",294.0,30.012611135744578,0.11368956397829034,0.9666733741760254,34.159540878061584
96,"[1.00000000e+00 2.45751000e+01 1.00000000e+00 3.00000000e+00
 1.20000000e+01 3.61724221e+04 9.20000000e+01]","[0.06608498 0.32       0.77       0.03       0.32       0.3
 0.02       0.01       0.03       0.02       0.         0.00454316]",272.4249,4.567588006414098,0.017052317789717362,1.4604203701019287,23.901898914479222
97,"[1.00000000e+00 6.37183030e+00 0.00000000e+00 2.00000000e+00
 9.00000000e+00 3.33564997e+04 3.30000000e+01]","[0.40424955 0.18       0.83       0.02       0.15       0.24
 0.04       0.01       0.01       0.02       0.02       0.9670487 ]",292.6281696969697,27.541367107656754,0.1038956554556409,1.2690017223358154,24.573313989327353
98,"[0.00000000e+00 3.54391434e+01 0.00000000e+00 1.00000000e+00
 2.10000000e+01 8.03427930e+03 5.00000000e+01]","[0.01149435 0.05       1.         0.26       0.06       0.22
 0.22       0.07       0.08       0.16       0.2        0.00742262]",263.56085656565654,4.469231094350164,0.01724961617813895,0.8843576908111572,35.59002578677986
99,"[1.00000000e+00 1.20783000e+01 0.00000000e+00 2.00000000e+00
 1.50000000e+01 1.41837522e+04 9.30000000e+01]","[0.74760997 0.47       0.57       0.39       0.45       0.34
 0.45       0.51       0.42       0.63       0.56       0.21433523]",286.9217,30.311913019350754,0.11812453989386054,1.3223223686218262,29.001829173083948
100,"[0.00000000e+00 5.58510000e+00 0.00000000e+00 1.00000000e+00
 4.00000000e+00 3.52824636e+04 9.50000000e+01]","[0.62758458 0.09       0.98       0.16       0.12       0.15
 0.2        0.13       0.11       0.06       0.1        0.03212739]",293.4149,18.122255276232522,0.06582905727254955,0.9044899940490723,35.02055773431046
101,"[1.00000000e+00 5.00000000e+00 0.00000000e+00 2.00000000e+00
 2.10000000e+01 2.37153146e+04 7.10000000e+01]","[0.22520994 0.38       0.94       0.15       0.22       0.14
 0.08       0.03       0.03       0.04       0.04       0.10792318]",294.0,35.922630569988655,0.13919326072381796,1.0109272003173828,31.87802207287691
102,"[0.00000000e+00 2.04014000e+01 0.00000000e+00 2.00000000e+00
 4.00000000e+00 3.06942501e+04 3.50000000e+01]","[0.03421468 0.1        0.9        0.01       0.16       0.13
 0.         0.         0.         0.         0.02       0.45987633]",277.59860000000003,12.147424887180819,0.04576142818737966,0.9502823352813721,32.880718746401264
103,"[0.0000000e+00 1.8634603e+01 0.0000000e+00 3.0000000e+00 2.2000000e+01
 3.0198011e+04 7.1000000e+01]","[0.06288481 0.05       0.98       0.01       0.04       0.45
 0.         0.01       0.01       0.         0.02       0.00325087]",278.365396969697,16.793293086152403,0.06420139165004003,5.35421895980835,6.239674390714933
104,"[1.00000000e+00 1.22761283e+01 0.00000000e+00 4.00000000e+00
 1.10000000e+01 3.71991942e+04 4.10000000e+01]","[0.00662492 0.47       0.99       0.01       0.35       0.42
 0.02       0.01       0.         0.02       0.01       0.02067039]",284.72387171717173,9.764362360354653,0.035512000960415464,1.3431243896484375,23.348476570044195
105,"[0.000000e+00 2.385510e+01 0.000000e+00 4.000000e+00 1.000000e+01
 6.359464e+03 1.800000e+01]","[0.00476921 0.31       1.         0.02       0.29       0.2
 0.01       0.06       0.16       0.12       0.2        0.03698337]",272.1449,6.651348298298217,0.02505276778161231,0.8747687339782715,35.963580178607735
106,"[0.00000000e+00 3.27140828e+01 0.00000000e+00 2.00000000e+00
 1.60000000e+01 5.36544220e+03 3.90000000e+01]","[0.00493241 0.02       0.99       0.37       0.1        0.04
 0.33       0.22       0.18       0.24       0.28       0.00172257]",265.2859171717172,-27.345628229034162,-0.09344730142331385,1.037536859512329,30.149979376089362
107,"[1.0000000e+00 5.0000000e+00 1.0000000e+00 2.0000000e+00 1.7000000e+01
 1.4998646e+04 8.1000000e+01]","[0.06211914 0.32       1.         0.27       0.27       0.11
 0.34       0.22       0.13       0.19       0.22       0.03921152]",293.0,22.478215404845287,0.08309207126695811,1.9800453186035156,19.768938310243385
108,"[0.00000000e+00 6.13410000e+00 0.00000000e+00 3.00000000e+00
 1.00000000e+00 3.81675883e+04 3.70000000e+01]","[0.08455681 0.34       0.88       0.01       0.21       0.29
 0.01       0.         0.         0.         0.03       0.09503803]",290.8659,27.09188141748723,0.10270868057087454,0.9245235919952393,41.39118732517169
109,"[0.00000000e+00 4.58852091e+01 0.00000000e+00 4.00000000e+00
 2.20000000e+01 4.49121220e+03 9.70000000e+01]","[0.08702571 0.49       1.         0.31       0.46       0.38
 0.25       0.27       0.19       0.13       0.2        0.44808275]",250.1147909090909,-20.893314661604904,-0.07709479617817049,1.0154743194580078,33.2866298147449
110,"[1.00000000e+00 1.86346030e+01 0.00000000e+00 2.00000000e+00
 1.30000000e+01 2.26636616e+04 9.30000000e+01]","[0.19294074 0.25       0.91       0.52       0.24       0.15
 0.53       0.52       0.45       0.35       0.49       0.29379639]",280.365396969697,-12.058518703618404,-0.041236431281118986,1.2780630588531494,27.590980275473665
111,"[1.0000000e+00 6.3718303e+00 0.0000000e+00 2.0000000e+00 3.0000000e+00
 3.6654323e+04 5.6000000e+01]","[0.76079696 0.2        0.94       0.18       0.13       0.13
 0.21       0.07       0.12       0.08       0.1        0.13783014]",292.6281696969697,27.063989371443142,0.101911294430854,1.344299077987671,25.442406257520975
112,"[0.00000000e+00 2.44639000e+01 0.00000000e+00 2.00000000e+00
 1.50000000e+01 3.68413849e+04 1.40000000e+01]","[0.00243183 0.17       0.89       0.         0.19       0.23
 0.         0.01       0.         0.02       0.02       0.25743401]",273.53610000000003,-19.545683653925664,-0.06669020302198457,0.9184060096740723,35.92449911398379
113,"[1.00000000e+00 5.00000000e+00 0.00000000e+00 3.00000000e+00
 2.20000000e+01 3.93303617e+04 4.00000000e+00]","[0.89379126 0.19       0.93       0.05       0.18       0.15
 0.08       0.02       0.         0.06       0.04       0.24738553]",293.0,0.8806095131956226,0.0030145534390172623,0.9572374820709229,35.20539509258533
114,"[0.00000000e+00 7.28018384e+00 0.00000000e+00 2.00000000e+00
 0.00000000e+00 3.01488070e+04 5.90000000e+01]","[0.57879359 0.02       0.97       0.         0.08       0.29
 0.01       0.01       0.         0.         0.         0.52666211]",290.71981616161617,5.920483155325826,0.020788262011818198,0.967414379119873,32.27349783001407
115,"[   0.           17.72624949    0.            4.            6.
 1026.8511       41.        ]","[0.01059019 0.42       0.85       0.         0.36       0.74
 0.         0.03       0.06       0.02       0.06       0.00434863]",278.27375050505054,31.375133442431093,0.12707699142143677,1.0552728176116943,30.316678772789352
116,"[0.000000e+00 5.000000e+00 0.000000e+00 3.000000e+00 1.200000e+01
 5.788341e+03 5.200000e+01]","[0.26216027 0.31       0.99       0.03       0.09       0.31
 0.02       0.08       0.06       0.08       0.09       0.66483927]",292.0,30.726115067006617,0.11760117194600858,0.9479255676269531,38.1930210307735
117,"[1.00000000e+00 5.00000000e+00 0.00000000e+00 3.00000000e+00
 1.80000000e+01 2.71580627e+04 2.00000000e+01]","[0.21450855 0.28       0.92       0.04       0.06       0.1
 0.09       0.06       0.03       0.02       0.08       0.35179061]",293.0,0.9825712370728752,0.003364769155167689,1.1105546951293945,32.26153691581201
118,"[1.00000000e+00 5.00000000e+00 0.00000000e+00 3.00000000e+00
 7.00000000e+00 1.54488973e+04 2.10000000e+01]","[0.78207022 0.25       0.95       0.         0.24       0.18
 0.01       0.         0.01       0.         0.02       0.81607217]",293.0,28.093817578818346,0.10605195138160728,1.2566502094268799,31.095135950647087
119,"[1.00000000e+00 1.81804263e+01 0.00000000e+00 2.00000000e+00
 5.00000000e+00 3.06815563e+04 2.60000000e+01]","[0.03060908 0.18       0.9        0.01       0.14       0.19
 0.01       0.         0.         0.01       0.02       0.03830349]",280.81957373737373,14.55423746385128,0.054660654171297625,1.176851749420166,29.61999617509786
120,"[1.00000000e+00 9.62520000e+00 0.00000000e+00 3.00000000e+00
 7.00000000e+00 3.71281577e+04 2.70000000e+01]","[0.04714954 0.18       0.96       0.02       0.17       0.19
 0.08       0.05       0.03       0.03       0.06       0.05029693]",288.3748,24.169233363957858,0.09147889528479285,1.4586267471313477,22.91323886991731
121,"[0.00000000e+00 2.59014313e+01 0.00000000e+00 2.00000000e+00
 8.00000000e+00 1.45884178e+04 1.80000000e+01]","[0.00273178 0.07       0.94       0.02       0.3        0.23
 0.         0.         0.03       0.         0.02       0.33076212]",272.0985686868687,6.231285250519363,0.02343757821564074,0.9626398086547852,35.45506790660996
122,"[1.0000000e+00 5.0000000e+00 0.0000000e+00 2.0000000e+00 1.3000000e+01
 6.4393559e+03 7.1000000e+01]","[0.34169406 0.47       0.67       0.25       0.34       0.37
 0.16       0.27       0.25       0.2        0.29       0.7419368 ]",294.0,0.6909364839612522,0.00235566018887606,1.0136878490447998,36.114209442542595
123,"[1.00000000e+00 1.22761283e+01 0.00000000e+00 1.00000000e+00
 1.00000000e+00 2.65631534e+04 7.40000000e+01]","[0.09119587 0.34       0.98       0.05       0.37       0.47
 0.14       0.31       0.2        0.22       0.23       0.66972119]",287.72387171717173,1.6559831276174464,0.00578877669836416,1.2537128925323486,28.15825395796064
124,"[0.0000000e+00 5.0000000e+00 0.0000000e+00 4.0000000e+00 6.0000000e+00
 7.4353212e+03 5.0000000e+00]","[0.79504192 0.03       0.96       0.05       0.02       0.06
 0.         0.03       0.03       0.03       0.04       0.00217274]",291.0,20.334971372147038,0.07512965925164392,1.0965678691864014,28.735403282950006
125,"[0.00000000e+00 4.04350879e+01 0.00000000e+00 2.00000000e+00
 1.70000000e+01 4.13995160e+03 8.80000000e+01]","[0.02671828 0.11       0.99       0.14       0.14       0.19
 0.27       0.11       0.13       0.3        0.28       0.01099762]",257.56491212121216,-33.10853265573144,-0.1139028461342184,0.9720571041107178,39.6879561296342
126,"[1.00000000e+00 1.86748000e+01 1.00000000e+00 2.00000000e+00
 1.50000000e+01 1.84364495e+04 5.90000000e+01]","[3.28235794e-04 4.50000000e-01 9.90000000e-01 0.00000000e+00
 4.50000000e-01 3.40000000e-01 0.00000000e+00 2.00000000e-02
 0.00000000e+00 1.00000000e-02 0.00000000e+00 1.05441269e-03]",279.3252,13.307715305416764,0.05002571662045244,1.4536151885986328,34.465907942785385
127,"[1.00000000e+00 1.59095424e+01 0.00000000e+00 3.00000000e+00
 3.00000000e+00 9.99708450e+03 6.20000000e+01]","[0.17404746 0.13       0.99       0.05       0.3        0.12
 0.05       0.09       0.09       0.06       0.03       0.04462378]",282.09045757575757,17.1362749829039,0.06467637089253521,1.2628059387207031,29.57734898213795
128,"[0.0000000e+00 4.1251400e+01 0.0000000e+00 4.0000000e+00 6.0000000e+00
 7.1637853e+03 9.0000000e+01]","[0.58759421 0.48       1.         0.05       0.53       0.6
 0.03       0.08       0.21       0.18       0.08       0.01140739]",254.7486,-29.849426923096644,-0.10488276129603133,1.0937068462371826,30.12538816076161
129,"[1.00000000e+00 5.91765354e+00 0.00000000e+00 1.00000000e+00
 1.30000000e+01 3.38666680e+04 2.40000000e+01]","[0.26426482 0.18       0.97       0.         0.15       0.17
 0.01       0.         0.01       0.         0.         0.35596728]",294.08234646464643,28.630196695332643,0.10785445407096224,0.8312666416168213,42.43029870202505
130,"[1.0000000e+00 3.0443199e+01 1.0000000e+00 4.0000000e+00 1.7000000e+01
 5.2629852e+03 4.0000000e+00]","[1.84517715e-03 1.20000000e-01 9.80000000e-01 0.00000000e+00
 2.10000000e-01 7.00000000e-02 0.00000000e+00 0.00000000e+00
 0.00000000e+00 0.00000000e+00 0.00000000e+00 2.42254573e-05]",265.556801010101,-24.28199960466128,-0.08377760173295629,1.5569088459014893,22.65262446538356
131,"[0.00000000e+00 4.90279000e+01 0.00000000e+00 3.00000000e+00
 1.00000000e+01 2.18454909e+04 9.00000000e+00]","[0.0042195  0.13       1.         0.         0.09       0.21
 0.01       0.04       0.04       0.01       0.05       0.00217735]",247.9721,-15.916708388555492,-0.06031596597730431,1.017784595489502,32.04734969071643
132,"[1.00000000e+00 5.91765354e+00 0.00000000e+00 1.00000000e+00
 2.20000000e+01 3.48026451e+04 1.60000000e+01]","[0.11337734 0.25       0.99       0.         0.31       0.25
 0.02       0.         0.         0.02       0.01       0.30708146]",294.08234646464643,28.34846251581314,0.10667989378904949,0.8344223499298096,40.920178203399544
133,"[0.00000000e+00 7.28018384e+00 1.00000000e+00 1.00000000e+00
 3.00000000e+00 2.20196858e+04 6.90000000e+01]","[0.00331964 0.09       1.         0.02       0.09       0.03
 0.04       0.04       0.01       0.02       0.02       0.00454515]",290.71981616161617,10.510655628870325,0.03751003574932029,0.9432222843170166,44.23013320236461
134,"[1.00000000e+00 5.00000000e+00 0.00000000e+00 3.00000000e+00
 1.00000000e+00 2.25439799e+04 1.70000000e+01]","[0.72851491 0.21       0.94       0.01       0.22       0.14
 0.02       0.01       0.02       0.01       0.02       0.20912193]",293.0,28.095397832913477,0.10605854939127303,0.9739947319030762,36.003297243974025
135,"[0.00000000e+00 4.40080000e+01 0.00000000e+00 3.00000000e+00
 7.00000000e+00 2.19274891e+04 5.50000000e+01]","[0.00107298 0.09       1.         0.01       0.12       0.08
 0.         0.04       0.09       0.03       0.11       0.00553569]",252.992,-12.09724838126047,-0.045634624773094504,1.0554466247558594,43.49676113835889
136,"[0.00000000e+00 7.28018384e+00 0.00000000e+00 3.00000000e+00
 2.00000000e+00 3.85139127e+04 6.00000000e+01]","[0.22836882 0.5        0.89       0.01       0.35       0.68
 0.02       0.         0.         0.         0.02       0.03425812]",289.71981616161617,24.956011489252262,0.09425764039059065,1.05488920211792,30.80473614574759
137,"[1.00000000e+00 5.00000000e+00 0.00000000e+00 3.00000000e+00
 2.20000000e+01 1.33365412e+04 4.40000000e+01]","[0.01464106 0.32       1.         0.04       0.12       0.14
 0.06       0.02       0.         0.02       0.03       0.56239206]",293.0,31.433896419997723,0.12017572609664766,1.0352115631103516,33.789398967110024
138,"[1.00000000e+00 3.13515525e+01 0.00000000e+00 1.00000000e+00
 8.00000000e+00 2.70381297e+04 6.00000000e+01]","[0.01610408 0.2        0.91       0.05       0.18       0.11
 0.07       0.05       0.03       0.05       0.06       0.08404195]",268.6484474747475,-9.749305090241648,-0.0350193383402611,1.307462215423584,27.702731854408565
139,"[1.00000000e+00 5.91765354e+00 0.00000000e+00 2.00000000e+00
 0.00000000e+00 3.58334775e+04 1.50000000e+01]","[0.54645336 0.17       0.93       0.03       0.2        0.21
 0.03       0.02       0.01       0.01       0.         0.39770806]",293.08234646464643,29.780464126689765,0.1131038785680444,0.9102091789245605,37.90389931723182
140,"[0.00000000e+00 5.00000000e+00 1.00000000e+00 4.00000000e+00
 1.70000000e+01 1.85007655e+04 8.20000000e+01]","[2.89871711e-02 1.40000000e-01 9.20000000e-01 2.00000000e-02
 1.10000000e-01 3.10000000e-01 2.00000000e-02 3.00000000e-02
 0.00000000e+00 0.00000000e+00 1.00000000e-02 2.15540465e-04]",290.0,34.73547313577299,0.13607638147954843,1.2613956928253174,27.272040232280293
141,"[0.000000e+00 6.470200e+00 0.000000e+00 4.000000e+00 2.300000e+01
 8.081029e+03 2.900000e+01]","[0.11573344 0.23       1.         0.         0.17       0.18
 0.02       0.01       0.01       0.01       0.02       0.00127276]",289.5298,25.751812295368495,0.09762684338999654,1.0471808910369873,37.065041738811686
142,"[1.00000000e+00 5.00000000e+00 0.00000000e+00 3.00000000e+00
 2.10000000e+01 3.34501417e+04 1.10000000e+01]","[0.09508559 0.15       0.96       0.02       0.18       0.13
 0.06       0.02       0.         0.03       0.02       0.67572284]",293.0,28.905446346810322,0.10945112629914021,1.0101983547210693,35.06671860496347
143,"[0.00000000e+00 1.90887798e+01 0.00000000e+00 3.00000000e+00
 1.50000000e+01 1.45383818e+04 9.50000000e+01]","[0.04969943 0.26       0.98       0.15       0.19       0.3
 0.29       0.23       0.12       0.12       0.1        0.15703663]",277.9112202020202,13.85520269510414,0.05247069476362624,1.3423535823822021,27.39928038578824
144,"[1.00000000e+00 1.22761283e+01 0.00000000e+00 1.00000000e+00
 1.20000000e+01 4.59789490e+03 9.10000000e+01]","[0.49328956 0.41       0.98       0.13       0.32       0.39
 0.17       0.06       0.09       0.2        0.13       0.03260519]",287.72387171717173,12.847401191600625,0.04673881750240773,1.2947230339050293,26.985687405601954
145,"[0.00000000e+00 5.91765354e+00 0.00000000e+00 4.00000000e+00
 7.00000000e+00 9.72237400e+03 7.80000000e+01]","[0.01501088 0.34       0.99       0.08       0.29       0.56
 0.03       0.25       0.19       0.1        0.17       0.08466225]",290.08234646464643,38.778695441416886,0.1543101156052537,1.0050280094146729,39.184756439079344
146,"[0.00000000e+00 7.28018384e+00 0.00000000e+00 4.00000000e+00
 1.40000000e+01 8.46119900e+03 4.90000000e+01]","[0.47435662 0.55       1.         0.04       0.21       0.66
 0.03       0.06       0.03       0.04       0.02       0.00285457]",288.71981616161617,16.101600452475907,0.05906281944730686,1.1121032238006592,29.794504190053424
147,"[0.00000000e+00 3.85137000e+01 0.00000000e+00 3.00000000e+00
 1.00000000e+01 2.39511923e+04 9.30000000e+01]","[0.2170026  0.32       0.96       0.32       0.29       0.28
 0.23       0.38       0.43       0.45       0.5        0.04857066]",258.4863,-6.287670169440446,-0.023747312341227084,1.0477683544158936,40.41075155091669
148,"[1.0000000e+00 3.7684700e+01 1.0000000e+00 1.0000000e+00 9.0000000e+00
 1.6747665e+03 8.4000000e+01]","[6.32339041e-04 1.70000000e-01 9.70000000e-01 0.00000000e+00
 7.00000000e-02 1.30000000e-01 1.00000000e-02 4.00000000e-02
 7.00000000e-02 2.00000000e-02 1.00000000e-02 9.12118237e-04]",261.3153,1.1372291027070673,0.004370964465933012,1.9705955982208252,16.834864578646304
149,"[1.00000000e+00 5.00000000e+00 1.00000000e+00 4.00000000e+00
 1.00000000e+00 1.76309414e+04 1.40000000e+01]","[6.17909968e-01 8.00000000e-02 9.60000000e-01 0.00000000e+00
 1.50000000e-01 1.30000000e-01 4.00000000e-02 0.00000000e+00
 4.00000000e-02 1.00000000e-02 1.00000000e-02 6.81623409e-04]",291.0,16.67679848947239,0.060792519180454335,1.4466195106506348,21.978133556772885
150,"[1.00000000e+00 4.99728000e+01 0.00000000e+00 1.00000000e+00
 1.90000000e+01 2.71272186e+04 5.40000000e+01]","[0.02027698 0.03       0.94       0.02       0.03       0.09
 0.01       0.01       0.08       0.07       0.01       0.04770405]",250.0272,-9.85359704481084,-0.037915833554688534,1.258225679397583,28.49016415528839
151,"[1.00000000e+00 6.37183030e+00 0.00000000e+00 2.00000000e+00
 1.40000000e+01 1.43927432e+04 4.90000000e+01]","[0.58191592 0.27       0.85       0.11       0.19       0.22
 0.06       0.05       0.16       0.08       0.2        0.39499542]",292.6281696969697,21.195919188894152,0.0780891701307378,1.3585774898529053,34.05231554675993
152,"[0.00000000e+00 3.54391434e+01 0.00000000e+00 4.00000000e+00
 1.80000000e+01 1.77379623e+04 6.60000000e+01]","[0.05525796 0.54       0.99       0.01       0.92       0.69
 0.01       0.05       0.01       0.01       0.02       0.02471899]",260.56085656565654,14.081770459584305,0.05713170509535327,1.1142771244049072,32.585367821111575
153,"[1.00000000e+00 3.54391434e+01 1.00000000e+00 4.00000000e+00
 7.00000000e+00 1.73687120e+04 2.30000000e+01]","[8.18036904e-04 2.10000000e-01 1.00000000e+00 0.00000000e+00
 1.10000000e-01 1.10000000e-01 0.00000000e+00 0.00000000e+00
 0.00000000e+00 0.00000000e+00 0.00000000e+00 1.23978505e-04]",260.56085656565654,-10.89560057652227,-0.04013756272821154,1.5052978992462158,21.80974763200588
154,"[0.00000000e+00 5.91765354e+00 0.00000000e+00 4.00000000e+00
 2.00000000e+00 1.05138636e+04 8.50000000e+01]","[0.03162705 0.22       1.         0.14       0.12       0.38
 0.13       0.27       0.28       0.24       0.2        0.28540415]",290.08234646464643,4.303014686143513,0.015057123478329852,0.8172640800476074,44.29191091569244
155,"[0.00000000e+00 1.59095424e+01 0.00000000e+00 4.00000000e+00
 1.90000000e+01 9.98958440e+03 8.50000000e+01]","[0.00876222 0.54       0.99       0.05       0.44       0.65
 0.09       0.12       0.06       0.09       0.04       0.0432548 ]",280.09045757575757,23.646439114108148,0.09220897120532533,1.1012072563171387,31.19954672189604
156,"[1.00000000e+00 9.59120000e+00 0.00000000e+00 2.00000000e+00
 4.00000000e+00 3.55316889e+04 3.00000000e+01]","[0.41293895 0.1        0.97       0.04       0.11       0.16
 0.12       0.05       0.02       0.02       0.06       0.24745892]",289.4088,23.21602740211239,0.08721509294011771,1.2805507183074951,26.00788975052965
157,"[0.00000000e+00 6.82600707e+00 0.00000000e+00 1.00000000e+00
 5.00000000e+00 2.47702114e+04 7.80000000e+01]","[0.51998705 0.1        1.         0.06       0.22       0.11
 0.03       0.07       0.07       0.05       0.1        0.71476406]",292.1739929292929,13.702314266104963,0.049205414108477216,1.0517847537994385,36.0136200684347
158,"[1.00000000e+00 6.37183030e+00 0.00000000e+00 4.00000000e+00
 4.00000000e+00 3.87594308e+04 3.30000000e+01]","[0.52152473 0.18       0.99       0.04       0.12       0.16
 0.03       0.01       0.01       0.01       0.         0.03068491]",290.6281696969697,15.56455838311308,0.05658530515457172,1.3234736919403076,26.60589192929411
159,"[1.00000000e+00 1.77262495e+01 1.00000000e+00 4.00000000e+00
 1.40000000e+01 1.32698736e+04 2.00000000e+00]","[3.69004701e-04 1.60000000e-01 9.70000000e-01 0.00000000e+00
 7.00000000e-02 1.90000000e-01 0.00000000e+00 0.00000000e+00
 0.00000000e+00 0.00000000e+00 0.00000000e+00 3.40421830e-05]",278.27375050505054,-12.696770561115557,-0.04363593437091978,1.5832161903381348,20.676106883678763
160,"[1.00000000e+00 7.28018384e+00 0.00000000e+00 1.00000000e+00
 9.00000000e+00 3.46336245e+04 8.00000000e+00]","[0.17222527 0.22       0.99       0.01       0.16       0.25
 0.01       0.         0.         0.         0.         0.59785777]",292.71981616161617,29.167844200990487,0.1106720772529379,1.271040678024292,27.30845874918474
161,"[0.0000000e+00 5.0000000e+00 0.0000000e+00 1.0000000e+00 2.3000000e+01
 9.5187858e+03 3.2000000e+01]","[0.12078723 0.06       0.99       0.         0.08       0.21
 0.01       0.03       0.03       0.01       0.         0.09293532]",294.0,30.53051342084092,0.11587874488709744,0.936004638671875,38.000840574158
162,"[0.00000000e+00 5.00000000e+00 0.00000000e+00 4.00000000e+00
 9.00000000e+00 1.52320927e+04 8.00000000e+01]","[0.01577666 0.22       0.99       0.13       0.18       0.46
 0.02       0.2        0.08       0.05       0.12       0.04571815]",291.0,0.7002598166018856,0.002412195808923196,1.1087546348571777,32.00113429785565
163,"[0.0000000e+00 2.6878800e+01 0.0000000e+00 1.0000000e+00 1.1000000e+01
 4.8678841e+03 9.6000000e+01]","[0.02986774 0.32       0.9        0.         0.24       0.36
 0.02       0.04       0.04       0.03       0.01       0.01627675]",272.1212,-5.151409784428324,-0.018578862832623104,0.955690860748291,38.37133630937383
164,"[1.00000000e+00 6.37183030e+00 0.00000000e+00 3.00000000e+00
 1.40000000e+01 1.91643603e+04 1.80000000e+01]","[0.84269804 0.22       0.89       0.02       0.19       0.17
 0.01       0.01       0.02       0.02       0.04       0.61173159]",291.6281696969697,27.39348491061895,0.10367104126685031,1.3707075119018555,27.747153151310346
165,"[0.0000000e+00 4.1584200e+01 0.0000000e+00 2.0000000e+00 1.7000000e+01
 7.2006899e+03 2.5000000e+01]","[0.00222461 0.04       0.96       0.49       0.1        0.17
 0.28       0.35       0.52       0.33       0.32       0.00289588]",256.4158,-8.719351678792464,-0.032886441588687705,1.094393014907837,31.244830255301654
166,"[0.00000000e+00 3.13515525e+01 0.00000000e+00 4.00000000e+00
 1.30000000e+01 2.94848470e+04 5.10000000e+01]","[0.0411913  0.53       0.98       0.         0.59       0.65
 0.         0.         0.         0.         0.         0.01710451]",264.6484474747475,-25.978457539607746,-0.0893876550704229,1.1611425876617432,31.37599085045024
167,"[1.0000000e+00 4.0995400e+01 0.0000000e+00 2.0000000e+00 0.0000000e+00
 8.6345666e+03 9.9000000e+01]","[0.27710593 0.18       0.93       0.01       0.2        0.15
 0.         0.02       0.03       0.04       0.04       0.01226856]",258.0046,-25.125353642448772,-0.08874141827529268,1.367018699645996,28.146051095873304
168,"[1.00000000e+00 1.86346030e+01 0.00000000e+00 3.00000000e+00
 1.30000000e+01 3.43130405e+04 7.90000000e+01]","[0.28017241 0.35       0.96       0.55       0.35       0.21
 0.63       0.68       0.49       0.38       0.64       0.14603373]",279.365396969697,14.763483316094039,0.0557950738611108,1.6751627922058105,20.05533548852272
169,"[1.00000000e+00 4.95186232e+01 0.00000000e+00 4.00000000e+00
 2.30000000e+01 7.79057350e+03 5.00000000e+00]","[2.06383038e-03 7.00000000e-02 9.90000000e-01 1.00000000e-02
 1.50000000e-01 2.00000000e-02 0.00000000e+00 0.00000000e+00
 0.00000000e+00 0.00000000e+00 0.00000000e+00 1.75848501e-04]",247.48137676767678,-43.583609548035184,-0.14973841443354158,1.2604138851165771,29.054950110270216
170,"[0.00000000e+00 2.99890222e+01 0.00000000e+00 3.00000000e+00
 1.60000000e+01 2.53934563e+04 1.00000000e+00]","[0.01211983 0.44       0.99       0.01       0.57       0.53
 0.         0.02       0.         0.         0.01       0.00102212]",267.0109777777778,-24.94934955949134,-0.08545458825530822,1.0576422214508057,32.96424540353596
171,"[0.00000000e+00 3.58933202e+01 0.00000000e+00 3.00000000e+00
 1.30000000e+01 1.00335697e+04 9.60000000e+01]","[0.23062424 0.28       0.99       0.14       0.29       0.23
 0.18       0.32       0.16       0.32       0.13       0.02493251]",261.10667979797984,-20.18717150155726,-0.07176542042527924,1.0914602279663086,43.9276692713453
172,"[0.00000000e+00 3.13515525e+01 0.00000000e+00 2.00000000e+00
 1.50000000e+01 9.43308490e+03 6.00000000e+00]","[0.15470578 0.04       0.99       0.16       0.11       0.22
 0.09       0.11       0.14       0.03       0.12       0.00456982]",266.6484474747475,1.8847332987664913,0.007118548342745191,0.9998903274536133,33.10519823817958
173,"[0.00000000e+00 4.36143253e+01 0.00000000e+00 1.00000000e+00
 6.00000000e+00 3.08287125e+04 9.40000000e+01]","[0.07092001 0.19       0.99       0.         0.2        0.13
 0.02       0.         0.02       0.03       0.02       0.02805538]",255.38567474747475,-11.922420481511779,-0.044601793564458155,1.4185876846313477,25.79811253400847
174,"[0.00000000e+00 5.00000000e+00 1.00000000e+00 2.00000000e+00
 3.00000000e+00 3.87090344e+04 9.80000000e+01]","[0.65446931 0.17       0.91       0.12       0.15       0.08
 0.08       0.07       0.1        0.03       0.05       0.00611315]",292.0,1.7225977851452399,0.005934315837201215,1.2117080688476562,27.46051569062026
175,"[0.00000000e+00 1.59095424e+01 1.00000000e+00 1.00000000e+00
 1.80000000e+01 3.61017780e+04 9.60000000e+01]","[0.0395771  0.05       0.92       0.02       0.05       0.22
 0.02       0.03       0.         0.02       0.02       0.00121822]",282.09045757575757,23.95506950267071,0.0928004086595373,1.060516119003296,34.04032978374943
176,"[1.00000000e+00 5.91765354e+00 0.00000000e+00 3.00000000e+00
 7.00000000e+00 3.81072597e+04 7.00000000e+00]","[0.60117203 0.31       0.88       0.03       0.29       0.45
 0.03       0.02       0.01       0.01       0.02       0.5551222 ]",292.08234646464643,0.12350359157142066,0.0004230171292503447,0.8082833290100098,57.8395542309478
177,"[0.00000000e+00 3.41629000e+01 1.00000000e+00 4.00000000e+00
 9.00000000e+00 1.89108815e+04 8.00000000e+01]","[7.50312873e-04 1.40000000e-01 1.00000000e+00 0.00000000e+00
 9.00000000e-02 3.70000000e-01 0.00000000e+00 1.00000000e-02
 0.00000000e+00 0.00000000e+00 0.00000000e+00 4.88455524e-04]",260.83709999999996,-29.595064754572036,-0.10190009353675125,1.0785377025604248,32.57781358905236
178,"[1.00000000e+00 6.37183030e+00 0.00000000e+00 2.00000000e+00
 1.30000000e+01 2.76910671e+04 9.40000000e+01]","[0.40424085 0.35       0.87       0.33       0.31       0.22
 0.49       0.3        0.37       0.3        0.25       0.24756011]",292.6281696969697,0.21114033708590796,0.0007220521238045036,1.4619638919830322,27.8965307935311
179,"[0.00000000e+00 7.28018384e+00 0.00000000e+00 3.00000000e+00
 3.00000000e+00 7.48220250e+03 5.90000000e+01]","[0.77358252 0.17       0.99       0.01       0.15       0.35
 0.01       0.06       0.04       0.14       0.09       0.40629524]",289.71981616161617,24.75581904624596,0.09343087859392014,1.1470470428466797,33.402801542444664
180,"[0.00000000e+00 4.63393859e+01 0.00000000e+00 1.00000000e+00
 2.30000000e+01 3.37660682e+04 6.00000000e+00]","[8.30041338e-03 1.60000000e-01 9.90000000e-01 0.00000000e+00
 2.60000000e-01 2.90000000e-01 0.00000000e+00 2.00000000e-02
 5.00000000e-02 5.00000000e-02 4.00000000e-02 1.26851650e-04]",252.66061414141416,-10.293628851295864,-0.039146083874300665,1.1079988479614258,33.12441847754516
181,"[0.00000000e+00 7.84980000e+00 0.00000000e+00 3.00000000e+00
 1.80000000e+01 1.11363774e+04 5.00000000e+01]","[0.04223774 0.24       1.         0.02       0.16       0.35
 0.01       0.03       0.02       0.01       0.03       0.14432195]",289.1502,31.480174702034958,0.12217243610556504,1.2469813823699951,27.58171713268603
182,"[0.00000000e+00 3.88233000e+01 0.00000000e+00 2.00000000e+00
 2.00000000e+01 1.71811398e+04 7.80000000e+01]","[0.02590298 0.09       0.99       0.14       0.14       0.18
 0.2        0.56       0.38       0.45       0.3        0.10897354]",259.1767,3.0409158140963655,0.011872280258541562,1.1069061756134033,32.56469843739668
183,"[0.0000000e+00 3.8090700e+01 1.0000000e+00 2.0000000e+00 1.1000000e+01
 3.7102884e+03 2.4000000e+01]","[7.48925237e-03 1.10000000e-01 9.90000000e-01 0.00000000e+00
 9.00000000e-02 1.00000000e-01 1.00000000e-02 1.00000000e-02
 0.00000000e+00 0.00000000e+00 1.00000000e-02 1.58772862e-04]",258.90930000000003,-4.327752922182299,-0.01644051577899127,1.04097580909729,32.387753199658555
184,"[1.00000000e+00 3.27140828e+01 1.00000000e+00 2.00000000e+00
 2.20000000e+01 1.19496390e+04 2.60000000e+01]","[1.22908814e-05 2.70000000e-01 1.00000000e+00 0.00000000e+00
 1.50000000e-01 2.50000000e-01 0.00000000e+00 1.00000000e-02
 0.00000000e+00 0.00000000e+00 0.00000000e+00 3.58517245e-05]",265.2859171717172,-0.499487238639972,-0.0018792876898115626,1.6490097045898438,20.71135458547509
185,"[1.00000000e+00 3.31682596e+01 0.00000000e+00 4.00000000e+00
 1.10000000e+01 3.19629110e+03 3.00000000e+01]","[0.7571249  0.03       0.89       0.1        0.04       0.08
 0.11       0.2        0.27       0.23       0.24       0.01174638]",263.8317404040404,-0.7417801879815329,-0.0028036826448908847,1.323730707168579,25.089552494187366
186,"[0.0000000e+00 5.0000000e+00 1.0000000e+00 4.0000000e+00 0.0000000e+00
 8.7535569e+03 4.4000000e+01]","[0.65216774 0.06       0.95       0.         0.11       0.28
 0.         0.         0.03       0.02       0.02       0.00864113]",290.0,18.203566220170387,0.0669750002493274,1.4192965030670166,27.13067765772361
187,"[1.0000000e+00 5.0000000e+00 1.0000000e+00 2.0000000e+00 1.3000000e+01
 1.4883218e+04 7.6000000e+01]","[0.18365721 0.57       1.         0.31       0.28       0.11
 0.52       0.16       0.04       0.1        0.12       0.33912811]",293.0,-0.3941176462762428,-0.0013433045264779355,1.6622726917266846,23.053448922035713
188,"[1.00000000e+00 5.91765354e+00 0.00000000e+00 1.00000000e+00
 1.90000000e+01 1.75198822e+04 1.80000000e+01]","[0.1758191  0.16       0.91       0.01       0.32       0.36
 0.         0.         0.01       0.         0.         0.68498868]",294.08234646464643,28.32267803086131,0.10657252169893491,0.8121597766876221,44.44009781458382
189,"[1.00000000e+00 5.00000000e+00 0.00000000e+00 3.00000000e+00
 2.10000000e+01 2.79304752e+04 6.00000000e+00]","[0.22392288 0.23       0.98       0.02       0.18       0.18
 0.06       0.01       0.         0.02       0.02       0.25548542]",293.0,0.9156469970190528,0.003134871784828912,1.1065154075622559,36.33374990465544
190,"[1.00000000e+00 5.91765354e+00 0.00000000e+00 1.00000000e+00
 2.00000000e+00 3.79005568e+04 6.10000000e+01]","[0.88023823 0.21       0.97       0.09       0.24       0.15
 0.09       0.06       0.12       0.09       0.1        0.25021085]",294.08234646464643,15.806887211513356,0.05680302263784832,0.7898900508880615,47.48438850251989
191,"[0.0000000e+00 2.8332200e+01 1.0000000e+00 3.0000000e+00 1.1000000e+01
 1.6464238e+04 1.0000000e+02]","[0.00916389 0.11       0.88       0.03       0.08       0.06
 0.05       0.07       0.04       0.03       0.02       0.00401284]",267.6678,-15.713868451819792,-0.05545125250221132,1.1067049503326416,32.06300560314546
192,"[0.0000000e+00 4.8857000e+01 0.0000000e+00 2.0000000e+00 2.1000000e+01
 4.7622371e+03 4.7000000e+01]","[9.66968422e-04 1.10000000e-01 1.00000000e+00 1.40000000e-01
 3.00000000e-02 1.20000000e-01 1.20000000e-01 1.00000000e-01
 5.00000000e-02 5.00000000e-02 5.00000000e-02 2.73371232e-03]",249.143,-9.16792547276188,-0.03549182232994094,1.1382365226745605,30.661169306949358
193,"[0.00000000e+00 3.79216000e+01 1.00000000e+00 1.00000000e+00
 1.10000000e+01 3.15356385e+04 4.00000000e+01]","[3.43286578e-04 8.00000000e-02 9.90000000e-01 0.00000000e+00
 4.00000000e-02 1.20000000e-01 0.00000000e+00 1.00000000e-02
 0.00000000e+00 0.00000000e+00 0.00000000e+00 1.86729667e-04]",260.0784,-4.529537927485649,-0.017117921567141134,1.5246555805206299,25.407281056109202
194,"[1.00000000e+00 5.00000000e+00 1.00000000e+00 3.00000000e+00
 2.10000000e+01 3.74746901e+04 5.50000000e+01]","[0.53598988 0.06       0.92       0.08       0.21       0.06
 0.         0.         0.01       0.03       0.02       0.00603666]",292.0,-0.168345657585121,-0.0005761940336357259,1.6277477741241455,23.042319850001515
195,"[1.00000000e+00 5.00000000e+00 1.00000000e+00 3.00000000e+00
 9.00000000e+00 3.73070408e+04 5.20000000e+01]","[0.54967272 0.19       0.85       0.04       0.34       0.07
 0.06       0.         0.04       0.01       0.01       0.00354934]",292.0,30.452104214714495,0.1164303162267219,1.6788294315338135,20.741597163453747
196,"[1.00000000e+00 5.91765354e+00 0.00000000e+00 3.00000000e+00
 3.00000000e+00 4.57740640e+03 8.80000000e+01]","[0.0939327  0.34       1.         0.42       0.55       0.26
 0.53       0.32       0.44       0.29       0.33       0.26307452]",292.08234646464643,27.01229277996731,0.10190624102751522,0.9233677387237549,51.953046630612576
197,"[0.00000000e+00 5.00000000e+00 1.00000000e+00 2.00000000e+00
 1.10000000e+01 2.62413658e+04 3.50000000e+01]","[1.90521419e-01 2.90000000e-01 1.00000000e+00 0.00000000e+00
 3.60000000e-01 3.00000000e-01 0.00000000e+00 0.00000000e+00
 1.00000000e-02 0.00000000e+00 0.00000000e+00 3.93340975e-04]",292.0,27.57152275361034,0.10426835657310726,1.3155431747436523,28.556911573985808
198,"[0.00000000e+00 5.00000000e+00 0.00000000e+00 3.00000000e+00
 1.80000000e+01 2.21507517e+04 7.50000000e+01]","[0.01456082 0.28       0.97       0.06       0.13       0.2
 0.08       0.1        0.05       0.05       0.05       0.06767974]",292.0,40.048661317461125,0.15895395327874334,1.0637896060943604,32.55952577592693
199,"[1.00000000e+00 2.57941000e+01 0.00000000e+00 3.00000000e+00
 0.00000000e+00 2.02098532e+04 3.80000000e+01]","[0.01115422 0.13       0.92       0.02       0.24       0.1
 0.04       0.06       0.07       0.07       0.08       0.0228421 ]",272.2059,6.724848584924473,0.02533080439857938,1.647834300994873,23.204174972849668
