,custom_adaptation,custom_confidence,custom_score,custom_time
0,"[2.45000000e-02 8.79045182e+01 9.99119000e+01 9.99394000e+01
 2.00000000e+01 6.64860000e+00 6.51628000e+01 6.69228000e+01
 1.00000000e+00]",[0.96285026 0.61083213 0.99737716 0.97612757],12.26868181818179,0.03596973419189453
1,"[ 1.03349899 98.98423535 94.86742525 99.9394     61.         40.9182
 74.0014      6.9528      0.        ]",[0.88254787 0.63657902 0.05131688 0.55946045],7.242438383838362,0.01751089096069336
2,"[2.45000000e-02 9.89842354e+01 9.48674253e+01 9.99394000e+01
 5.20000000e+01 7.31564000e+01 6.77624000e+01 1.50113000e+01
 0.00000000e+00]",[0.79222258 0.88559376 0.06630643 0.64042432],6.23343939393942,0.03947305679321289
3,"[2.45000000e-02 9.89842354e+01 9.48674253e+01 9.99394000e+01
 3.90000000e+01 1.88794000e+01 7.18153000e+01 1.07021000e+01
 0.00000000e+00]",[0.91647749 0.56387397 0.33182734 0.64042432],6.23343939393942,0.05856156349182129
4,"[2.45000000e-02 9.89842354e+01 9.48674253e+01 9.38826788e+01
 1.20000000e+01 3.86586000e+01 9.65509000e+01 5.62362000e+01
 0.00000000e+00]",[0.78368251 0.87660319 0.0991427  0.10287045],12.290160606060567,0.07153487205505371
5,"[2.45000e-02 9.99942e+01 9.99119e+01 9.99394e+01 2.40000e+01 9.12625e+01
 8.46136e+01 4.09437e+01 1.00000e+00]",[0.61492697 0.67118652 0.97084236 0.93287891],0.17899999999997362,0.028005361557006836
6,"[ 1.03349899 98.98423535 63.79626566 99.9394     58.         10.344
  2.5777     82.1542      0.        ]",[0.41037056 0.85629854 0.70463598 0.71543419],38.31359797979792,0.15901923179626465
7,"[2.45000000e-02 9.89842354e+01 9.48674253e+01 9.38826788e+01
 3.20000000e+01 6.74059000e+01 5.86502000e+01 4.99053000e+01
 0.00000000e+00]",[0.8067831  0.86919827 0.43273252 0.64061054],12.290160606060567,0.0634605884552002
8,"[2.45000000e-02 9.89942000e+01 9.48674253e+01 9.99394000e+01
 4.50000000e+01 6.21058000e+01 2.17593000e+01 1.06248000e+01
 0.00000000e+00]",[0.79236145 0.70661113 0.0154277  0.64042432],6.223474747474711,0.05091667175292969
9,"[ 8.09649192 98.98423535 99.9119     99.9394     85.         51.7538
 24.092      44.3696      1.        ]",[0.9573089  0.78043298 0.99846941 0.9644154 ],9.260956565656556,0.01595449447631836
10,"[2.45000000e-02 9.89842354e+01 9.48674253e+01 9.99394000e+01
 1.00000000e+00 7.84576000e+01 2.29664000e+01 9.25520000e+00
 0.00000000e+00]",[0.37084614 0.20185609 0.02887756 0.37745347],6.23343939393942,0.035512447357177734
11,"[2.45000000e-02 9.69643061e+01 9.48674253e+01 9.99394000e+01
 2.00000000e+00 4.74997000e+01 3.95959000e+01 8.40895000e+01
 0.00000000e+00]",[0.21827816 0.40907159 0.33461696 0.50491162],8.253368686868612,0.04199862480163574
12,"[2.45000000e-02 9.89842354e+01 9.28674253e+01 9.99394000e+01
 3.20000000e+01 8.67648000e+01 2.47583000e+01 2.33558000e+01
 1.00000000e+00]",[0.85212088 0.49818904 0.99929106 0.94866352],8.23343939393942,0.0875244140625
13,"[2.45000000e-02 9.99942000e+01 9.08318455e+01 9.99394000e+01
 2.80000000e+01 9.36467000e+01 9.97559000e+01 7.91174000e+01
 0.00000000e+00]",[0.12245504 0.65804091 0.0071157  0.11222764],9.259054545454546,0.02493882179260254
14,"[ 1.03349899 98.98423535 56.52941717 93.88267879 78.         68.5678
 16.479      93.1286      0.        ]",[0.36801664 0.67436327 0.32336733 0.65110148],51.6371676767676,0.026521682739257812
15,"[2.45000e-02 9.89942e+01 9.99119e+01 9.99394e+01 4.50000e+01 8.22747e+01
 1.60048e+01 7.37380e+01 1.00000e+00]",[0.89252973 0.62169596 0.99837106 0.97022829],1.1789999999999736,0.023000717163085938
16,"[2.45000000e-02 9.89842354e+01 8.78051606e+01 9.99394000e+01
 5.30000000e+01 5.94822000e+01 9.05370000e+01 8.29342000e+01
 0.00000000e+00]",[0.77884692 0.8116889  0.70936495 0.59163815],13.295704040404075,0.06350851058959961
17,"[ 1.03349899 98.98423535 87.86742525 93.88267879 74.          2.1292
 32.4704     74.4502      1.        ]",[0.96211724 0.27392948 0.9942562  0.95905423],20.29915959595951,0.061516761779785156
18,"[ 1.03349899 98.9942     99.9119     99.9394     93.         85.9565
 25.6339     23.5499      1.        ]",[0.85212088 0.68611702 0.99622381 0.93753364],2.187998989899029,0.01971602439880371
19,"[ 1.0245     98.98423535 94.86742525 99.9394     62.         25.7592
 45.4759     74.9427      0.        ]",[0.85020579 0.85902924 0.52263182 0.75876936],7.23343939393942,0.09255290031433105
20,"[ 1.03349899 98.98423535 99.9119     99.9394     88.         75.5256
 16.7215     31.7352      1.        ]",[0.90933949 0.79010461 0.99709666 0.95404156],2.1979636363636246,0.016997575759887695
21,"[ 1.03349899 98.98423535 52.49383737 93.88267879 91.          4.9367
 97.2327     99.9934      0.        ]",[0.38020248 0.22246591 0.19273165 0.16026918],55.67274747474744,0.04950904846191406
22,"[ 1.0245     98.98423535 94.86742525 99.9394     62.         62.4024
 59.5036     62.7383      0.        ]",[0.80112763 0.88638438 0.14679144 0.75876936],7.23343939393942,0.05399322509765625
23,"[43.41145657 98.9942     99.9119     99.9394     95.         74.0492
 40.309      25.9153      1.        ]",[0.93304195 0.67284253 0.99504143 0.93821023],44.56595656565656,0.03395199775695801
24,"[ 1.03349899 98.9942     94.86742525 99.9394     69.         74.6696
 90.4683     73.8133      0.        ]",[0.74442516 0.884424   0.07310544 0.6088553 ],7.232473737373766,0.020998239517211914
25,"[ 8.09649192 98.98423535 99.9119     99.9394     59.         52.1599
  2.9254     40.4167      1.        ]",[0.51740778 0.7703626  0.9985019  0.96049766],9.260956565656556,0.016001224517822266
26,"[ 1.03349899 98.98423535 99.9119     99.9394     64.         44.0877
 21.1012     50.1676      0.        ]",[0.78230896 0.89469638 0.55407083 0.73588532],2.1979636363636246,0.015008211135864258
27,"[2.45000000e-02 9.89842354e+01 5.24938374e+01 9.38826788e+01
 4.70000000e+01 1.42541000e+01 6.44723000e+01 7.29513000e+01
 0.00000000e+00]",[0.83159064 0.81469373 0.85163093 0.6766432 ],54.6637484848485,0.04452180862426758
28,"[ 8.09649192 98.98423535 99.9119     99.9394     90.          2.5129
 64.5584     43.9557      1.        ]",[0.96411273 0.50260153 0.9972474  0.9644154 ],9.260956565656556,0.0709543228149414
29,"[2.45000e-02 9.89942e+01 9.99119e+01 9.99394e+01 3.10000e+01 5.37267e+01
 9.46736e+01 1.50128e+01 0.00000e+00]",[0.82811196 0.8789534  0.03364533 0.09750153],1.1789999999999736,0.023997783660888672
30,"[ 1.03349899 98.98423535 87.81405556 99.9394     91.         22.6104
 93.9219     80.3789      0.        ]",[0.82201174 0.86799705 0.23272309 0.29229177],14.295808080808001,0.024007320404052734
31,"[2.45000000e-02 9.99942000e+01 9.68852152e+01 9.99394000e+01
 3.70000000e+01 9.47616000e+01 5.63488000e+01 7.07361000e+01
 0.00000000e+00]",[0.13117911 0.50998093 0.01150663 0.55449945],3.205684848484907,0.017998218536376953
32,"[ 1.03349899 98.9942     99.9119     99.9394     57.         60.8324
 13.5356     85.9512      1.        ]",[0.86495597 0.67453251 0.99387771 0.96830784],2.187998989899029,0.021001100540161133
33,"[ 6.07849394 96.96430606 99.9119     99.9394     78.         38.3112
 24.7059     91.9151      0.        ]",[0.54672161 0.8511224  0.55881536 0.60547758],9.262887878787865,0.041001081466674805
34,"[ 8.09649192 96.96430606 99.9119     99.9394     72.         13.2135
 40.2907     96.7508      1.        ]",[0.29675126 0.17356358 0.99870265 0.96835022],11.280885858585862,0.0825204849243164
35,"[ 8.09649192 96.97427071 99.9119     99.9394     25.         36.7713
 65.1403     94.2272      1.        ]",[0.56186011 0.44258935 0.99761426 0.96071531],11.270921212121152,0.19502854347229004
36,"[ 1.03349899 98.98423535 99.9119     99.9394     61.          5.3052
 99.5297     84.4449      0.        ]",[0.84984429 0.74974349 0.01787981 0.1602242 ],2.1979636363636246,0.01750969886779785
37,"[ 8.09649192 98.98423535 99.9119     99.9394     83.         20.0248
 17.4494     30.1001      1.        ]",[0.94285044 0.71681072 0.99729186 0.94323162],9.260956565656556,0.01858353614807129
38,"[ 1.03349899 91.91448283 99.9119     99.9394     87.         17.2599
 85.4265     46.8058      0.        ]",[0.79907663 0.83752681 0.16474169 0.64817597],9.267716161616136,0.050531864166259766
39,"[ 1.03349899 98.98423535 99.9119     99.9394     99.         20.5562
 71.3249     68.4449      0.        ]",[0.85962677 0.80404856 0.52201235 0.75876936],2.1979636363636246,0.020012855529785156
40,"[ 3.03349899 42.42621515 99.9119     99.9394     71.         66.1301
 60.457      29.8606      1.        ]",[0.95525551 0.63755767 0.99606436 0.92174779],60.75598383838383,0.043517112731933594
41,"[2.45000000e-02 9.89842354e+01 9.48674253e+01 9.38826788e+01
 2.70000000e+01 8.62160000e+00 4.68348000e+01 1.98672000e+01
 0.00000000e+00]",[0.88543916 0.81552843 0.69482177 0.55643598],12.290160606060567,1.6768591403961182
42,"[ 8.09649192 98.98423535 99.9119     99.9394     65.         52.9457
  0.9188     12.5353      0.        ]",[0.44080271 0.64550105 0.14316887 0.44766448],9.260956565656556,0.016998291015625
43,"[28.27647172 89.90451818 99.9119     99.9394     71.         53.4868
 63.1217     44.4624      1.        ]",[0.95988173 0.68193236 0.99903738 0.9644154 ],38.52065353535352,0.03515291213989258
44,"[20.2044798  98.98423535 99.9119     99.9394     80.         35.5367
 40.5951     49.6419      0.        ]",[0.85140454 0.8221857  0.50446302 0.57617434],21.368944444444423,0.01602482795715332
45,"[2.45000000e-02 9.89842354e+01 9.48674253e+01 9.99394000e+01
 2.80000000e+01 4.08020000e+01 5.99656000e+01 9.71710000e+00
 0.00000000e+00]",[0.88254787 0.63587896 0.28222406 0.64042432],6.23343939393942,0.03313016891479492
46,"[2.45000e-02 9.99942e+01 9.99119e+01 9.99394e+01 1.50000e+01 9.07549e+01
 5.56964e+01 7.74867e+01 0.00000e+00]",[0.32834507 0.74568377 0.19648246 0.75682028],0.17899999999997362,0.01595902442932129
47,"[ 1.0245     98.98423535 94.86742525 99.9394     65.         81.927
 11.8126     83.6949      0.        ]",[0.43310761 0.84132245 0.29729274 0.72417306],7.23343939393942,0.044239044189453125
48,"[ 1.03349899 99.9942     99.9119     99.9394     23.         99.352
 47.5696     82.1358      1.        ]",[0.23048044 0.20640879 0.47671241 0.72919408],1.1879989898990289,0.020358800888061523
49,"[ 1.03349899 98.98423535 99.9119     99.9394     48.         23.1081
 51.2085     75.2456      0.        ]",[0.83206104 0.76756231 0.67049748 0.71543419],2.1979636363636246,0.01602935791015625
50,"[ 1.03349899 78.78494242 99.9119     99.9394     92.         23.5495
 75.6083     25.0774      1.        ]",[0.96411273 0.63472248 0.99384815 0.95404156],22.397256565656562,0.016970396041870117
51,"[ 8.09649192 91.98423535 92.9119     99.9394      5.         28.5968
 35.4692     88.8891      1.        ]",[0.77093814 0.18899269 0.78609866 0.79561437],23.260956565656556,0.07280540466308594
52,"[ 1.03349899 91.91448283 99.9119     99.9394     10.         43.9548
 72.7863     50.4637      1.        ]",[0.94014118 0.70231172 0.99879229 0.91212051],9.267716161616136,0.025040149688720703
53,"[2.45000000e-02 9.89842354e+01 9.48852152e+01 9.99394000e+01
 4.20000000e+01 8.73930000e+01 1.93147000e+01 6.89114000e+01
 0.00000000e+00]",[0.55762834 0.90925595 0.24193028 0.73829388],6.215649494949503,0.022294044494628906
54,"[24.24047576 98.98423535 99.9119     99.9394     64.         68.6772
 60.1831      7.2691      0.        ]",[0.81722954 0.80042475 0.02772095 0.38257564],25.404940404040417,0.01700878143310547
55,"[ 1.03349899 98.98423535 68.63615657 99.9394     96.         28.609
 19.4297     27.0764      0.        ]",[0.83211633 0.88518982 0.48370674 0.64169215],33.473707070707064,0.015995025634765625
56,"[24.24047576 91.91448283 99.9119     99.9394     88.         24.277
 46.3985      7.5846      0.        ]",[0.72114364 0.78140953 0.01158994 0.41238552],32.47469292929293,0.0391690731048584
57,"[2.45000e-02 9.89942e+01 9.99119e+01 9.99394e+01 2.60000e+01 8.44564e+01
 4.36480e+01 9.87415e+01 0.00000e+00]",[0.20314944 0.18207453 0.94585925 0.73829388],1.1789999999999736,0.020552635192871094
58,"[ 1.03349899 69.69526061 99.9119     99.9394     91.          7.2697
 97.6208     78.0028      1.        ]",[0.96285026 0.63619942 0.16867256 0.83979315],31.48693838383838,0.02707362174987793
59,"[ 1.03349899 98.98423535 94.86742525 99.9394     82.         31.3519
 52.0292     63.8037      0.        ]",[0.87683507 0.89469207 0.80066425 0.75876936],7.242438383838362,0.01703929901123047
60,"[ 1.03349899 98.98423535 99.9119     99.9394     41.         22.5144
 33.4919     63.5908      1.        ]",[0.96211724 0.72663852 0.9981845  0.96830784],2.1979636363636246,0.017999649047851562
61,"[ 1.03349899 99.9942     99.9119     99.9394     86.         99.5991
 15.9608     72.6877      1.        ]",[0.25656148 0.27243881 0.12436108 0.84386576],1.1879989898990289,0.017054080963134766
62,"[ 1.0245     98.98423535 94.86742525 99.9394     63.         83.4181
 20.4175     15.7408      0.        ]",[0.66533303 0.8818133  0.08015726 0.57960072],7.23343939393942,0.04985523223876953
63,"[24.24047576 98.98423535 99.9119     99.9394     11.         51.4427
 75.019       3.6209      0.        ]",[0.75836164 0.62916725 0.01183489 0.06256303],25.404940404040417,0.01832866668701172
64,"[ 1.03349899 98.98423535 99.9119     99.9394     59.         44.459
 39.9185     69.0597      1.        ]",[0.96119232 0.75007527 0.99668521 0.97450631],2.1979636363636246,0.017014741897583008
65,"[ 1.03349899 99.9942     99.9119     99.9394     86.         94.4852
 98.5148     96.3273      1.        ]",[0.02086074 0.02419209 0.00566719 0.39252973],1.1879989898990289,0.018253803253173828
66,"[ 8.09649192 98.98423535 99.9119     99.9394     64.         60.3444
  6.5818     81.2041      1.        ]",[0.81508338 0.7187159  0.99609596 0.96835022],9.260956565656556,0.01699376106262207
67,"[2.45000000e-02 8.99045182e+01 9.99119000e+01 9.99394000e+01
 3.60000000e+01 8.51469000e+01 3.53895000e+01 2.58548000e+01
 0.00000000e+00]",[0.41682241 0.85952515 0.08617952 0.62646977],10.26868181818179,0.019069671630859375
68,"[2.45000000e-02 9.89842354e+01 5.24938374e+01 9.38826788e+01
 2.50000000e+01 5.23665000e+01 8.64453000e+01 4.21387000e+01
 0.00000000e+00]",[0.7428903  0.82339254 0.4864071  0.42385308],54.6637484848485,0.04321694374084473
69,"[2.45000000e-02 8.99045182e+01 9.99119000e+01 9.99394000e+01
 1.90000000e+01 3.11113000e+01 1.71925000e+01 9.89541000e+01
 0.00000000e+00]",[0.0468923  0.32143439 0.99607325 0.78607416],10.26868181818179,0.019543170928955078
70,"[ 1.03349899 98.98423535 99.9119     99.9394     67.         11.0082
 75.0209     55.7116      1.        ]",[0.96411273 0.64296392 0.9962346  0.97450631],2.1979636363636246,0.016999244689941406
71,"[2.45000000e-02 9.89842354e+01 9.68852152e+01 9.99394000e+01
 1.90000000e+01 9.32182000e+01 3.52132000e+01 6.86034000e+01
 0.00000000e+00]",[0.2222955  0.81027545 0.07730685 0.76861563],4.215649494949503,0.01797771453857422
72,"[ 6.07849394 98.98423535 99.9119     99.9394     68.         53.291
 16.6389     54.1363      0.        ]",[0.67207807 0.89374048 0.3770563  0.59356608],7.24295858585856,0.03412485122680664
73,"[24.24047576 98.98423535 99.9119     99.9394     19.         58.7983
 22.1965      4.8255      1.        ]",[0.96140859 0.49742661 0.1385687  0.30637051],25.404940404040417,0.015949010848999023
74,"[ 1.03349899 69.69526061 99.9119     99.9394     61.         27.7258
 98.7297     42.1867      1.        ]",[0.96411273 0.66601311 0.08993274 0.82280032],31.48693838383838,0.02808213233947754
75,"[2.45000000e-02 9.89842354e+01 9.68852152e+01 9.99394000e+01
 7.30000000e+01 9.92922000e+01 2.53565000e+01 8.20264000e+01
 1.00000000e+00]",[0.23048044 0.10912676 0.15436743 0.76338843],4.215649494949503,0.017451763153076172
76,"[2.45000000e-02 9.89842354e+01 4.84582576e+01 9.99394000e+01
 4.00000000e+00 8.87880000e+00 9.33774000e+01 3.49657000e+01
 0.00000000e+00]",[0.36387696 0.37166567 0.0663951  0.08866831],52.64260707070707,0.017986774444580078
77,"[2.45000000e-02 9.89842354e+01 9.68852152e+01 9.99394000e+01
 2.40000000e+01 9.45644000e+01 5.84226000e+01 3.07455000e+01
 0.00000000e+00]",[0.21164765 0.44415855 0.007282   0.48281705],4.215649494949503,0.020040273666381836
78,"[2.45000000e-02 9.89842354e+01 9.99119000e+01 9.99394000e+01
 1.40000000e+01 8.42241000e+01 8.58147000e+01 8.49894000e+01
 0.00000000e+00]",[0.63042554 0.73662847 0.27302518 0.54373627],1.188964646464683,0.01700615882873535
79,"[ 1.03349899 98.98423535 99.9119     99.9394     52.         25.9447
 81.3465      4.9858      1.        ]",[0.96411273 0.29981228 0.03263295 0.32521484],2.1979636363636246,0.0192258358001709
80,"[ 1.03349899 98.98423535 52.49383737 99.9394     99.         80.1208
  6.0677     65.54        0.        ]",[0.45095914 0.8108529  0.17365234 0.68998176],49.61602626262618,0.026102781295776367
81,"[2.45000000e-02 9.19144828e+01 9.99119000e+01 9.99394000e+01
 4.40000000e+01 7.59419000e+01 3.64677000e+01 2.46432000e+01
 1.00000000e+00]",[0.94790629 0.5346954  0.99878019 0.95723602],8.258717171717194,0.04243063926696777
82,"[2.45000000e-02 9.89842354e+01 5.24938374e+01 9.38826788e+01
 6.50000000e+01 2.26580000e+01 9.08424000e+01 9.35627000e+01
 0.00000000e+00]",[0.62918369 0.68037115 0.21123974 0.31308613],54.6637484848485,0.04016757011413574
83,"[ 1.03349899 56.5657202  94.86742525 99.9394     89.         39.3789
 75.0093     35.6206      0.        ]",[0.72840051 0.82626877 0.30156136 0.61671681],49.66095353535354,0.01700115203857422
84,"[2.45000000e-02 9.89842354e+01 9.99119000e+01 9.99394000e+01
 2.00000000e+01 6.57622000e+01 8.53363000e+01 1.59025000e+01
 1.00000000e+00]",[0.96128181 0.69220417 0.97709835 0.8917075 ],1.188964646464683,0.01699686050415039
85,"[ 1.03349899 98.98423535 99.9119     99.9394     77.         88.1605
 40.0776     79.0582      0.        ]",[0.57404411 0.73234297 0.17547463 0.7052244 ],2.1979636363636246,0.016042709350585938
86,"[ 1.03349899 98.98423535 99.9119     99.9394     13.         65.7922
 41.5356     40.8292      1.        ]",[0.9477083  0.7190082  0.99879164 0.95813588],2.1979636363636246,0.015023469924926758
87,"[2.45000000e-02 9.89842354e+01 9.28674253e+01 9.99394000e+01
 1.00000000e+00 8.39560000e+00 2.86150000e+01 4.47884000e+01
 1.00000000e+00]",[0.62287063 0.15920672 0.90278101 0.88436124],8.23343939393942,0.032773494720458984
88,"[ 8.09649192 69.69526061 99.9119     99.9394     46.         23.4772
 49.7294     44.4191      1.        ]",[0.96411273 0.61699074 0.99811697 0.9587994 ],38.54993131313131,0.13222098350524902
89,"[2.45000000e-02 9.89842354e+01 9.48674253e+01 9.99394000e+01
 9.00000000e+00 7.97629000e+01 4.82110000e+00 7.07876000e+01
 0.00000000e+00]",[0.15250105 0.86720098 0.19575828 0.64214402],6.23343939393942,0.04853343963623047
90,"[ 8.09649192 91.94437677 99.9119     99.9394     52.          9.9897
 87.584      86.4302      1.        ]",[0.95462828 0.61152917 0.98823792 0.93894413],16.300815151515167,0.32502102851867676
91,"[2.45000000e-02 9.69742707e+01 9.99119000e+01 9.99394000e+01
 3.20000000e+01 5.14922000e+01 3.71132000e+01 8.79948000e+01
 1.00000000e+00]",[0.94457212 0.62129418 0.99851316 0.97529355],3.1989292929292787,0.030117273330688477
92,"[ 1.03349899 98.98423535 99.9119     99.9394     63.         28.7219
 79.1917     45.2166      0.        ]",[0.84617306 0.87153232 0.53124458 0.65360162],2.1979636363636246,0.017000675201416016
93,"[ 1.03349899 91.91448283 99.9119     99.9394     67.         72.7648
 75.2791     43.4408      1.        ]",[0.9447939  0.73934408 0.99350399 0.97131417],9.267716161616136,0.04047417640686035
94,"[ 1.03349899 98.98423535 99.9119     99.9394     68.         59.3135
 96.8787     69.666       1.        ]",[0.95368069 0.74607155 0.05294408 0.82455073],2.1979636363636246,0.017021656036376953
95,"[2.45000e-02 9.99942e+01 9.99119e+01 9.99394e+01 5.30000e+01 9.49098e+01
 9.46139e+01 3.36858e+01 1.00000e+00]",[0.25959132 0.2554479  0.00122254 0.42149048],0.17899999999997362,0.015969514846801758
96,"[2.45000000e-02 9.89842354e+01 9.28674253e+01 9.99394000e+01
 1.00000000e+00 7.52857000e+01 4.62100000e+00 2.05217000e+01
 1.00000000e+00]",[0.0938981  0.23333622 0.82607752 0.82420744],8.23343939393942,0.057268381118774414
97,"[  1.03349899  98.98423535  92.86742525  99.9394     100.
  77.9518      10.0208      66.8373       1.        ]",[0.89917517 0.54340594 0.99598181 0.97450631],9.242438383838362,0.022019386291503906
98,"[2.45000000e-02 9.89842354e+01 9.48674253e+01 9.99394000e+01
 7.00000000e+00 1.19475000e+01 8.59825000e+01 3.98192000e+01
 0.00000000e+00]",[0.71406748 0.84668957 0.26861298 0.28550513],6.23343939393942,0.03414273262023926
99,"[2.45000000e-02 9.89842354e+01 9.08318455e+01 9.99394000e+01
 2.40000000e+01 2.68582000e+01 2.99769000e+01 8.99830000e+01
 0.00000000e+00]",[0.67897512 0.86922246 0.47442821 0.76460933],10.269019191919142,0.024058103561401367
100,"[2.45000000e-02 9.89842354e+01 9.08318455e+01 9.99394000e+01
 4.10000000e+01 1.11019000e+01 5.54486000e+01 4.55058000e+01
 0.00000000e+00]",[0.88686129 0.79635045 0.79314536 0.75027416],10.269019191919142,0.02606034278869629
101,"[ 1.03349899 78.78494242 99.9119     99.9394     93.         25.4123
 69.8826     33.7373      1.        ]",[0.96411273 0.66406924 0.99694115 0.95404156],22.397256565656562,0.022364139556884766
102,"[ 1.03349899 98.98423535 99.9119     99.9394     86.         40.484
 97.4841     21.9358      0.        ]",[0.86277914 0.86356729 0.01907567 0.09798745],2.1979636363636246,0.018028736114501953
103,"[ 1.03349899 87.90451818 99.9119     99.9394     76.          1.7251
 98.3432     11.3057      1.        ]",[0.96411273 0.30638891 0.01210991 0.73343557],13.277680808080845,0.02910780906677246
104,"[2.45000e-02 9.89942e+01 9.99119e+01 9.99394e+01 4.40000e+01 6.19559e+01
 4.11897e+01 7.54212e+01 1.00000e+00]",[0.95277562 0.65512434 0.99800438 0.97529355],1.1789999999999736,0.0220489501953125
105,"[2.45000000e-02 9.89842354e+01 9.99119000e+01 9.99394000e+01
 2.10000000e+01 2.63445000e+01 4.89218000e+01 4.22740000e+01
 0.00000000e+00]",[0.84617306 0.85414384 0.77209306 0.77265752],1.188964646464683,0.01700735092163086
106,"[ 1.03349899 89.90451818 99.9119     99.9394     85.         58.6137
 65.9487     82.0999      1.        ]",[0.95116235 0.66186048 0.99618524 0.97450631],11.277680808080845,0.021051406860351562
107,"[24.24047576 98.98423535 99.9119     40.38164141 62.         39.6917
 38.44        3.0184      1.        ]",[0.96494208 0.33834261 0.06861389 0.28808445],84.96269898989897,0.02410268783569336
108,"[2.45000e-02 9.99942e+01 9.99119e+01 9.99394e+01 2.60000e+01 9.64849e+01
 8.20939e+01 4.95655e+01 0.00000e+00]",[0.11398316 0.45605829 0.00907183 0.45550491],0.17899999999997362,0.017026901245117188
109,"[ 1.0245     98.98423535 99.9119     99.9394     67.         14.7637
 24.0473     38.9213      0.        ]",[0.86816902 0.87248258 0.36342159 0.64169215],2.188964646464683,0.021034717559814453
110,"[ 1.03349899 98.98423535 99.9119     99.9394     61.         53.596
 17.0237     10.1163      1.        ]",[0.9420484  0.50972609 0.94902825 0.9503615 ],2.1979636363636246,0.015989303588867188
111,"[ 1.03349899 98.98423535 99.9119     99.9394     46.         34.7376
 59.5477     58.4676      1.        ]",[0.96411273 0.72454082 0.99917525 0.96830784],2.1979636363636246,0.017334938049316406
112,"[ 8.09649192 98.98423535 99.9119     99.9394     91.          2.3253
 31.502      53.4298      1.        ]",[0.96340367 0.55937281 0.99348372 0.96679379],9.260956565656556,0.0704035758972168
113,"[ 1.0245     98.98423535 94.86742525 99.9394     63.         54.5909
  4.8784      6.7428      0.        ]",[0.45067063 0.70723782 0.04005709 0.55946045],7.23343939393942,0.04017758369445801
114,"[ 1.03349899 98.98423535 52.49383737 99.9394     84.         12.5945
 72.0357     17.6161      0.        ]",[0.85402167 0.81367919 0.59173352 0.65239296],49.61602626262618,0.025435924530029297
115,"[2.45000000e-02 9.89842354e+01 9.08318455e+01 9.38826788e+01
 5.00000000e+01 2.96970000e+00 4.94208000e+01 6.43642000e+01
 0.00000000e+00]",[0.88321042 0.74936297 0.39845225 0.65195174],16.325740404040403,0.043200016021728516
116,"[ 1.03349899 96.96430606 52.49383737 93.88267879 88.         17.1254
 42.5303     62.6499      0.        ]",[0.74288452 0.83441043 0.71825564 0.65110148],57.692676767676744,0.049292564392089844
117,"[2.45000e-02 9.89942e+01 9.99119e+01 9.99394e+01 7.00000e+00 5.15183e+01
 4.38377e+01 1.71873e+01 1.00000e+00]",[0.81023804 0.61283814 0.98668277 0.88154982],1.1789999999999736,0.0230712890625
118,"[ 1.03349899 78.79490707 99.9119     99.9394     85.          4.1594
 42.8263      5.9515      1.        ]",[0.96340367 0.24368651 0.01460234 0.91311574],22.387291919191853,0.0542750358581543
119,"[2.45000000e-02 9.89842354e+01 9.48674253e+01 9.38826788e+01
 1.30000000e+01 3.64035000e+01 2.81317000e+01 5.23447000e+01
 0.00000000e+00]",[0.81283752 0.89838734 0.74798089 0.66847999],12.290160606060567,0.05222511291503906
120,"[2.45000000e-02 9.89842354e+01 6.36005768e+01 9.38826788e+01
 5.50000000e+01 2.73707000e+01 1.64564000e+01 3.72645000e+01
 0.00000000e+00]",[0.76221906 0.8723566  0.65099448 0.54484212],43.557009090909105,0.04127073287963867
121,"[2.45000000e-02 9.89842354e+01 9.48674253e+01 9.99394000e+01
 1.80000000e+01 3.53950000e+01 6.27405000e+01 1.18357000e+01
 0.00000000e+00]",[0.87594781 0.63587896 0.34009567 0.68598253],6.23343939393942,0.033214569091796875
122,"[28.24047576 98.98423535 99.9119     99.9394     77.         40.9682
 55.9403     25.6588      1.        ]",[0.96562239 0.68978042 0.99840575 0.94323162],29.404940404040417,0.03211212158203125
123,"[29.24047576 91.94437677 99.9119     99.9394     16.         25.1963
 35.8563     15.6856      1.        ]",[0.95659815 0.52341213 0.99567348 0.91823816],37.44479898989903,0.1789247989654541
124,"[19.18648182 99.9942     99.9119     99.9394     80.         88.066
 50.3394     16.8535      1.        ]",[0.85466078 0.61469541 0.9913463  0.9231536 ],19.34098181818183,0.02098369598388672
125,"[48.43845354 99.9942     99.9119     99.9394     71.         99.7386
 34.2804     81.3145      1.        ]",[0.2195508  0.20243495 0.2229802  0.7778149 ],48.59295353535356,0.026024580001831055
126,"[28.27647172 91.91448283 99.9119     99.9394     71.         47.4467
 70.9713     22.6619      1.        ]",[0.96477991 0.68978042 0.99706525 0.94323162],36.51068888888892,0.09520745277404785
127,"[ 1.03349899 98.98423535 94.86742525 99.9394     72.         26.5442
 43.2443     27.3911      0.        ]",[0.85471869 0.9092047  0.4455651  0.64169215],7.242438383838362,0.016427040100097656
128,"[ 1.03349899 98.98423535 94.86742525 99.9394     70.         59.9656
 82.8506      5.0365      0.        ]",[0.8405914  0.49143558 0.00369583 0.13239106],7.242438383838362,0.017028331756591797
129,"[2.45000000e-02 9.89842354e+01 9.99119000e+01 9.99394000e+01
 4.30000000e+01 8.37368000e+01 6.38629000e+01 6.58559000e+01
 1.00000000e+00]",[0.93893235 0.62683668 0.99791092 0.97022829],1.188964646464683,0.026081085205078125
130,"[ 8.09649192 91.91448283 99.9119     99.9394     40.          0.4506
 70.521      33.9844      1.        ]",[0.96411273 0.50621195 0.99671519 0.9373099 ],16.330709090909068,0.13797473907470703
131,"[2.45000000e-02 9.89842354e+01 9.48674253e+01 9.99394000e+01
 1.00000000e+00 4.57606000e+01 9.97796000e+01 6.54923000e+01
 0.00000000e+00]",[0.42430409 0.51554679 0.01910554 0.08662413],6.23343939393942,0.03914356231689453
132,"[ 1.03349899 98.98423535 99.9119     99.9394     98.         86.916
 41.9444     44.2215      0.        ]",[0.60636112 0.80485896 0.07339395 0.67940705],2.1979636363636246,0.015993118286132812
133,"[2.45000000e-02 9.89842354e+01 9.48674253e+01 9.99394000e+01
 1.00000000e+00 4.25024000e+01 4.95243000e+01 5.31454000e+01
 0.00000000e+00]",[0.3964009  0.48078571 0.16721459 0.48540506],6.23343939393942,0.0362396240234375
134,"[ 1.03349899 98.98423535 99.9119     99.9394     75.         69.5324
 39.9846     47.156       0.        ]",[0.70097862 0.85832993 0.12923925 0.73588532],2.1979636363636246,0.01820969581604004
135,"[ 8.09649192 98.98423535 99.9119     99.9394     47.         41.1817
 23.4945     41.8061      1.        ]",[0.96340367 0.77621808 0.99881077 0.9587994 ],9.260956565656556,0.05930328369140625
136,"[2.45000000e-02 9.89942000e+01 9.48674253e+01 9.99394000e+01
 3.20000000e+01 3.78851000e+01 5.32698000e+01 9.49204000e+01
 0.00000000e+00]",[0.48331464 0.30817654 0.61373532 0.76460933],6.223474747474711,0.05158185958862305
137,"[ 8.09649192 96.96430606 99.9119     99.9394     36.         46.1414
 24.2937     88.8381      1.        ]",[0.94232291 0.7024847  0.99872953 0.96071531],11.280885858585862,0.07931876182556152
138,"[2.45000000e-02 9.89842354e+01 9.48674253e+01 9.99394000e+01
 4.50000000e+01 6.87881000e+01 4.28348000e+01 1.18945000e+01
 0.00000000e+00]",[0.8205903  0.66745884 0.01400203 0.64042432],6.23343939393942,0.032149314880371094
139,"[ 1.03349899 98.98423535 99.9119     99.9394     91.         42.5325
 71.1807     47.1348      1.        ]",[0.96323466 0.72716408 0.99835914 0.97131417],2.1979636363636246,0.01502370834350586
140,"[ 8.09649192 98.98423535 99.9119     99.9394     18.         43.8407
 15.6858     88.9149      1.        ]",[0.86807338 0.7024847  0.99839717 0.95061852],9.260956565656556,0.01703643798828125
141,"[2.45000000e-02 9.89842354e+01 9.48674253e+01 9.99394000e+01
 3.10000000e+01 4.08030000e+01 7.25974000e+01 5.89819000e+01
 0.00000000e+00]",[0.86587956 0.88970501 0.79841608 0.75945418],6.23343939393942,0.035284996032714844
142,"[ 1.03349899 98.98423535 99.9119     99.9394     27.         41.6309
 43.1194     24.0602      1.        ]",[0.96340367 0.74739032 0.99898499 0.94687853],2.1979636363636246,0.01595020294189453
143,"[2.45000000e-02 9.89842354e+01 9.99119000e+01 9.99394000e+01
 3.00000000e+01 9.14534000e+01 1.32276000e+01 9.03480000e+01
 0.00000000e+00]",[0.19597919 0.81210413 0.10055796 0.77902354],1.188964646464683,0.018006563186645508
144,"[24.24047576 55.55575556 99.9119     99.9394     67.         39.1476
 43.8968      6.0935      1.        ]",[0.96357484 0.50970494 0.04203874 0.87822307],68.83342020202019,0.017257213592529297
145,"[ 1.03349899 91.96430606 99.9119     99.9394     65.          4.33
 57.5549     83.5932      1.        ]",[0.95118638 0.5175302  0.99903536 0.97450631],9.21789292929293,0.039160728454589844
146,"[ 1.03349899 98.98423535 67.62726162 99.9394     62.         23.09
 85.8245     84.6174      0.        ]",[0.81352781 0.84371712 0.51338696 0.66036079],34.482602020201966,0.13241338729858398
147,"[ 1.03349899 98.9942     99.9119     99.9394     87.         30.4604
 42.647      43.9806      0.        ]",[0.85140454 0.86724163 0.57093316 0.73588532],2.187998989899029,0.021022319793701172
148,"[ 1.0245     96.96430606 94.86742525 93.88267879 59.         13.7432
 54.0077     94.9305      0.        ]",[0.41795852 0.23351429 0.67358917 0.65110148],15.310089898989872,0.08471465110778809
149,"[ 1.03349899 98.98423535 56.52941717 93.88267879 85.         23.6381
 14.5491     44.0209      0.        ]",[0.77379222 0.85671058 0.79104805 0.62307741],51.6371676767676,0.02407097816467285
150,"[ 1.03349899 98.98423535 99.9119     99.9394     98.         26.3288
 69.2981     24.6269      0.        ]",[0.86277914 0.84568724 0.44384733 0.64169215],2.1979636363636246,0.017987489700317383
151,"[ 1.03349899 98.98423535 99.9119     99.9394     36.         59.5108
 74.0733     20.0474      1.        ]",[0.95860319 0.71492496 0.99661839 0.94687853],2.1979636363636246,0.018016338348388672
152,"[24.24047576 78.78494242 99.9119     99.9394     28.         15.1577
 36.8559      8.9813      1.        ]",[0.96494208 0.65886349 0.90907544 0.92937041],45.604233333333354,0.01600503921508789
153,"[24.24047576 91.91448283 99.9119     99.9394     10.         23.7869
 42.6466      3.1401      1.        ]",[0.94285745 0.47291619 0.09200431 0.16688073],32.47469292929293,0.0413661003112793
154,"[2.45000000e-02 9.89842354e+01 8.78051606e+01 9.99394000e+01
 1.30000000e+01 4.43750000e+01 7.52041000e+01 7.64478000e+01
 0.00000000e+00]",[0.78298837 0.82343443 0.82092476 0.78607416],13.295704040404075,0.025002002716064453
155,"[20.2044798  69.69526061 99.9119     99.9394     88.         27.5132
 97.2451     84.6718      1.        ]",[0.95118638 0.61876618 0.3204481  0.80753194],50.65791919191918,0.07433700561523438
156,"[2.45000000e-02 9.89842354e+01 9.28674253e+01 9.99394000e+01
 2.00000000e+00 6.99102000e+01 5.05887000e+01 4.82833000e+01
 1.00000000e+00]",[0.65540419 0.17364348 0.92345226 0.88436124],8.23343939393942,0.0534207820892334
157,"[ 8.09649192 98.98423535 99.9119     99.9394     36.         11.8206
 58.2213     70.8357      1.        ]",[0.96285026 0.68064546 0.997926   0.96071531],9.260956565656556,0.08995604515075684
158,"[ 1.03349899 96.97427071 99.9119     99.9394     94.         61.3915
 71.4709     95.334       1.        ]",[0.44052578 0.16971255 0.99433702 0.97450631],4.20792828282822,0.028085947036743164
159,"[ 1.03349899 98.98423535 94.86742525 99.9394     76.         64.4435
 86.1352     84.9115      0.        ]",[0.79212303 0.85578427 0.12095488 0.66036079],7.242438383838362,0.020112037658691406
160,"[2.45000000e-02 9.89842354e+01 9.99119000e+01 9.99394000e+01
 4.40000000e+01 3.53316000e+01 7.94053000e+01 3.87956000e+01
 1.00000000e+00]",[0.96411273 0.72322958 0.99402916 0.93513329],1.188964646464683,0.017272472381591797
161,"[24.24047576 91.91448283 99.9119     99.9394     30.         66.5062
 15.2315      3.8187      0.        ]",[4.55920062e-01 6.68871523e-01 2.56243307e-04 7.54131124e-02],32.47469292929293,0.03819918632507324
162,"[24.24047576 91.92444747 99.9119     99.9394     19.         89.9316
 93.3914      1.9068      1.        ]",[0.66597388 0.48761362 0.0490949  0.17859751],32.46472828282822,0.023035287857055664
163,"[ 1.03349899 89.90451818 99.9119     99.9394     95.         25.897
 23.4396     73.7598      1.        ]",[0.96211724 0.72504207 0.99859482 0.97450631],11.277680808080845,0.02099609375
164,"[ 1.03349899 98.98423535 99.9119     99.9394     53.         47.0426
 15.1781     53.3423      1.        ]",[0.93404218 0.77358877 0.99832815 0.9667494 ],2.1979636363636246,0.017034292221069336
165,"[ 1.03349899 98.98423535 99.9119     99.9394     69.         11.8854
 88.8881     15.9582      1.        ]",[0.96411273 0.68653748 0.95118481 0.88854485],2.1979636363636246,0.01601719856262207
166,"[ 1.03349899 98.98423535 99.9119     99.9394     94.         21.8402
 73.7985     35.6369      1.        ]",[0.96411273 0.66366263 0.99415565 0.95404156],2.1979636363636246,0.017042160034179688
167,"[2.45000000e-02 9.89842354e+01 9.99119000e+01 9.99394000e+01
 4.60000000e+01 4.77239000e+01 4.02239000e+01 6.93832000e+01
 1.00000000e+00]",[0.96119232 0.72343672 0.996831   0.97529355],1.188964646464683,0.021022319793701172
168,"[ 1.03349899 76.78494242 99.9119     99.9394     97.         30.8205
  4.2911     98.6982      1.        ]",[0.01927502 0.26631906 0.99862587 0.97450631],24.397256565656562,0.027107715606689453
169,"[ 1.03349899 98.98423535 99.9119     99.9394      6.         53.2594
 33.6425     46.312       1.        ]",[0.82391942 0.49142912 0.95376098 0.82231761],2.1979636363636246,0.018007516860961914
170,"[2.45000000e-02 9.89842354e+01 6.76984212e+01 9.99394000e+01
 2.30000000e+01 4.43171000e+01 8.87821000e+01 7.66962000e+01
 0.00000000e+00]",[0.83015317 0.8566404  0.82448214 0.50901571],33.40244343434347,0.24555253982543945
171,"[ 24.24047576  42.42621515  99.9119      99.9394     100.
   1.5258       0.741        7.9686       1.        ]",[0.37841203 0.60690271 0.83225733 0.95638626],81.96296060606062,0.0270993709564209
172,"[ 1.03349899 76.76501313 99.9119     99.9394     97.         90.9586
 84.3953     90.4833      1.        ]",[0.50939508 0.52509807 0.97676849 0.94428508],24.417185858585867,0.02804088592529297
173,"[2.45000000e-02 9.89942000e+01 9.28674253e+01 9.99394000e+01
 1.00000000e+00 8.19825000e+01 1.03533000e+01 7.01275000e+01
 1.00000000e+00]",[0.54671421 0.18017778 0.78181368 0.89097621],8.223474747474711,0.07050108909606934
174,"[2.45000000e-02 5.55557556e+01 9.48852152e+01 9.99394000e+01
 3.10000000e+01 8.85411000e+01 8.55535000e+01 4.64805000e+01
 0.00000000e+00]",[0.42388821 0.76053672 0.25296092 0.60577045],49.64412929292928,0.036116838455200195
175,"[ 1.03349899 98.98423535 87.81405556 99.9394     80.         48.349
 97.406      61.781       0.        ]",[0.84817836 0.85793511 0.02089822 0.18492175],14.295808080808001,0.07041716575622559
176,"[ 1.03349899 98.98423535 92.86742525 93.88267879 99.         44.7004
 25.4378     49.1945      1.        ]",[0.96250893 0.61691824 0.99833542 0.95401858],15.299159595959509,0.023088932037353516
177,"[2.45000000e-02 9.89842354e+01 6.77073162e+01 9.99394000e+01
 1.00000000e+00 8.87427000e+01 3.41903000e+01 1.33835000e+01
 0.00000000e+00]",[0.27789572 0.16537741 0.01638667 0.34828698],33.39354848484845,0.10120487213134766
178,"[ 1.03349899 44.44614444 99.9119     99.9394     72.         57.8037
 29.4449     11.7782      0.        ]",[0.63923096 0.58167786 0.03751471 0.4963991 ],56.73605454545452,0.017997026443481445
179,"[2.45000000e-02 9.89842354e+01 8.78229505e+01 9.99394000e+01
 1.60000000e+01 7.61571000e+01 8.80584000e+01 1.78500000e-01
 0.00000000e+00]",[0.76770307 0.201216   0.01172633 0.13292614],13.277914141414158,0.05623936653137207
180,"[2.45000000e-02 9.89842354e+01 9.08318455e+01 9.99394000e+01
 3.30000000e+01 8.93498000e+01 8.34131000e+01 3.68071000e+01
 0.00000000e+00]",[0.48571164 0.78211116 0.38408846 0.52553308],10.269019191919142,0.024099349975585938
181,"[ 1.03349899 98.98423535 99.9119     99.9394     74.         18.9605
 92.0665     13.049       1.        ]",[0.96411273 0.52696229 0.8521086  0.88335515],2.1979636363636246,0.01604914665222168
182,"[2.45000e-02 9.99942e+01 9.99119e+01 9.99394e+01 3.40000e+01 9.38530e+01
 7.79606e+01 5.84985e+01 0.00000e+00]",[0.11398316 0.45729143 0.08400878 0.65903482],0.17899999999997362,0.015979528427124023
183,"[ 1.03349899 98.9942     99.9119     99.9394     86.         76.4472
 23.1058     53.6581      1.        ]",[0.94372542 0.71505769 0.99867767 0.97324425],2.187998989899029,0.02036261558532715
184,"[ 8.09649192 98.98423535 99.9119     99.9394     73.         24.2774
 20.8105     26.5966      1.        ]",[0.95694668 0.71681072 0.99734396 0.94323162],9.260956565656556,0.07040786743164062
185,"[ 1.03349899 98.98423535 94.86742525 93.88267879 58.         60.6633
 65.5815     58.0966      0.        ]",[0.8067831  0.86954179 0.54963499 0.59865525],13.299159595959509,0.02630448341369629
186,"[ 1.03349899 98.98423535 52.49383737 93.88267879 59.         38.8321
 96.8229     63.9753      1.        ]",[0.96285026 0.38486407 0.25459835 0.49515086],55.67274747474744,0.04521799087524414
187,"[28.27647172 98.98423535 99.9119     99.9394     93.         42.6559
 89.0114     52.1805      1.        ]",[0.96477991 0.70040194 0.99261594 0.91586587],29.440936363636297,0.024211883544921875
188,"[ 1.03349899 98.98423535 90.83184545 99.9394     93.         91.3246
 74.5406     98.1083      0.        ]",[0.163167   0.1637897  0.12258629 0.60852284],11.278018181818197,0.025117158889770508
189,"[ 1.03349899 91.91448283 99.9119     99.9394     98.         26.0211
 56.044      46.5926      1.        ]",[0.96411273 0.72716408 0.99888331 0.97131417],9.267716161616136,0.041196584701538086
190,"[ 1.03349899 98.98423535 67.62726162 99.9394     76.          1.3252
 66.1755     36.6965      0.        ]",[0.88686129 0.6951407  0.28895712 0.65239296],34.482602020201966,0.02705216407775879
191,"[ 1.03349899 98.9942     99.9119     99.9394     87.         66.2257
 37.4825     21.711       0.        ]",[0.80083361 0.86299132 0.05613818 0.64169215],2.187998989899029,0.022069454193115234
192,"[41.39345859 98.98423535 99.9119     61.58016566 25.          8.6622
 95.3781     12.3523      1.        ]",[0.95274088 0.24955779 0.07520905 0.5341458 ],80.91715757575753,0.044240474700927734
193,"[2.45000000e-02 9.89842354e+01 9.99119000e+01 9.99394000e+01
 8.00000000e+00 1.94508000e+01 1.99392000e+01 2.72238000e+01
 0.00000000e+00]",[0.69129721 0.8210276  0.43388668 0.47796604],1.188964646464683,0.017924070358276367
194,"[2.45000000e-02 9.89842354e+01 9.48674253e+01 9.99394000e+01
 1.40000000e+01 6.15867000e+01 8.83480000e+00 4.98954000e+01
 0.00000000e+00]",[0.61918853 0.90891206 0.12110612 0.77265752],6.23343939393942,0.036161184310913086
195,"[2.45000000e-02 9.89842354e+01 9.48674253e+01 9.99394000e+01
 2.30000000e+01 3.20885000e+01 5.11475000e+01 6.78461000e+01
 0.00000000e+00]",[0.86165724 0.88970501 0.92562366 0.76460933],6.23343939393942,0.03615927696228027
196,"[2.45000000e-02 9.89842354e+01 9.99119000e+01 9.99394000e+01
 4.80000000e+01 6.80278000e+01 8.31490000e+00 3.70297000e+01
 0.00000000e+00]",[0.63431118 0.88982339 0.06479681 0.65883351],1.188964646464683,0.017824888229370117
197,"[ 6.07849394 98.98423535 99.9119     99.9394     99.          0.4709
 77.6866     75.5992      0.        ]",[0.88850494 0.61794961 0.53089887 0.5096386 ],7.24295858585856,0.03748154640197754
198,"[ 8.09649192 98.98423535 99.9119     99.9394     67.         41.6273
 20.2632     44.7059      1.        ]",[0.95694668 0.77674306 0.99902546 0.9644154 ],9.260956565656556,0.06942176818847656
199,"[ 1.03349899 98.98423535 99.9119     99.9394     49.         27.123
 39.2328     23.2156      1.        ]",[0.96340367 0.74739032 0.99861121 0.94687853],2.1979636363636246,0.016982316970825195
