cruise speed,image resolution,illuminance,controls responsiveness,power,smoke intensity,obstacle size,obstacle distance,firm obstacle,req_0,req_1,req_2,req_3
41.1307,44.2304,51.6004,73.4001,4.0,90.6958,89.3714,16.1537,0.0,False,False,False,False
91.2034,59.0585,42.4362,98.4667,89.0,66.4142,68.8966,98.086,0.0,False,False,False,False
67.8064,79.9065,7.3629,20.8083,15.0,65.3824,67.0272,45.9164,1.0,False,False,False,False
21.7479,8.2721,64.3729,54.2072,40.0,21.3094,34.9297,64.5699,1.0,False,True,False,True
90.0155,11.0437,46.557,5.7928,96.0,62.9645,84.4139,3.514,1.0,False,False,False,False
29.0288,84.7857,48.1309,12.1246,1.0,90.6218,33.8238,99.0805,0.0,False,False,False,True
53.7869,7.9886,36.0429,99.6044,92.0,38.4088,18.4119,35.644,0.0,False,False,False,False
22.7995,47.5676,18.7633,55.0285,69.0,32.0775,26.5267,18.952,1.0,True,False,False,True
27.542,90.6035,26.5548,57.185,11.0,78.2348,24.9106,92.5794,1.0,False,False,True,True
49.7864,93.6679,60.7607,16.8262,40.0,39.9083,27.3235,53.987,0.0,False,False,False,False
41.0684,87.4408,94.4011,43.8145,88.0,62.5003,57.3762,25.2246,1.0,True,False,True,True
28.8324,50.2372,85.5507,96.6209,39.0,94.7933,11.174,66.7588,1.0,False,False,True,False
18.0329,88.1242,25.3863,76.0803,72.0,9.0105,59.6916,14.3371,1.0,True,False,True,True
70.7867,87.2464,59.2666,90.4347,15.0,76.0455,17.2889,98.4432,1.0,False,False,True,True
69.8794,67.6868,75.8197,36.1213,21.0,88.8414,35.3047,26.2505,0.0,False,False,False,False
62.8292,15.0757,40.6246,89.3728,30.0,22.9205,65.4593,11.9535,1.0,True,False,False,False
66.6747,16.5111,65.4151,88.0654,22.0,44.0127,35.2041,40.4037,0.0,True,True,False,True
71.2705,58.2072,63.9905,93.7686,3.0,79.5835,51.3636,78.0822,1.0,False,False,False,False
20.5553,63.433,13.5189,7.7545,74.0,9.5541,48.7734,21.5865,0.0,False,False,False,False
51.5083,92.2038,81.5523,40.8689,60.0,33.6615,81.19,4.1986,0.0,False,False,False,False
4.4825,36.6962,44.3895,4.8236,26.0,45.8991,87.1058,11.4477,0.0,True,False,False,False
41.0542,15.5224,86.3828,89.0331,82.0,39.9371,53.7079,50.3358,0.0,False,False,False,False
62.1298,97.6271,33.5202,39.0787,66.0,56.5387,29.6139,66.933,1.0,True,False,True,True
93.489,84.4835,44.7358,23.1901,11.0,39.0515,17.6928,41.8979,1.0,False,False,False,False
86.9657,80.9856,72.0241,64.9529,22.0,55.5323,49.6709,25.1477,1.0,True,False,True,True
73.0282,25.2876,1.5254,94.8243,80.0,51.3779,67.1918,2.2706,0.0,False,False,False,False
63.8086,30.22,51.5258,98.9718,60.0,6.9104,43.1168,45.5521,1.0,True,False,True,True
53.382,99.6375,59.4402,41.4022,59.0,55.92,99.8861,45.5721,1.0,True,False,False,False
87.3271,40.5657,49.234,8.6188,87.0,25.7499,14.7891,39.7625,0.0,False,False,False,False
34.2128,17.7858,14.9805,73.946,78.0,40.7494,47.9591,87.7754,0.0,False,False,False,False
40.4698,21.5831,35.4087,37.2776,11.0,98.4656,70.0006,29.7746,0.0,False,False,False,False
7.326,3.5846,94.1813,77.2886,23.0,63.7425,41.5003,61.02,1.0,False,False,False,False
90.7414,81.5735,47.278,39.2668,85.0,81.2295,4.6137,98.0458,1.0,False,False,False,False
21.3966,18.3597,38.6597,13.2102,59.0,26.1759,91.5013,76.2175,0.0,False,False,False,False
58.3573,93.4904,13.4962,76.8406,33.0,47.6351,5.9695,73.2924,0.0,False,False,False,False
47.0146,55.1652,42.4455,19.1198,88.0,11.4562,16.962,28.0682,1.0,True,False,True,True
16.4498,61.7119,88.2756,62.858,52.0,61.0755,71.3693,19.1134,1.0,True,False,True,True
89.1674,10.4881,53.2601,6.3531,82.0,62.658,80.0547,89.0765,0.0,False,False,False,False
90.5504,11.1466,40.2314,80.747,18.0,87.9335,86.0784,54.1658,1.0,False,False,False,False
34.7062,61.4539,85.5055,86.9412,1.0,53.733,80.7477,37.3893,0.0,False,False,False,False
38.254,60.6979,24.1512,72.5328,88.0,52.1038,19.6114,96.86,1.0,False,False,True,True
20.2783,95.721,6.9163,22.9468,86.0,71.9823,20.5663,7.0783,1.0,False,False,False,False
95.0264,53.5937,58.183,40.076,65.0,49.2613,50.6254,9.4721,0.0,False,False,False,False
80.3798,65.8069,21.7972,11.0211,22.0,38.0186,91.5027,4.8921,0.0,False,False,False,False
96.055,28.5125,73.636,61.4641,48.0,18.3072,4.0081,66.8825,1.0,False,False,False,False
51.3455,1.032,62.5206,62.2543,94.0,83.8896,36.5955,24.8735,0.0,False,False,False,False
8.4585,75.7634,17.5179,90.3943,5.0,34.6403,90.013,80.539,1.0,False,False,False,False
25.2876,29.47,46.8266,12.554,3.0,76.6113,30.7598,44.0946,1.0,False,False,False,False
89.1576,88.9257,74.7674,75.6993,19.0,43.6784,83.5756,34.684,0.0,False,False,False,False
66.0306,13.5763,65.1031,76.8404,54.0,35.4987,71.2744,21.0047,0.0,False,False,False,False
5.6233,92.3223,99.0915,64.8959,43.0,7.8386,86.5665,10.7218,0.0,True,False,False,False
29.9413,48.7383,26.3545,6.3432,0.0,20.0672,42.0155,22.6998,0.0,False,False,False,True
61.9286,80.1206,25.8898,4.0037,72.0,35.0041,58.5228,34.0424,1.0,True,False,False,False
27.4039,59.6377,12.8918,6.6975,38.0,22.0747,8.8593,18.8952,0.0,False,False,False,False
46.8848,49.0689,27.4681,4.7932,38.0,20.2512,82.9226,3.1872,0.0,False,False,False,False
43.298,4.9251,79.9925,3.5967,26.0,90.9508,49.456,1.3037,0.0,False,False,False,False
94.3947,47.3186,38.0934,31.8881,43.0,27.5426,67.2423,30.0679,1.0,False,False,False,False
39.3781,85.7443,90.0195,35.252,72.0,46.569,51.3317,44.9658,0.0,True,False,False,False
28.9289,6.876,75.3409,73.8345,40.0,48.394,95.338,6.2782,1.0,False,False,False,False
51.2652,49.4157,54.0457,15.0005,32.0,86.0235,65.5558,58.191,1.0,True,False,False,False
7.3554,28.6255,86.5908,59.3599,2.0,35.1283,99.8523,92.313,1.0,False,False,False,False
79.8194,47.947,74.4065,33.7072,45.0,21.0272,8.2762,8.9695,0.0,True,False,False,False
23.9216,32.2477,13.8792,70.9793,76.0,27.3043,49.9773,62.6767,1.0,False,False,False,True
82.5449,15.1917,9.9082,27.1948,36.0,87.0101,60.5094,68.5556,1.0,False,False,False,False
85.3685,67.2358,86.8694,28.2717,90.0,4.3226,16.7941,81.7511,1.0,True,False,True,False
23.7143,4.8828,79.1077,2.0581,19.0,27.8806,7.6085,29.6761,0.0,False,False,False,False
15.2485,11.2326,83.073,25.102,57.0,5.629,83.5349,71.5213,0.0,False,True,False,False
50.9071,33.397,42.4174,83.5993,38.0,45.0738,39.7296,15.681,1.0,True,True,True,True
42.5871,92.937,57.2953,49.8743,66.0,31.1562,91.6935,73.1713,1.0,True,True,True,True
42.8119,18.0024,68.6438,20.5319,11.0,79.5063,2.3034,23.7329,1.0,False,False,False,False
35.8364,49.6464,81.5615,88.6837,30.0,46.5315,38.0818,7.3371,1.0,True,True,True,True
60.4879,87.7604,83.8133,99.5156,5.0,61.4984,49.3025,39.2044,0.0,False,True,False,True
49.9635,53.4926,42.755,14.2501,89.0,25.168,36.5179,61.0149,0.0,False,False,False,False
20.494,3.7508,64.2116,56.8751,97.0,92.7787,39.2033,95.2225,0.0,False,False,False,False
64.8459,27.5214,10.0046,79.4987,77.0,67.193,49.9811,93.3988,1.0,False,False,False,False
29.8661,50.6223,46.314,66.7677,46.0,45.8727,59.1437,17.2824,1.0,True,False,True,True
12.8875,49.3559,58.1259,62.4755,97.0,0.9936,52.4364,13.2518,1.0,True,True,True,True
21.6422,13.7966,19.3187,37.2818,12.0,3.4991,11.3332,67.4016,1.0,False,False,False,False
50.1153,63.622,57.4873,8.6053,63.0,22.1955,56.6622,90.8744,1.0,True,False,False,True
71.6219,93.2152,28.0927,54.8468,61.0,78.3981,92.4166,14.3464,0.0,False,False,False,False
23.9293,49.3319,19.1643,28.9306,1.0,71.9188,81.2174,94.5456,0.0,False,False,False,False
0.8053,82.9626,6.0817,93.7864,54.0,6.5258,98.7509,12.8178,1.0,False,False,False,False
28.0749,38.6825,66.73,2.0167,67.0,96.4829,67.5295,82.953,1.0,False,False,False,False
45.1913,5.1933,84.3437,88.7936,82.0,13.4174,62.5585,22.5695,0.0,False,False,False,False
45.6746,34.5675,97.8138,33.3955,56.0,71.9713,21.1172,20.9634,1.0,True,False,True,True
40.8426,74.4487,83.352,21.8844,20.0,97.5922,85.1264,13.9341,1.0,False,False,False,False
3.5136,3.6259,76.0484,97.8616,7.0,32.6864,41.4403,73.833,1.0,False,False,False,False
20.1435,54.4825,95.362,16.9608,80.0,87.9834,41.1955,3.1699,1.0,True,False,False,False
45.5418,13.0923,24.5943,79.6483,50.0,22.1142,23.9689,10.9004,0.0,False,False,False,False
62.0186,33.7047,81.462,39.422,64.0,68.4936,63.2948,68.2712,1.0,True,False,True,True
66.1623,2.1516,35.5637,43.9974,65.0,5.5701,97.5666,27.1333,1.0,False,False,False,False
52.968,44.2876,7.5403,68.0425,82.0,51.1283,20.8048,68.2431,1.0,False,False,False,False
14.6648,6.4903,7.6983,60.6199,61.0,2.1843,32.7579,37.8637,0.0,False,False,False,False
43.8558,70.976,51.8243,72.3809,95.0,6.7738,12.9478,47.853,1.0,True,False,True,True
0.5755,61.4105,48.1371,18.1983,38.0,22.1285,78.2482,37.1102,1.0,True,True,False,True
36.7803,23.2777,99.0552,28.8641,32.0,60.3111,2.1864,8.0847,1.0,False,False,True,False
25.9089,93.6499,28.8524,94.5842,77.0,31.7312,48.5371,22.3561,1.0,True,True,True,True
73.3572,31.5059,87.7489,17.3801,9.0,85.2499,68.0512,90.4616,0.0,False,False,False,False
24.4216,82.7824,88.7235,84.0051,8.0,64.9533,60.5463,75.2714,1.0,True,False,True,True
21.9363,30.0414,77.8501,31.2245,73.0,41.6192,38.6506,62.4299,0.0,False,True,False,False
16.7101,46.4277,78.4551,41.4008,18.0,74.1721,73.7109,99.0573,0.0,False,False,False,False
36.9201,47.52,83.8819,4.8096,58.0,77.4464,69.9163,8.3236,1.0,True,False,False,False
28.078,44.674,5.8705,47.2807,48.0,67.563,96.9507,41.2993,1.0,False,False,False,False
53.6924,33.7493,27.9583,2.6893,28.0,48.6043,2.5641,70.3525,1.0,False,False,False,False
16.2871,21.0044,59.9765,2.8334,93.0,81.5138,70.8209,35.1129,1.0,True,False,False,False
19.1758,47.4599,24.6412,0.1199,54.0,13.0254,84.8085,62.2132,0.0,True,False,False,False
32.8821,49.7092,32.5939,86.4829,88.0,85.1221,64.6231,95.7476,0.0,False,True,False,False
43.2555,25.6881,57.1109,24.386,31.0,21.008,81.5041,34.9979,1.0,True,False,True,True
36.9259,53.8403,47.8659,32.2035,24.0,13.2223,40.5285,65.4238,1.0,True,True,True,True
27.4261,68.7903,77.6489,66.5097,36.0,63.0264,88.8278,43.7579,0.0,False,False,False,False
6.7861,59.0084,30.9985,92.3999,4.0,23.4897,60.3959,57.4158,1.0,False,False,False,False
49.6212,43.0218,73.2931,4.6717,81.0,56.5881,36.2437,52.1468,1.0,True,False,False,False
0.2984,39.9646,51.4159,79.7521,10.0,60.176,35.2049,57.3753,0.0,False,True,False,False
28.8038,19.4566,77.5325,51.0201,18.0,51.1463,18.158,73.8689,1.0,True,False,True,True
27.3987,57.4658,62.8702,40.6192,83.0,95.5296,2.9502,75.4589,0.0,False,False,False,False
60.9486,68.8984,93.9878,22.3354,69.0,90.0113,96.871,37.776,0.0,False,False,False,False
3.0393,97.3009,58.9077,27.2855,68.0,77.5165,17.0268,83.7419,0.0,True,True,False,True
95.898,96.8918,94.4875,92.6377,39.0,13.9166,58.2935,68.6719,0.0,False,False,False,False
84.0004,57.6269,17.2602,44.227,22.0,31.5844,17.9826,39.4653,0.0,False,False,False,False
25.9289,86.7929,18.2321,34.6469,11.0,0.6565,71.5616,49.4253,1.0,True,False,False,True
88.4795,7.2582,40.9625,43.394,90.0,99.4628,29.5154,78.6953,1.0,False,False,False,False
20.9638,70.9814,68.0646,98.0253,21.0,93.5514,77.1946,28.3236,1.0,False,False,False,True
13.8424,67.7485,2.3063,20.0371,6.0,44.4582,53.1407,12.1961,1.0,False,False,False,False
86.3589,25.1506,90.5672,89.4267,3.0,14.1118,73.4559,17.8211,1.0,False,False,False,False
67.5963,86.6117,48.6768,30.3913,0.0,64.9258,77.7054,7.567,0.0,False,False,False,False
23.6578,55.3225,0.1071,23.8896,78.0,89.1537,0.0097,13.8979,0.0,False,False,False,True
3.1746,50.0667,49.5095,2.8925,75.0,26.6777,62.572,59.5221,1.0,True,False,False,False
38.3862,75.4232,44.9338,41.6993,80.0,26.5053,6.0083,11.7324,1.0,True,False,False,True
21.4519,46.9686,19.1064,64.9941,95.0,13.5468,42.6286,84.8708,1.0,True,False,True,True
27.4022,76.5957,57.1341,20.8555,89.0,15.124,97.5978,16.5379,1.0,True,False,False,False
27.8734,48.469,19.3661,1.6917,56.0,13.3137,28.9319,18.1208,1.0,True,False,False,False
88.5961,74.8299,69.7373,62.8884,60.0,25.9047,70.4952,74.2794,1.0,False,False,False,False
22.0169,13.2435,95.1157,66.7375,17.0,14.2486,46.8423,17.0674,1.0,True,False,True,True
72.1712,52.5851,98.043,21.3881,96.0,77.4592,30.8487,77.8278,0.0,False,False,False,False
79.4511,65.7785,1.2816,99.6481,42.0,82.8118,74.4448,60.3627,0.0,False,False,False,False
28.2561,0.5487,63.7695,94.2629,87.0,89.4291,80.5415,13.7416,0.0,False,False,False,True
97.4746,65.7928,14.8823,47.9527,47.0,5.804,86.703,23.7335,0.0,False,False,False,False
57.7017,13.8966,22.8472,21.3725,77.0,83.0004,28.4254,12.1915,0.0,False,False,False,False
6.9038,22.176,43.5027,11.0695,33.0,71.45,58.3862,29.7515,1.0,True,False,False,False
7.2403,33.5433,44.634,80.0504,66.0,9.1986,83.8974,67.0633,0.0,False,True,False,False
58.0609,8.841,75.398,51.6034,27.0,54.7596,68.0235,91.4986,0.0,False,False,False,False
49.0097,32.7,88.6728,63.4778,63.0,18.9538,43.7503,54.189,0.0,True,True,False,False
65.5283,66.1223,18.158,73.9521,22.0,49.2511,59.9033,21.0647,0.0,True,False,False,False
69.8011,81.2153,45.8744,55.338,51.0,15.0281,82.8287,15.2147,1.0,True,False,True,True
24.0311,4.9656,98.3005,16.4433,20.0,34.782,1.5673,29.7934,0.0,False,False,False,False
77.4719,14.3087,45.2521,43.383,15.0,44.8829,28.5402,20.712,1.0,False,False,False,True
52.6388,7.7022,40.8888,56.8735,70.0,94.3874,57.2651,49.4431,1.0,False,False,False,False
32.2174,38.5766,9.5035,53.7173,2.0,6.4165,34.7186,80.9237,1.0,False,False,False,False
39.2684,82.9685,58.12,78.1645,67.0,51.2835,23.2293,32.9213,0.0,True,False,True,False
5.221,37.7111,87.9185,28.3981,38.0,86.3306,15.8593,19.8707,0.0,False,False,False,False
42.9411,24.7736,65.7091,80.5233,66.0,73.5556,96.1708,38.054,0.0,False,True,False,False
82.3889,42.6742,48.3712,26.2194,24.0,81.4789,67.0291,91.8789,0.0,False,False,False,False
67.3884,97.7112,63.732,1.5166,89.0,14.8276,13.7178,24.3901,1.0,True,False,False,False
25.6568,6.9709,62.3677,99.2479,88.0,76.2811,44.5284,11.3549,1.0,False,False,False,False
45.428,22.2356,26.9072,57.3875,59.0,62.9887,0.5652,10.1475,1.0,False,False,False,False
18.3346,39.9035,44.0292,41.8453,72.0,65.2715,47.8952,9.4367,0.0,True,True,False,False
31.9373,53.949,50.4757,17.0811,0.0,42.5941,84.8941,28.7204,1.0,False,False,False,False
1.4631,16.3393,4.388,96.1178,100.0,40.3423,15.3229,52.3625,0.0,False,False,False,False
15.5783,65.8415,96.9377,26.4672,88.0,18.7445,30.1774,45.1304,0.0,True,True,False,True
80.1795,0.3884,67.6048,74.2527,91.0,80.9207,71.6246,4.6325,1.0,False,False,False,False
88.6467,86.2972,60.0341,80.8401,60.0,89.7733,81.5904,10.8731,0.0,False,False,False,False
97.441,24.9608,33.698,3.9796,72.0,43.9806,4.501,98.9973,1.0,False,False,False,False
6.3452,88.0744,35.3782,19.7995,40.0,71.1537,59.5028,49.866,1.0,True,False,True,True
77.8669,91.1096,26.0517,18.2939,65.0,54.4111,17.8298,26.2498,1.0,True,False,False,False
46.1078,34.4913,30.2315,52.5045,77.0,30.3211,26.2489,38.2166,1.0,True,False,False,True
81.9163,21.3726,76.0097,59.1727,46.0,4.7641,8.3907,14.0668,0.0,False,False,False,False
81.7466,81.8392,29.4812,23.4377,71.0,38.3174,23.6374,34.2399,1.0,True,False,False,True
14.0678,46.7706,39.1577,13.5364,70.0,15.0671,91.2133,36.0919,0.0,True,False,False,False
55.9803,28.0538,61.0473,13.4893,49.0,24.6155,3.4429,4.1122,0.0,False,False,False,False
51.3323,88.1529,19.4216,88.5831,94.0,39.9144,52.4536,97.4805,0.0,False,False,False,False
0.0571,30.9564,58.2151,62.5451,86.0,36.7167,15.8884,31.8367,1.0,True,False,True,True
99.8431,22.2188,40.7395,73.427,73.0,66.6717,99.2529,63.1911,1.0,False,False,False,False
94.2393,1.3709,82.5594,38.6464,43.0,14.23,35.7552,72.4795,1.0,False,False,False,False
41.9945,65.8202,67.8327,70.0517,83.0,74.9594,46.6343,14.8357,0.0,True,False,False,False
57.0807,10.9465,39.6437,37.042,60.0,52.2852,98.1326,4.6963,0.0,False,False,False,False
76.5948,69.4869,58.0476,32.7996,95.0,6.7581,89.1387,7.6592,0.0,True,False,False,False
82.7732,94.9482,15.3185,57.2044,35.0,38.5307,33.6177,84.7162,0.0,False,True,False,False
39.8337,65.0134,68.8292,99.4516,4.0,47.1129,1.5143,61.4945,0.0,False,False,False,False
74.9909,4.4642,77.7548,2.1726,14.0,14.1753,88.3302,99.7708,1.0,False,False,False,False
34.6481,37.7159,12.9922,87.6527,74.0,84.9032,78.0142,22.4939,0.0,False,False,False,False
39.452,60.2938,0.8524,72.828,11.0,36.7104,38.0766,61.0934,1.0,False,False,False,False
39.1294,86.6482,51.3933,59.3966,65.0,13.7134,19.0906,16.974,0.0,False,False,False,False
70.0818,17.6639,60.8275,73.3547,15.0,3.7537,10.3277,64.0516,1.0,True,False,False,True
71.2527,97.2273,12.3395,32.3651,33.0,52.9284,28.1093,77.2615,0.0,False,False,False,False
26.9728,28.5331,16.1382,19.3282,9.0,79.4978,66.3419,89.4226,1.0,False,False,False,False
55.5395,62.178,34.8413,29.3482,76.0,63.9068,55.4956,44.3514,0.0,False,True,False,False
81.9982,93.9812,15.3859,11.9786,79.0,93.8567,47.0498,59.4248,0.0,False,False,False,False
24.4324,14.327,53.9711,88.5438,47.0,94.9733,27.936,69.8449,0.0,False,True,False,False
44.1531,58.9261,20.9572,99.4387,14.0,40.5478,63.6949,36.6604,0.0,False,False,False,False
52.1489,72.258,79.1513,40.7963,93.0,98.3854,73.1297,10.3658,1.0,False,False,False,False
29.9633,24.3389,54.9143,75.3182,76.0,24.6914,34.2906,26.241,1.0,True,False,True,True
35.5058,90.5587,15.9155,15.9328,38.0,28.5965,59.6131,66.0788,1.0,True,False,False,False
54.5931,5.0247,42.7903,75.8578,67.0,75.3363,52.0271,84.9036,0.0,False,False,False,False
15.167,19.4756,35.4418,72.4283,11.0,40.9694,93.1464,73.8728,0.0,False,False,False,False
16.1875,64.1272,67.4694,79.7892,6.0,76.3252,77.2156,28.4485,1.0,True,False,False,True
41.5747,85.122,61.406,41.9737,91.0,59.8884,77.9643,39.5358,1.0,True,True,True,True
56.9267,31.9896,16.2056,89.9812,8.0,5.3391,75.3361,42.3961,1.0,False,False,False,False
77.1029,17.6796,30.9506,62.7604,10.0,34.0796,76.3694,13.4961,1.0,False,False,False,False
30.8859,2.2479,11.445,51.967,64.0,31.6482,43.1497,28.7296,1.0,False,False,False,False
50.5834,38.7923,95.9244,5.0389,37.0,87.1939,29.1337,42.6844,1.0,True,False,False,False
67.3271,66.5472,38.0773,37.377,100.0,42.3666,60.3803,58.886,1.0,True,False,True,True
53.1595,13.0151,86.2455,34.0321,35.0,41.0843,9.9456,7.5051,1.0,True,False,False,False
16.2796,83.0164,88.5155,98.0605,72.0,9.8999,34.4538,5.715,0.0,True,False,False,False
1.4922,89.9886,73.2416,74.718,28.0,11.9045,28.5571,92.9217,0.0,False,True,True,False
11.5223,10.754,64.5849,86.9677,62.0,55.1264,56.4624,66.1713,1.0,False,False,False,True
18.009,16.0806,87.2202,48.4399,36.0,43.4985,39.1531,75.3472,1.0,True,True,False,True
9.0903,65.1061,53.958,16.4291,32.0,84.7254,52.7136,16.5077,0.0,False,False,False,False
0.1579,39.6634,21.7173,42.6746,40.0,55.2408,36.9972,21.6984,0.0,False,True,False,False
61.4937,6.3698,59.022,67.7354,24.0,24.4646,22.5509,93.9783,1.0,False,False,False,False
83.7609,2.4978,90.4139,20.5382,97.0,7.9533,56.9384,74.6652,1.0,False,False,False,False
43.744,90.0056,9.2563,18.4603,23.0,46.9611,0.1208,37.7262,0.0,False,False,True,False
31.6874,45.52,59.1091,85.1232,84.0,40.5527,63.1552,18.1776,0.0,True,True,False,True
51.8064,41.7379,21.2349,36.4505,8.0,0.4606,24.3826,7.5716,0.0,False,True,False,False
67.6707,92.11,5.5311,86.1185,32.0,19.4643,15.8701,61.3938,0.0,False,False,False,False
66.7921,40.9977,57.4653,61.6234,61.0,30.6624,89.8037,22.364,1.0,True,True,False,True
57.9625,74.5927,26.271,93.1214,3.0,63.6364,28.7355,3.2104,1.0,False,False,False,False
31.0777,58.7902,26.3241,60.2852,64.0,9.0645,13.7981,72.4985,0.0,True,True,False,False
95.9672,72.4317,50.6522,64.5086,30.0,33.7266,96.9054,56.2617,0.0,False,False,False,False
95.451,69.9061,49.6556,0.7723,96.0,51.9572,11.6366,36.0838,0.0,False,False,False,False
90.1707,51.2258,41.9013,17.1043,98.0,35.4155,67.4454,20.3687,0.0,False,False,False,False
82.1461,9.0,26.9998,59.4127,25.0,73.7827,39.2958,6.3843,0.0,False,False,False,False
34.7155,38.8418,89.0007,34.6483,57.0,36.7354,3.0886,43.2563,0.0,False,True,False,False
37.8936,41.895,68.6273,93.5441,36.0,0.4611,65.6436,47.0799,1.0,True,True,True,True
35.2638,26.675,7.3303,38.655,25.0,88.7065,80.3093,82.4553,0.0,False,False,False,False
74.6787,90.3516,21.2826,0.3992,88.0,56.2977,68.5472,34.6,0.0,False,False,False,False
64.1948,68.1338,4.6305,71.4042,15.0,96.7303,5.5602,46.0167,1.0,False,False,False,False
84.7347,15.8288,19.2262,45.8508,21.0,7.5959,32.9957,90.3292,1.0,False,False,False,False
19.0787,99.6495,43.4852,13.4607,24.0,66.5054,50.4623,48.5595,1.0,True,False,False,False
54.8844,39.266,52.9094,73.4886,88.0,41.5149,62.9204,2.7647,0.0,True,False,False,False
96.6059,62.7279,23.1238,80.3173,89.0,59.9003,48.9969,85.3981,0.0,False,False,False,False
47.2448,3.1754,94.5965,25.5204,14.0,52.3843,3.571,32.8366,0.0,False,False,False,False
15.5328,94.1886,67.1989,24.2356,60.0,74.6355,43.2248,67.8139,0.0,False,False,False,False
89.8783,63.7171,3.6233,6.2698,63.0,62.068,64.639,54.7881,1.0,False,False,False,False
6.6237,94.2944,95.9497,64.3599,58.0,88.4494,31.5868,87.9283,0.0,False,False,False,True
86.529,91.4919,37.4517,81.326,40.0,75.808,65.0922,33.9488,1.0,False,False,False,True
38.4422,84.0295,8.5685,64.6434,15.0,28.6945,38.336,86.9367,0.0,False,False,False,False
63.0217,48.4713,65.5971,60.938,69.0,10.1375,3.0069,70.1144,1.0,False,False,True,True
31.0575,15.3314,8.9041,53.3424,9.0,97.823,14.7365,30.9306,0.0,False,False,False,False
1.523,11.9236,79.8309,93.8064,11.0,30.7002,90.5779,98.2984,1.0,False,False,True,False
96.77,78.8419,94.0691,67.7474,73.0,59.4045,85.6004,42.4142,1.0,False,False,False,False
15.8433,30.871,46.9432,81.9101,1.0,96.374,18.0363,36.7482,0.0,False,False,False,False
35.3083,4.8284,27.5031,19.7337,62.0,32.9358,98.305,64.4806,0.0,False,False,False,False
10.0098,5.0323,48.6103,33.2735,85.0,95.3833,45.4924,36.9114,1.0,False,False,False,False
9.37,8.9146,0.2565,49.6862,3.0,95.0776,47.2605,47.9687,0.0,False,False,False,False
75.2806,30.2329,49.9779,11.3515,1.0,83.5996,93.7585,66.227,0.0,False,False,False,False
32.4848,57.61,17.3442,40.0794,50.0,52.137,65.1557,63.7466,0.0,True,False,False,False
11.7664,0.8491,31.3498,0.5495,9.0,8.8499,82.8367,49.7281,0.0,False,False,False,False
2.1512,91.6544,70.8652,28.3979,14.0,49.2181,34.8171,56.977,1.0,True,False,True,True
18.1077,34.6933,49.376,42.1926,26.0,21.3254,17.9802,3.2455,1.0,True,False,False,False
73.6492,8.6003,25.9476,39.1629,45.0,55.2291,66.8565,1.0401,1.0,False,False,False,False
36.3942,84.0986,12.3725,43.5577,13.0,56.9232,74.4799,29.8596,1.0,False,False,False,False
76.986,48.2977,15.2062,63.4746,4.0,14.2473,8.5878,91.8326,1.0,False,False,False,False
30.2525,7.2487,76.1557,26.8251,9.0,61.474,93.6073,94.6362,0.0,False,False,False,False
67.8322,10.8961,52.3614,8.8663,20.0,24.6269,85.9469,72.9845,1.0,True,False,False,False
76.5954,77.2648,8.7194,83.2469,76.0,64.4641,82.5989,65.3609,1.0,False,False,False,False
88.9348,70.4345,68.2598,19.0214,99.0,41.6765,41.7058,70.1663,0.0,False,False,False,False
11.3625,53.6876,80.4238,34.1969,91.0,60.9364,61.2803,3.9088,0.0,True,False,False,False
23.1099,8.1222,27.0025,20.5046,1.0,0.9631,0.0282,96.6742,1.0,False,False,False,False
60.537,33.5818,83.8188,44.1427,43.0,3.8644,41.0958,24.5258,1.0,True,True,True,True
89.436,21.8117,89.698,25.281,33.0,64.2847,75.5785,47.5265,0.0,False,False,False,False
37.8191,41.5958,62.3708,60.1092,21.0,23.8926,3.4004,99.7889,1.0,False,False,True,True
1.7048,76.142,29.4297,80.1245,60.0,7.2835,10.8483,50.0813,1.0,True,False,True,True
31.9634,34.283,34.2577,25.0298,99.0,96.9092,24.9844,75.5031,1.0,False,False,False,False
41.5709,97.1658,68.9234,29.6859,16.0,95.433,62.7829,37.2754,0.0,False,False,False,False
28.4471,24.2309,32.8084,37.6678,58.0,70.5824,56.5628,73.2128,0.0,False,False,False,False
50.9968,18.9167,64.7118,31.2984,3.0,66.8593,69.4056,86.7035,0.0,False,False,False,False
1.6439,69.4915,59.6846,7.4488,15.0,73.3229,48.8802,67.385,0.0,False,False,False,False
81.2174,78.7036,25.4045,75.9593,56.0,23.2078,34.0983,3.0922,1.0,True,False,False,False
36.6984,5.8546,93.3583,86.0364,63.0,19.3208,7.3348,6.1965,1.0,False,False,False,False
60.0587,44.7778,51.5282,74.3778,31.0,45.7061,75.9777,52.1083,1.0,True,False,True,True
33.1752,76.2455,92.566,94.9924,88.0,78.868,29.5035,83.554,1.0,True,False,True,True
91.1589,12.9204,64.438,9.5969,1.0,40.93,24.2974,36.0714,1.0,False,False,False,False
41.833,14.8913,79.355,23.3918,93.0,69.2799,29.089,46.3653,0.0,False,False,False,False
72.3033,14.0233,71.2499,9.0703,93.0,69.0822,9.6821,42.5495,0.0,False,False,False,False
80.3264,78.8168,62.1739,33.2419,66.0,32.8973,85.6988,1.006,1.0,True,False,False,False
22.9779,34.019,87.7588,84.855,15.0,24.5661,50.3594,47.2855,1.0,True,False,True,True
26.1466,2.5664,86.6148,3.0296,22.0,40.4924,8.175,50.0005,1.0,False,False,False,False
4.5023,71.455,14.8244,17.0319,12.0,44.7343,59.4267,28.7606,0.0,False,False,False,False
92.9622,56.9283,36.0338,35.4808,69.0,51.0496,56.2366,98.5545,0.0,False,False,False,False
50.4553,72.4471,55.6976,50.9078,93.0,68.7059,17.6785,43.1249,1.0,True,False,True,True
29.6085,52.5121,65.6788,27.5398,1.0,28.4717,9.7691,70.8217,1.0,False,False,False,False
93.2726,48.5589,82.1515,28.1246,63.0,58.6705,21.553,15.4272,1.0,False,False,False,False
60.806,21.053,59.4268,19.983,100.0,0.3568,37.9352,96.4883,0.0,False,False,False,False
20.003,73.6199,78.7397,10.4832,82.0,82.7177,57.5458,61.9269,0.0,False,False,False,False
48.4405,78.4101,27.4628,70.5948,85.0,10.589,82.652,58.699,1.0,True,False,True,True
29.4034,56.7834,77.5113,20.7292,3.0,32.7715,32.1367,52.3574,1.0,False,False,False,False
50.0367,71.0363,52.0651,0.0806,27.0,10.8843,6.5601,70.2011,1.0,True,False,False,False
29.9514,68.7526,28.0228,60.5757,67.0,16.1003,42.6266,4.7318,0.0,True,False,False,False
18.4359,51.6604,38.9615,40.0017,49.0,62.8884,80.3771,7.5494,1.0,True,False,True,False
47.1585,14.406,4.7868,21.4154,50.0,11.8392,81.8733,53.4575,0.0,False,False,False,False
89.9243,11.8364,97.3,47.8732,62.0,8.8529,66.4017,3.8603,0.0,False,False,False,False
35.2874,7.8307,80.1431,13.3788,27.0,73.5573,29.051,94.1438,1.0,False,False,False,False
44.8825,86.6151,70.986,37.5349,96.0,23.5152,25.8376,95.7198,1.0,True,False,True,True
65.5305,34.3837,92.3309,8.228,5.0,27.3832,40.8156,17.9885,1.0,False,False,False,False
44.6343,53.6955,95.8224,68.0409,34.0,75.6995,8.4508,75.8467,1.0,True,False,True,True
58.7845,93.9712,14.6538,17.9748,64.0,34.9254,35.978,92.0665,1.0,True,False,False,True
27.5179,35.5548,77.2287,52.8423,74.0,95.2549,65.7333,47.5562,1.0,False,True,True,True
21.6797,71.5848,98.4767,6.2026,53.0,56.6495,70.2987,87.8906,0.0,False,False,False,False
45.7108,85.2279,22.2305,12.2689,31.0,67.595,23.8718,20.9791,1.0,True,False,False,False
90.695,84.8627,10.4303,73.2991,62.0,0.5234,46.9126,26.6703,1.0,False,False,False,False
76.5341,49.6745,34.2535,0.6852,58.0,21.0709,63.9279,14.3406,0.0,True,False,False,False
86.5727,3.1427,2.4341,46.8975,74.0,21.8866,4.8009,91.7371,0.0,False,False,False,False
16.7782,1.814,92.9094,43.4749,39.0,92.0536,79.4221,3.912,1.0,False,False,False,False
30.0139,18.8621,38.3275,27.9055,83.0,33.0161,54.4762,69.7913,0.0,True,False,False,False
37.8609,11.7609,36.2337,11.7537,30.0,39.2116,83.0455,45.6857,1.0,True,False,False,False
19.1441,36.5532,60.5613,31.7785,51.0,72.5236,98.0507,36.9439,0.0,False,True,False,False
9.353,91.723,63.1471,3.8432,89.0,81.3965,14.5507,24.0656,1.0,True,False,False,False
41.4519,61.1491,61.107,78.6463,57.0,54.0087,25.7775,22.0736,1.0,True,False,True,True
39.0443,86.7875,55.4427,53.5632,93.0,99.752,31.4,19.9953,1.0,False,False,False,False
75.8564,91.0016,27.9658,44.8598,24.0,27.6462,32.7208,86.9103,0.0,False,False,False,False
1.9906,4.3461,58.4856,84.7921,36.0,37.1101,8.8037,37.068,1.0,False,False,False,False
70.1853,89.7439,4.3764,91.1326,97.0,48.4129,3.3838,17.6417,1.0,False,False,False,False
89.8727,73.7025,19.5154,24.283,47.0,97.2566,43.2777,93.8953,1.0,False,False,False,False
87.217,76.7461,95.4451,83.1895,76.0,76.6585,54.6792,31.1812,0.0,False,False,False,False
91.7592,69.6035,23.5111,22.3392,97.0,86.6412,75.8299,92.3707,1.0,False,False,False,False
84.0476,4.8332,74.089,60.693,2.0,35.2372,16.6979,65.8397,1.0,False,False,False,False
48.037,15.1127,30.7613,40.4,82.0,56.465,78.9589,18.3666,1.0,True,False,False,False
41.3805,29.1869,5.8905,56.8369,92.0,44.2928,64.5465,64.5067,0.0,False,False,False,False
9.2456,17.764,17.3747,6.258,26.0,26.9149,52.6647,94.4238,0.0,False,False,False,False
97.26,82.2554,84.9888,78.6983,51.0,18.0115,19.4444,40.1401,0.0,False,False,False,False
66.8249,34.3005,68.7249,81.389,30.0,95.4483,39.9183,32.4611,0.0,False,False,False,False
21.052,26.4805,13.2375,73.4425,69.0,75.6065,30.7051,23.8975,1.0,True,False,False,False
62.3918,98.5722,12.079,24.3976,19.0,73.2832,36.8746,98.6232,1.0,False,False,False,False
56.2509,54.6707,37.7311,85.238,37.0,63.0283,17.6903,69.2994,0.0,True,False,False,False
54.8952,50.6408,34.5094,47.7796,73.0,97.0214,47.982,49.4803,0.0,False,False,False,False
87.7574,22.1254,83.1308,53.8935,80.0,16.9202,31.7119,30.994,0.0,False,False,False,False
39.7662,15.6764,25.5862,19.6988,55.0,55.7075,12.5175,72.4049,0.0,False,False,False,False
8.0144,83.2534,23.8089,97.6162,39.0,51.383,80.436,69.2738,1.0,True,False,True,True
37.1301,53.6653,89.3982,51.2406,68.0,60.8477,76.3174,45.4778,1.0,True,True,True,True
50.2946,48.9223,19.129,76.8585,91.0,7.1954,20.1853,98.3173,0.0,False,False,False,False
63.894,52.2989,61.6792,56.3032,99.0,86.5742,60.0081,40.2574,1.0,True,False,False,True
63.7946,34.1874,44.2075,89.1543,67.0,96.8157,30.1731,73.8256,0.0,False,False,False,False
17.1096,82.0531,52.6502,88.0573,56.0,77.9953,38.8174,82.5286,1.0,True,False,True,True
52.8595,56.2735,95.7961,81.3019,77.0,33.9892,89.6893,17.1466,0.0,True,True,False,False
91.7877,83.5171,9.492,10.8477,94.0,58.5707,43.2274,53.7793,1.0,False,False,False,False
86.5824,88.6223,78.5325,97.9885,67.0,35.5084,98.359,83.8196,0.0,False,False,False,False
62.206,97.5465,5.6139,2.2153,82.0,55.7699,36.1488,47.784,1.0,False,False,False,False
56.7737,12.2104,13.1393,33.6444,19.0,89.7728,15.6478,54.6239,0.0,False,False,False,False
61.9253,69.8209,6.4288,19.6888,44.0,39.6746,9.6482,3.3182,0.0,False,False,False,False
44.502,60.605,71.2998,12.3032,38.0,33.2836,13.7841,18.8826,1.0,True,False,False,True
55.6217,52.5056,79.5181,18.7539,66.0,15.0805,39.0335,55.016,0.0,True,False,False,False
12.9419,30.3257,88.7688,20.1834,58.0,19.5839,8.0412,39.4229,1.0,True,True,True,True
49.645,83.7042,85.095,3.4514,14.0,20.5087,58.4244,11.6436,1.0,True,False,False,False
21.107,38.4596,75.5534,27.738,47.0,99.6682,53.8604,19.6492,0.0,False,False,False,True
75.2557,1.4893,1.7002,59.7802,10.0,75.2456,94.8363,86.6324,1.0,False,False,False,False
7.6255,69.622,13.4919,25.0613,70.0,32.8692,97.3565,62.6506,1.0,True,False,False,False
45.5069,91.7699,43.3881,19.5645,50.0,75.8384,22.1214,98.792,0.0,False,False,False,False
73.4723,49.4109,56.941,27.0728,47.0,7.3427,75.7974,75.8868,0.0,False,False,False,False
28.7306,49.4466,97.4285,79.6009,43.0,19.8037,39.0637,47.4745,1.0,True,False,True,True
82.6864,53.2147,80.9603,56.2936,53.0,23.97,71.644,88.1029,1.0,True,False,True,True
21.6783,97.2774,20.2772,21.5833,71.0,4.4108,25.99,97.6108,1.0,False,False,False,True
18.492,62.8396,99.2183,17.1538,87.0,75.8086,46.3916,65.397,1.0,True,False,True,True
19.1367,65.6945,30.5676,38.2129,41.0,63.0028,10.1163,2.3186,1.0,True,False,False,False
80.9855,99.0965,28.6582,65.4142,50.0,91.1037,53.8659,34.5781,1.0,False,False,False,True
85.3674,49.6264,16.4253,18.2614,37.0,32.6413,5.7061,80.4226,1.0,False,False,False,False
61.1035,0.2455,86.1275,21.4894,17.0,34.5714,5.55,3.7387,0.0,False,False,False,False
99.0672,16.7489,14.4988,55.2095,86.0,97.5867,1.2084,47.7299,1.0,False,False,False,False
63.9858,88.5837,51.103,66.6282,89.0,55.8052,86.6319,2.1245,1.0,True,False,False,False
64.673,50.8532,11.4453,66.8963,15.0,61.974,65.5082,32.8301,0.0,False,False,False,False
21.1397,48.7467,65.7168,39.8849,81.0,26.1782,25.0035,43.8409,0.0,True,False,False,False
46.3134,20.909,97.3103,22.4906,49.0,19.5566,83.0918,73.9722,0.0,True,True,False,False
64.8824,83.7073,68.0394,26.2989,97.0,71.5146,77.6864,46.6941,1.0,True,False,False,True
6.5339,4.2827,26.8902,38.6787,19.0,17.15,14.6956,36.153,1.0,False,False,False,False
99.5802,63.1271,33.9691,90.3019,92.0,81.1916,20.7224,37.7145,1.0,False,False,False,False
75.5437,19.6451,99.3958,92.7932,67.0,51.309,62.9922,54.5771,0.0,False,True,False,False
90.9475,7.0877,58.6953,66.4559,88.0,54.3643,40.1134,98.763,0.0,False,False,False,False
45.7871,70.0263,26.9339,56.3009,47.0,1.7362,20.6496,5.3221,0.0,True,False,False,False
6.495,68.408,40.2824,43.0834,46.0,4.5597,72.1344,79.389,1.0,True,False,True,True
85.8679,93.6809,16.14,38.5794,65.0,34.9642,90.9535,30.2067,1.0,False,False,False,False
76.1661,3.1398,10.674,17.5913,78.0,73.4869,72.0133,42.7101,0.0,False,False,False,False
84.0862,62.6012,60.5321,93.1932,30.0,6.9955,93.5059,51.1684,1.0,True,False,False,True
63.9979,55.5062,82.1038,8.3352,82.0,7.6873,91.8656,45.9447,1.0,True,False,False,False
66.7505,11.2324,74.5908,85.5191,83.0,77.6038,28.0337,32.2293,1.0,False,False,False,False
26.8925,38.2612,12.0592,23.5197,12.0,16.1575,76.3483,93.9266,1.0,False,False,False,False
70.5778,40.0287,61.1016,69.6284,54.0,41.5823,34.1884,67.0746,1.0,True,False,True,True
37.3159,81.2264,27.7178,8.8987,79.0,80.7356,29.9556,45.2136,0.0,True,False,False,False
3.4007,20.6824,58.1958,98.6273,48.0,33.6951,28.7066,32.7895,1.0,True,True,False,True
50.397,47.7496,29.4967,78.4716,39.0,78.0756,36.2085,38.0353,1.0,True,False,True,True
42.6942,51.431,87.3103,89.366,53.0,38.4369,77.715,87.6182,1.0,True,False,True,True
52.476,81.0685,52.9793,6.2013,37.0,74.3785,59.8376,61.4026,1.0,True,False,False,False
39.974,67.2307,7.8126,76.1678,70.0,6.8493,36.4242,97.6238,1.0,False,False,False,False
2.4683,69.9117,12.759,16.4964,2.0,0.7963,87.4384,4.7632,0.0,False,False,False,False
56.114,3.6926,80.1102,54.9519,5.0,67.5287,13.2837,75.1212,1.0,False,False,False,False
92.3683,72.4227,49.8161,78.3601,76.0,22.0165,84.1639,64.9956,1.0,True,False,False,True
4.448,18.7684,70.3468,84.1183,95.0,21.9516,11.2068,11.1739,0.0,False,False,False,False
65.6334,41.762,54.5234,74.5771,68.0,8.9086,25.7735,54.8066,1.0,True,False,True,True
68.9915,48.7841,4.7217,71.1861,100.0,0.87,86.6259,79.9778,0.0,False,False,False,False
87.2418,69.991,21.2262,89.3056,83.0,86.2768,20.6697,8.6971,0.0,False,False,False,False
98.9739,24.5894,65.002,56.631,22.0,17.9773,26.2929,84.8681,0.0,False,False,False,False
98.3358,42.7111,67.309,89.4303,87.0,54.8283,35.5517,26.9154,1.0,False,False,False,False
92.443,67.9828,34.9074,11.376,44.0,22.1243,53.351,9.1927,0.0,False,False,False,False
31.3225,7.678,53.9919,34.9768,1.0,96.2275,68.6021,86.4635,0.0,False,False,False,False
8.2848,91.2873,47.7139,41.5862,39.0,69.723,41.6227,49.4423,0.0,False,True,False,False
37.3821,71.3693,94.4444,27.042,95.0,39.9764,62.9876,23.1465,1.0,True,True,True,True
38.5056,63.4785,79.583,44.6455,2.0,52.4388,34.6151,5.468,1.0,False,False,False,False
71.3628,0.7575,8.2543,96.9696,80.0,15.9284,27.9294,18.1369,1.0,False,False,False,False
68.4056,87.2768,49.9793,25.2667,69.0,86.9903,43.0481,36.9293,0.0,False,False,False,False
18.0296,28.724,10.0807,43.0048,24.0,3.8324,41.9863,61.7643,1.0,True,False,False,False
69.2175,59.6968,94.2206,42.388,26.0,15.2142,55.4368,63.5311,1.0,True,False,False,True
70.0787,80.3978,68.9298,40.5126,88.0,93.8612,54.0244,2.6526,0.0,False,False,False,False
47.687,82.3997,29.4178,90.2201,83.0,99.3809,49.3885,44.8068,1.0,False,False,False,False
73.9746,11.3861,68.5979,83.2885,95.0,52.5028,90.9044,5.62,1.0,False,False,False,False
44.053,56.8179,94.5906,50.1974,29.0,7.6417,39.0184,98.0922,0.0,False,False,False,False
18.2881,97.3041,32.9843,62.0878,79.0,37.6192,95.1176,22.4695,0.0,True,True,False,False
85.409,33.9261,94.8935,52.9998,1.0,2.531,34.5497,50.0903,1.0,False,False,False,False
16.6616,50.6588,66.5369,71.9362,34.0,12.3409,99.5957,19.1516,0.0,True,True,False,False
91.7162,85.1735,50.5824,42.0158,87.0,38.6461,18.7039,90.7196,0.0,False,False,False,False
3.7424,81.6594,39.3486,42.8979,30.0,95.3992,93.1175,79.2281,1.0,False,False,False,False
19.5857,71.6437,19.8595,93.4507,85.0,91.3027,84.9496,26.1051,1.0,False,False,True,False
78.3223,1.7552,10.5268,79.8232,5.0,74.1553,98.5401,64.8606,1.0,False,False,False,False
70.9968,71.4583,73.1408,80.6342,80.0,12.2657,71.9514,70.5185,1.0,True,False,True,True
87.3477,26.296,52.4122,98.967,99.0,89.5378,44.2171,41.8544,0.0,False,False,False,False
12.1403,45.6647,76.4491,71.4122,10.0,76.1428,23.6973,17.9596,0.0,False,False,False,False
31.0763,90.5489,62.6435,47.778,8.0,54.9033,43.5193,39.159,0.0,False,False,False,False
64.9042,53.2264,81.3037,18.1549,40.0,71.281,15.5355,25.812,0.0,False,False,False,False
83.4679,12.6964,45.6498,89.5681,12.0,18.0503,82.6441,16.2326,1.0,False,False,False,False
79.1113,93.3448,89.7206,28.412,94.0,49.4173,52.3126,65.4972,1.0,True,False,True,True
41.6635,46.8753,50.6703,71.7636,93.0,99.5275,61.43,67.709,1.0,False,False,False,False
45.9253,75.6534,85.9081,44.3627,24.0,19.4861,82.3862,28.3913,0.0,True,False,False,True
68.826,2.9647,82.122,17.4157,98.0,25.3104,28.2974,42.9568,0.0,False,False,False,False
28.2859,55.4388,32.2483,55.2367,39.0,22.1186,75.4512,86.4924,1.0,True,False,True,True
26.8127,84.0274,46.8992,94.5776,25.0,37.9338,57.5516,91.8307,1.0,True,False,True,True
60.2747,93.5385,25.7772,29.2274,70.0,95.8041,58.6756,83.7607,1.0,False,False,False,False
19.6499,15.6545,93.9918,92.0979,86.0,20.2935,11.0039,82.0239,1.0,False,False,True,True
99.9733,82.4307,42.486,60.2676,89.0,25.25,69.5585,18.7079,1.0,False,False,False,False
45.9602,71.8958,44.8874,30.3042,26.0,67.7197,82.1004,14.7375,1.0,True,False,False,True
44.6903,76.5996,67.6757,10.9804,42.0,0.1095,23.6359,80.2581,0.0,True,False,False,False
2.8217,96.4352,16.1554,85.7555,74.0,82.9298,51.5566,44.3421,1.0,True,False,True,True
11.9481,99.5879,31.6978,45.3108,9.0,92.1743,44.2998,46.6353,1.0,False,False,False,False
53.6472,99.1508,22.4676,49.7534,21.0,74.2406,67.8639,34.6357,0.0,False,True,False,False
63.6249,36.2742,20.9921,80.1385,83.0,61.281,15.6848,5.7615,0.0,False,False,False,False
37.7702,12.4538,88.4229,93.0664,67.0,31.185,72.8713,73.57,0.0,False,False,False,False
56.8699,83.9106,29.4775,22.933,80.0,80.0359,66.5444,39.8276,0.0,False,False,False,False
17.9344,56.4958,54.5679,63.5039,70.0,99.706,72.9543,66.6294,0.0,False,False,False,True
14.9789,87.7312,37.8041,33.4246,53.0,2.6872,8.6842,59.8597,0.0,True,False,False,False
36.8462,40.3564,3.3267,1.5857,59.0,74.2925,98.6115,5.2619,0.0,False,False,False,False
51.3504,92.6965,73.1018,23.3728,89.0,86.6519,59.0784,41.0091,0.0,False,False,False,True
9.5406,75.379,48.5259,67.1783,66.0,59.1724,44.4807,72.5963,0.0,True,True,True,False
63.7558,43.1201,57.4096,62.4222,32.0,15.2283,78.9202,29.9511,0.0,False,False,False,False
25.9633,97.0506,99.0024,77.3271,31.0,77.718,66.7449,94.7836,0.0,False,True,False,False
69.7958,15.2329,98.0363,3.7148,79.0,10.4826,46.3601,90.6085,0.0,False,False,False,False
61.9194,40.0775,36.0051,91.4369,94.0,74.7877,40.9431,65.5583,0.0,True,False,False,False
76.5935,57.7349,89.9885,79.7417,70.0,2.5304,83.4178,14.3844,1.0,True,False,True,True
87.6232,15.6241,61.7486,77.7208,13.0,68.3056,3.6066,79.4752,0.0,False,False,False,False
55.5934,72.9626,58.0423,15.0513,17.0,72.0592,66.2586,27.1362,1.0,True,False,False,True
45.8501,69.9969,71.9458,37.7828,33.0,81.0803,12.019,12.1847,1.0,True,False,False,True
63.2601,73.3544,14.4297,50.1139,98.0,13.1587,56.1309,67.6796,1.0,True,False,True,False
41.286,42.0958,48.8948,28.3242,97.0,86.0621,16.5301,36.0949,1.0,True,False,True,False
37.2939,0.0187,41.8547,38.6464,28.0,87.1294,29.2541,0.3752,1.0,False,False,False,False
80.1615,63.0293,56.0195,12.2311,59.0,69.4995,49.482,64.8615,0.0,False,False,False,False
31.9572,27.5263,7.6026,4.0857,86.0,62.5036,91.7096,75.0324,0.0,False,False,False,False
84.8753,34.5859,61.6253,34.0416,36.0,5.1687,59.4107,30.2506,0.0,False,False,False,False
46.14,21.5107,35.6931,74.7728,43.0,57.3759,71.73,98.7431,0.0,False,False,False,False
74.1693,81.271,19.0955,89.7916,21.0,76.1562,52.6954,27.8521,1.0,True,False,True,False
60.5707,32.9635,68.5212,30.0404,21.0,39.2937,33.0423,86.9421,1.0,True,False,True,True
41.0985,15.8186,56.8668,56.2155,12.0,0.0955,84.8989,21.6572,1.0,True,False,False,False
16.1136,22.2474,15.6429,85.743,40.0,25.9418,37.3567,74.3162,0.0,False,False,False,False
83.2836,79.4877,88.9601,58.2567,12.0,26.7421,45.4261,37.2488,1.0,True,False,False,True
75.3928,67.8637,43.4329,3.3687,99.0,39.3745,41.2077,28.4986,1.0,True,False,False,False
12.5408,63.0587,40.0098,98.7824,38.0,0.4289,7.7181,39.4334,0.0,False,True,False,False
2.5627,54.1085,98.7326,88.6148,95.0,16.7717,82.2193,46.1083,0.0,True,True,False,True
50.8043,72.065,59.5258,91.2095,46.0,57.2946,80.3226,7.2346,0.0,True,False,False,False
21.3914,68.5211,33.2849,89.8974,92.0,2.4377,93.9696,4.3687,0.0,True,False,False,False
28.0604,7.8075,31.4306,43.518,90.0,82.6589,89.6066,16.492,0.0,False,False,False,False
13.387,36.8053,75.6008,84.8458,55.0,57.5825,34.6078,49.1408,1.0,True,False,True,True
29.893,31.5724,95.0704,25.493,36.0,58.7529,47.5108,44.8688,0.0,True,False,False,False
8.1566,62.4721,87.8801,43.1183,47.0,50.9457,69.6527,73.0188,1.0,True,False,True,True
47.3325,40.3887,2.6463,46.0301,83.0,68.5703,90.4633,31.6515,0.0,False,False,False,False
8.3337,54.7628,48.3258,25.1851,62.0,97.0641,44.9087,30.3127,0.0,False,False,False,False
40.5222,18.7753,77.8848,60.6355,11.0,57.4821,70.4084,99.4,1.0,False,False,False,False
3.7825,74.4159,93.1353,3.75,48.0,23.2642,59.4091,13.9217,1.0,True,False,False,False
47.521,80.6072,37.2872,7.2062,94.0,84.3448,13.6137,16.1969,1.0,True,False,False,False
5.4757,29.6795,91.2014,29.9885,8.0,52.1963,86.7957,13.5179,0.0,False,False,False,False
23.7985,78.9222,14.3888,2.1931,39.0,34.2917,91.3003,82.7499,1.0,True,False,False,False
66.7473,58.1383,4.4115,43.6769,21.0,59.5991,50.7176,21.0937,0.0,False,False,False,False
0.0844,11.198,91.9128,94.1793,16.0,75.3833,23.8388,46.178,0.0,False,False,False,False
64.6647,9.2598,47.6071,62.1509,82.0,29.9891,75.4575,53.4479,1.0,False,False,False,False
71.4869,6.6715,14.1751,37.9707,54.0,60.5859,17.5626,0.3261,1.0,False,False,False,False
97.3573,41.1047,35.595,46.7444,16.0,23.2529,17.8391,57.479,1.0,False,False,False,False
78.3166,11.3899,60.9316,41.4319,50.0,93.7987,98.9988,16.4108,0.0,False,False,False,False
12.5439,41.9789,71.9585,41.1058,43.0,94.7723,50.4898,87.1066,0.0,False,True,False,False
81.4113,97.2432,87.1768,96.8298,18.0,4.6193,46.6619,35.0392,1.0,True,False,True,True
22.4379,42.0399,71.2782,40.7089,25.0,80.9474,25.1808,21.2362,1.0,True,False,True,True
92.1796,16.2016,81.3409,97.3284,23.0,24.4969,67.0038,71.5566,0.0,False,False,False,False
72.0627,98.1403,32.5454,14.084,55.0,45.1187,80.6943,18.4834,0.0,False,False,False,False
46.0938,84.8115,71.8997,94.9061,32.0,56.4099,19.3205,89.996,0.0,False,True,True,False
1.6164,13.045,69.6311,13.3132,36.0,73.4958,76.5812,51.6966,1.0,True,False,False,False
67.2417,47.1641,27.5129,3.4995,13.0,44.4479,55.1866,42.9422,0.0,False,False,False,False
9.0698,80.5979,59.0886,61.4931,70.0,57.1925,63.4036,57.2399,1.0,True,False,True,True
3.59,25.4196,14.2568,37.1697,80.0,47.0602,35.8457,25.6706,0.0,False,False,False,False
0.6365,26.0947,17.7622,10.8473,86.0,74.9005,62.5946,92.1329,1.0,False,False,False,False
31.0337,70.0551,97.6109,86.0889,29.0,63.1223,60.5866,64.1536,0.0,True,True,False,False
20.1702,37.491,89.5975,53.2406,36.0,93.6332,74.1129,60.3671,1.0,False,False,True,True
10.463,20.1636,78.3015,47.3265,41.0,97.7252,18.8568,15.7913,0.0,False,False,False,False
68.973,80.9303,57.8673,23.638,0.0,49.7229,6.1736,57.9934,1.0,False,False,False,True
25.8116,78.5637,5.0726,30.9527,26.0,84.4374,41.0365,5.1965,0.0,False,False,False,False
82.7521,51.2246,62.6268,1.2103,68.0,28.9213,27.2895,16.794,0.0,False,False,False,False
93.4296,71.4905,47.698,7.9738,43.0,51.5517,44.3515,22.7333,1.0,False,False,False,False
30.6103,59.1022,42.969,40.8229,1.0,62.1758,34.7448,59.3431,0.0,False,False,False,False
38.5143,98.0599,37.881,18.4293,84.0,25.7712,55.2722,43.0643,1.0,True,False,True,True
