,nsga3_adaptation,custom_adaptation,nsga3_confidence,custom_confidence,nsga3_score,custom_score,score_diff,score_improvement[%],nsga3_time,custom_time,speed-up
0,"[ 0.90139991 22.94120806 99.85710759 14.06450033 28.         94.0161
 80.7624     63.5628      1.        ]","[5.15000000e-02 9.89540677e+01 9.99967000e+01 8.18074606e+01
 2.80000000e+01 9.40161000e+01 8.07624000e+01 6.35628000e+01
 1.00000000e+00]",[0.80372141],[0.80068751],164.03858393717337,19.293271717171706,-144.74531222000167,-0.8823857701395361,4.371500015258789,0.017491817474365234,249.91685521903878
1,"[ 0.90139888 98.17206142 98.95830967 14.06450114  6.         71.8208
 75.0593     60.5977      1.        ]","[5.15000000e-02 9.89540677e+01 9.99967000e+01 8.18074606e+01
 6.00000000e+00 7.18208000e+01 7.50593000e+01 6.05977000e+01
 1.00000000e+00]",[0.81070952],[0.70784431],89.70652664889752,19.293271717171706,-70.41325493172582,-0.7849290075327109,2.646263837814331,0.010738849639892578,246.41967497002798
2,"[ 1.58363861 19.97663291 23.02182173 25.35923772 77.          7.5391
  1.6253     80.0753      0.        ]","[ 6.06102121 94.1258     23.4769     52.6401     77.          7.5391
  1.6253     80.0753      0.        ]",[0.81156233],[0.80500321],233.2259462519859,135.81822121212122,-97.40772503986469,-0.41765389574032125,4.702083110809326,0.02318286895751953,202.82576412028467
3,"[ 1.25906885 19.95730805 23.02855271 36.72977323 69.         53.3293
 80.054      70.5053      0.        ]","[13.06102121 23.73022424 66.9967     80.80746061 69.         53.3293
 80.054      70.5053      0.        ]",[0.80245344],[0.80073797],221.54343486372335,141.52663636363633,-80.01679850008702,-0.36117882955686437,4.712062120437622,0.034123897552490234,138.08686751533614
4,"[ 1.5837     20.07679544 99.88676436 18.92385009 99.          2.4322
 12.8356     94.2017      1.        ]","[ 1.06102121 20.82754747 99.9967     19.24239394 99.          2.4322
 12.8356     94.2017      1.        ]",[0.80254574],[0.80254574],162.69629011782826,160.99437979797978,-1.70191031984848,-0.010460658436746892,4.388459920883179,0.04471111297607422,98.15143548834332
5,"[2.08307475e-02 9.94234699e+01 9.98647605e+01 1.41048376e+01
 4.50000000e+01 9.86709000e+01 3.91510000e+00 6.18843000e+01
 1.00000000e+00]","[ 1.06102121 88.86647677 81.9967     81.80746061 45.         98.6709
  3.9151     61.8843      1.        ]",[0.32478053],[0.11741528],86.62776277664136,48.3903838383838,-38.237378938257564,-0.4413986661164016,1.1475038528442383,0.026662111282348633,43.038746657843674
6,"[ 0.90139742 75.8432909  99.89580858 14.06450947 50.         73.3268
 98.4476     89.9971      1.        ]","[5.15000000e-02 8.58275475e+01 9.99967000e+01 8.17560909e+01
 5.00000000e+01 7.33268000e+01 9.84476000e+01 8.99971000e+01
 1.00000000e+00]",[0.80016211],[0.74005622],111.0977884701789,32.47116161616162,-78.62662685401727,-0.7077245005207498,4.307532072067261,0.013617277145385742,316.3284426157752
7,"[ 1.27915549 26.46779358 26.24465035 25.45182212 60.          5.0044
 65.223      37.6768      0.        ]","[ 1.06102121 18.64263333 59.9967     26.29376364 60.          5.0044
 65.223      37.6768      0.        ]",[0.802126],[0.8210451],223.1148894397137,196.12792424242423,-26.986965197289464,-0.12095546498514355,4.738065958023071,0.040911197662353516,115.81342587736168
8,"[  1.58340699   9.59014451  99.83145785  14.06537983 100.
  92.6164      59.3104       6.7457       1.        ]","[  1.06102121  73.73995657  99.9967      26.29376364 100.
  92.6164      59.3104       6.7457       1.        ]",[0.83412318],[0.806285],178.09642478949175,101.03060101010107,-77.06582377939068,-0.4327196566156886,4.432743072509766,0.011018991470336914,402.2821039877102
9,"[ 0.90139999 75.85144863 99.9403693  14.06450037 57.         36.8875
 58.619      10.06        1.        ]","[ 1.06102121 85.82754747 99.9967     81.80746061 57.         36.8875
 58.619      10.06        1.        ]",[0.80904788],[0.73646182],111.04508169475463,33.42931313131311,-77.61576856344152,-0.6989572827439129,4.30400013923645,0.013524770736694336,318.2309129691329
10,"[ 0.90139997 75.93521324 99.98930036 14.06453119 32.         47.4298
 72.366      51.9463      1.        ]","[5.15000000e-02 9.89540677e+01 9.99967000e+01 8.18074606e+01
 3.20000000e+01 4.74298000e+01 7.23660000e+01 5.19463000e+01
 1.00000000e+00]",[0.8022356],[0.81197037],110.91235517863146,19.293271717171706,-91.61908346145975,-0.8260493911061698,4.362925052642822,0.012716054916381836,343.1036655104528
11,"[ 3.83048438 22.92205083 99.92438584 14.08375743 65.         71.5749
 16.7207     90.6924      1.        ]","[ 1.06102121 73.82754747 99.9967     41.80746061 65.         71.5749
 16.7207     90.6924      1.        ]",[0.80142546],[0.81973113],166.90029029288206,85.42931313131311,-81.47097716156895,-0.4881416144849181,4.421243906021118,0.07299399375915527,60.569968545755636
12,"[ 3.83032246 24.78029552 23.04261875 37.04421414 37.         79.1809
 53.0692     31.1356      0.        ]","[10.06102121 74.86647677 59.9967     66.80746061 37.         79.1809
 53.0692     31.1356      0.        ]",[0.80050444],[0.80199298],218.9631940494969,108.3903838383838,-110.57281021111311,-0.5049835461667498,4.650982856750488,0.029386043548583984,158.27182890616126
13,"[ 1.58369602 72.96982844 99.95590754 14.06450033 57.         91.1472
 30.0571     47.7731      1.        ]","[5.15000000e-02 8.58275475e+01 9.99967000e+01 8.17560909e+01
 5.70000000e+01 9.11472000e+01 3.00571000e+01 4.77731000e+01
 1.00000000e+00]",[0.81222361],[0.72301388],114.59345970452074,32.47116161616162,-82.12229808835912,-0.7166403588835827,4.296692132949829,0.00620269775390625,692.7134455719557
14,"[ 1.5836979  25.23171656 23.11869639 27.46946161 54.          8.7951
 97.14       64.1799      0.        ]","[38.06102121 23.4255     59.4494     66.6669     54.          8.7951
 97.14       64.1799      0.        ]",[0.80414363],[0.80227101],225.76382334477012,188.5192212121212,-37.24460213264891,-0.16497152458200381,4.70822286605835,0.032997846603393555,142.68273086566043
15,"[ 0.90124703 75.84328596 99.83742416 14.0645004  79.         86.3154
 36.3292     89.1413      1.        ]","[ 1.06102121 76.82754747 99.9967     19.24239394 79.         86.3154
 36.3292     89.1413      1.        ]",[0.80720414],[0.80063777],111.1560365221855,104.99437979797978,-6.161656724205727,-0.05543249756819037,4.357682943344116,0.016715049743652344,260.704156444343
16,"[ 0.86495825 17.90485419 99.88682416 14.06450037 63.         92.8676
 18.7256     55.7951      1.        ]","[ 1.0515     85.82754747 99.9967     81.80746061 63.         92.8676
 18.7256     55.7951      1.        ]",[0.80049909],[0.80141064],169.00877953194217,33.41979191919194,-135.58898761275023,-0.8022600245280412,4.436748027801514,0.019801855087280273,224.0571910180001
17,"[38.69246537 24.49911874 23.03524627 65.90904602 86.         81.9628
 80.0029     77.7698      0.        ]","[ 1.06102121 24.5696     65.2843     25.5269     86.         81.9628
 80.0029     77.7698      0.        ]",[0.80054481],[0.80413735],225.24905433408333,185.6802212121212,-39.568833121962115,-0.17566703327097963,4.768741846084595,0.01990818977355957,239.53668818337505
18,"[ 3.83039867 22.91972033 99.91298206 14.0647728  68.         53.6763
 79.7056     39.447       1.        ]","[ 1.06102121 85.82754747 99.9967     81.80746061 68.         53.6763
 79.7056     39.447       1.        ]",[0.80928218],[0.80730139],166.93292349062253,33.42931313131311,-133.50361035930942,-0.799744038310148,4.419816970825195,0.022671222686767578,194.95273950993794
19,"[ 1.58294008 24.57843738 23.05145285 25.57144792 48.          5.8405
 17.4103     42.6772      0.        ]","[10.06102121 20.82754747 81.9967     87.80746061 48.          5.8405
 17.4103     42.6772      0.        ]",[0.81004382],[0.80034013],228.38160192481575,119.42931313131311,-108.95228879350265,-0.4770624598270846,4.461784839630127,0.02957010269165039,150.88837824327157
20,"[ 0.55627705 20.12378965 99.8392077  14.06490287 92.         48.5672
 34.9167     13.1011      1.        ]","[ 1.0515     73.73995657 99.9967     41.80746061 92.         48.5672
 34.9167     13.1011      1.        ]",[0.80623395],[0.82659082],166.52837683568558,85.5073828282828,-81.02099400740278,-0.48652965666834436,4.443208932876587,0.041461944580078125,107.16354425430123
21,"[ 0.90139999 88.85815162 99.90792301 19.74714747 34.         23.4219
 55.6327     75.5008      1.        ]","[5.15000000e-02 9.89540677e+01 9.99967000e+01 8.18074606e+01
 3.40000000e+01 2.34219000e+01 5.56327000e+01 7.55008000e+01
 1.00000000e+00]",[0.80042721],[0.79307216],92.38817788644565,19.293271717171706,-73.09490616927394,-0.791171639504731,4.33012580871582,0.010030031204223633,431.7160854786185
22,"[ 0.90139292 75.87695804 99.98196765 14.06450186 20.         30.5299
 88.347      72.1533      1.        ]","[ 1.06102121 88.91513838 99.9967     81.80746061 20.         30.5299
 88.347      72.1533      1.        ]",[0.8022356],[0.73883276],110.97796536675031,30.341722222222245,-80.63624314452807,-0.7265968778401048,4.4526848793029785,0.011624813079833984,383.0328151277739
23,"[ 1.54692395 18.86098118 23.03094972 42.29799817 26.         25.0392
 87.8182     57.3263      0.        ]","[10.06102121 24.6021     63.7844     66.2702     26.         25.0392
 87.8182     57.3263      0.        ]",[0.80351432],[0.80438318],217.3569948772018,155.4043212121212,-61.952673665080596,-0.28502728288124074,4.723006010055542,0.02854776382446289,165.44224055855284
24,"[ 3.83066165 30.89738219 23.02242649 52.58772174 97.         20.7041
 57.6769     92.789       0.        ]","[ 1.06102121 23.82754747 59.9967     37.50780404 97.         20.7041
 57.6769     92.789       0.        ]",[0.8191608],[0.80049059],197.32313121795502,179.72896969696967,-17.594161520985352,-0.08916421208394247,4.35324501991272,0.04160881042480469,104.62315493926198
25,"[ 1.58359276 18.71532191 23.04238791 26.73436487 16.         10.2433
 71.0307     90.0647      0.        ]","[38.06102121 20.86647677 66.9967     87.80746061 16.         10.2433
 71.0307     90.0647      0.        ]",[0.81692697],[0.80178527],233.09151806952033,162.3903838383838,-70.70113423113654,-0.30331920619286407,4.866238355636597,0.03551197052001953,137.03093025753955
26,"[ 0.90133224 20.07746313 99.96116881 14.06451175 98.         35.0461
 95.9395     33.3524      1.        ]","[ 1.06102121 73.73995657 99.9967     42.50780404 98.         35.0461
 95.9395     33.3524      1.        ]",[0.81065507],[0.81465818],166.79818854813016,84.81656060606065,-81.98162794206951,-0.4915019081182254,4.380276918411255,0.025770902633666992,169.96986798160808
27,"[ 1.52474039 24.85678007 23.06007799 36.59384396 91.         63.5706
 20.2699     37.0342      0.        ]","[ 3.06102121 74.91513838 81.9967     42.42218788 91.         63.5706
 20.2699     37.0342      0.        ]",[0.81244764],[0.81225684],217.0140383678962,103.72699494949495,-113.28704341840125,-0.5220263365006357,4.609127998352051,0.0222318172454834,207.3212435788819
28,"[ 1.19288257 18.73768398 23.04499372 36.6138106  86.         39.0552
 87.3664     91.7777      0.        ]","[ 1.06102121 20.82754747 81.9967     26.29376364 86.         39.0552
 87.3664     91.7777      0.        ]",[0.8211483],[0.80318335],222.7963942761965,171.94301010101006,-50.85338417518645,-0.228250481074413,4.833374977111816,0.036396026611328125,132.79952311078503
29,"[ 3.83075007 98.1720543  99.82451451 14.06450038 38.         23.0321
 17.0318     57.9137      1.        ]","[ 1.06102121 88.86647677 99.9967     81.80746061 38.         23.0321
 17.0318     57.9137      1.        ]",[0.81146935],[0.70734783],91.7696808844197,30.390383838383798,-61.3792970460359,-0.6688406939470641,4.308799982070923,0.018776893615722656,229.4735258266037
30,"[ 1.20565794 25.62537999 23.027894   36.6584285  32.         65.934
 46.6649     66.7595      0.        ]","[13.0515     74.86647677 63.9967     80.80746061 32.         65.934
 46.6649     66.7595      0.        ]",[0.80974512],[0.80041006],215.89395544585315,93.38086262626257,-122.51309281959058,-0.5674688416661912,4.438652753829956,0.02734208106994629,162.33778045186213
31,"[ 3.82771626 19.26760404 23.04451231 36.90803578 20.         72.492
 98.0729     81.4842      0.        ]","[5.15000000e-02 2.49540677e+01 9.89967000e+01 1.92423939e+01
 2.00000000e+01 7.24920000e+01 9.80729000e+01 8.14842000e+01
 0.00000000e+00]",[0.80257278],[0.80284696],224.6075641290614,156.85833838383837,-67.74922574522301,-0.3016337673574241,4.765546083450317,0.025433063507080078,187.37601477398428
32,"[ 1.57062195 18.90454525 23.02311906 36.77480618 85.         50.5482
 73.1106     66.2633      0.        ]","[13.06102121 20.73022424 66.9967     87.80746061 85.         50.5482
 73.1106     66.2633      0.        ]",[0.80604051],[0.80341463],222.8681514690927,137.52663636363633,-85.34151510545638,-0.38292378046349757,4.776694059371948,0.026968002319335938,177.124504915482
33,"[ 0.16239709 93.36262797 99.94790057 85.64421196 45.         22.5852
 86.9931      1.8369      0.        ]","[5.15000000e-02 8.89540677e+01 9.99967000e+01 8.18074606e+01
 4.50000000e+01 2.25852000e+01 8.69931000e+01 1.83690000e+00
 0.00000000e+00]",[0.78800387],[0.78800387],21.207656583543383,29.293271717171706,8.085615133628323,0.3812592448287078,0.6888408660888672,0.016977787017822266,40.57306558067687
34,"[ 3.83073158 18.6587405  99.9087896  20.61139968 81.         53.4866
 25.5871     96.7233      1.        ]","[10.06102121 85.82754747 99.9967     21.24239394 81.         53.4866
 25.5871     96.7233      1.        ]",[0.80199038],[0.80343655],164.6518017997148,102.99437979797978,-61.65742200173503,-0.3744715899115161,4.438990116119385,0.010836124420166016,409.6473927392739
35,"[ 3.83074855 24.80112853 23.04115682 36.68204596 65.         62.7183
 42.6459     39.865       0.        ]","[ 1.06102121 19.1444     59.7144     42.2289     65.         62.7183
 42.6459     39.865       0.        ]",[0.81026956],[0.81640959],219.30641724454233,179.97332121212122,-39.33309603242111,-0.1793522347709593,4.635136127471924,0.020873069763183594,222.06298259240646
36,"[ 3.8307501  98.17205429 99.96752613 14.06450049 37.         58.9547
 54.8968     38.7333      1.        ]","[5.15000000e-02 9.89540677e+01 9.99967000e+01 8.18074606e+01
 3.70000000e+01 5.89547000e+01 5.48968000e+01 3.87333000e+01
 1.00000000e+00]",[0.80477818],[0.75536682],91.62666919185136,19.293271717171706,-72.33339747467966,-0.7894360682611443,4.276241779327393,0.008366107940673828,511.13872898261616
37,"[ 0.90139997 22.92005571 99.99691901 14.06450033 37.         85.3993
 99.8589     84.4792      1.        ]","[ 1.06102121 88.86647677 99.9967     81.80746061 37.         85.3993
 99.8589     84.4792      1.        ]",[0.80525789],[0.67393014],163.91992491147374,30.390383838383798,-133.52954107308994,-0.814602258665038,4.325376033782959,0.020830154418945312,207.64973445655158
38,"[ 1.58366626 24.50261561 99.97993166 14.06520927 27.         10.0443
 72.3038     62.2536      1.        ]","[ 1.06102121 85.86647677 99.9967     81.80746061 27.         10.0443
 72.3038     62.2536      1.        ]",[0.80404394],[0.80365073],163.03590971437896,33.3903838383838,-129.64552587599516,-0.7951961387102995,4.147162914276123,0.021798133850097656,190.25311720698255
39,"[ 3.8307497  98.1720543  99.88525036 18.92385039 11.         30.744
 16.739      94.5851      1.        ]","[ 1.06102121 88.86647677 99.9967     81.75609091 11.         30.744
 16.739      94.5851      1.        ]",[0.80175534],[0.64771878],86.84959465335743,30.441753535353484,-56.407841118003944,-0.6494888242500662,2.9460113048553467,0.009655952453613281,305.09795061728397
40,"[ 1.58369999 75.84293844 99.82466045 14.06450074 26.         14.0409
 48.8787     34.3611      1.        ]","[ 1.06102121 88.86647677 99.9967     81.9102     26.         14.0409
 48.8787     34.3611      1.        ]",[0.80548126],[0.77732038],111.8516003608479,30.287644444444368,-81.56395591640353,-0.7292158150019091,4.249285697937012,0.019309043884277344,220.0671210549711
41,"[ 3.83058871 18.77700817 23.0403169  36.73177959 91.         31.7301
 71.8311     41.8239      0.        ]","[13.0515     20.73995657 66.9967     87.80746061 91.         31.7301
 71.8311     41.8239      0.        ]",[0.80148396],[0.80341463],225.2814840532443,137.5073828282828,-87.7741012249615,-0.3896196866503972,4.723897218704224,0.0235440731048584,200.64061123431662
42,"[ 3.83071654 25.01900773 23.03415755 36.63667009 71.         48.8888
 49.0062     41.9591      0.        ]","[ 1.06102121 24.73995657 99.9967     26.29376364 71.         48.8888
 49.0062     41.9591      0.        ]",[0.82275576],[0.80197189],219.140881171753,150.03060101010098,-69.11028016165201,-0.31536918073942766,4.434004068374634,0.03193402290344238,138.84890362174391
43,"[ 0.9014     98.17205429 98.95830154 14.06450033 37.         46.8805
 53.9955     53.2629      1.        ]","[5.15000000e-02 9.89540677e+01 9.99967000e+01 8.18074606e+01
 3.70000000e+01 4.68805000e+01 5.39955000e+01 5.32629000e+01
 1.00000000e+00]",[0.81369282],[0.78675773],89.70654383279077,19.293271717171706,-70.41327211561907,-0.7849290487310094,4.342613697052002,0.008481979370117188,511.9811670789296
44,"[ 1.58369942 72.96985608 99.89738455 14.06450034 21.         94.8766
 71.2743     47.2309      1.        ]","[ 1.06102121 88.86647677 99.9967     81.80746061 21.         94.8766
 71.2743     47.2309      1.        ]",[0.81626957],[0.70427942],114.65195844745028,30.390383838383798,-84.26157460906649,-0.7349335829068026,4.28162407875061,0.008785009384155273,487.37842972290827
45,"[ 1.57198904 20.08356106 99.89480531 14.06450033  3.          9.0848
 68.2962     51.4503      1.        ]","[5.15000000e-02 9.89540677e+01 9.99967000e+01 8.18074606e+01
 3.00000000e+00 9.08480000e+00 6.82962000e+01 5.14503000e+01
 1.00000000e+00]",[0.80485314],[0.79669364],167.5291223269336,19.293271717171706,-148.23585060976188,-0.8848363111488113,4.32106614112854,0.01424098014831543,303.4247710569051
46,"[ 3.83061229 22.920694   99.84285461 14.06463267 88.         56.5751
 91.5174     63.1102      1.        ]","[ 1.06102121 74.82754747 99.9967     26.29376364 88.         56.5751
 91.5174     63.1102      1.        ]",[0.8024683],[0.80113663],167.0024310133961,99.94301010101009,-67.059420912386,-0.4015475733224915,4.413235902786255,0.024638891220092773,179.116660054382
47,"[ 1.56968166 25.34702894 25.21702553 27.00834844 26.          1.6778
 89.1919     65.3763      0.        ]","[38.06102121 23.86647677 66.9967     80.75609091 26.          1.6778
 89.1919     65.3763      0.        ]",[0.81184107],[0.80363384],223.99727874208045,166.4417535353535,-57.55552520672694,-0.25694743047748675,4.76042914390564,0.025593996047973633,185.99788540182024
48,"[ 1.57504683 26.12272126 24.32485296 25.85141654 82.          7.31
 69.8751     49.6013      0.        ]","[ 1.06102121 18.82754747 59.9967     26.29376364 82.          7.31
 69.8751     49.6013      0.        ]",[0.80414363],[0.83453625],225.27605607528136,195.94301010101006,-29.3330459742713,-0.1302093373139885,4.715394735336304,0.04381990432739258,107.60851279149483
49,"[ 1.58369965 19.95518906 23.0222424  36.58702147  1.         87.0757
 24.7988     30.4402      0.        ]","[ 1.06102121 17.91513838 59.9967     42.42218788  1.         87.0757
 24.7988     30.4402      0.        ]",[0.80601473],[0.8098172],222.0192467214367,180.72699494949495,-41.29225177194175,-0.18598500977597834,4.557980060577393,0.04075193405151367,111.8469630132338
50,"[ 0.86715156 24.49782751 99.88531495 14.06450048 94.         36.3196
 47.4128     30.174       1.        ]","[ 1.06102121 85.82754747 99.9967     81.80746061 94.         36.3196
 47.4128     30.174       1.        ]",[0.8006425],[0.78757395],162.4195086202796,33.42931313131311,-128.9901954889665,-0.7941792004218688,4.3424906730651855,0.008978843688964844,483.6358470525757
51,"[ 1.35861969 74.78261764 99.82479035 18.92636911 43.          7.0674
 35.4758     25.5403      1.        ]","[ 1.06102121 88.86647677 99.9967     81.80746061 43.          7.0674
 35.4758     25.5403      1.        ]",[0.80113791],[0.77732038],107.82484258885586,30.390383838383798,-77.43445875047206,-0.7181504455864166,4.266880989074707,0.013019800186157227,327.7224633302203
52,"[ 3.82992447 24.4978258  99.97389283 14.06474403 82.         60.9555
 87.7245     36.7579      1.        ]","[5.15000000e-02 8.58275475e+01 9.99967000e+01 8.18074606e+01
 8.20000000e+01 6.09555000e+01 8.77245000e+01 3.67579000e+01
 1.00000000e+00]",[0.80834674],[0.81175759],165.29346181451712,32.41979191919194,-132.87366989532518,-0.8038652493371361,4.372896909713745,0.015021085739135742,291.1172325127375
53,"[ 3.83074863 98.17205431 99.94705513 14.0645012  59.         42.5395
  4.4627     26.6783      1.        ]","[ 1.06102121 85.82754747 99.9967     81.80746061 59.         42.5395
  4.4627     26.6783      1.        ]",[0.80377845],[0.67420238],91.64713799338352,33.42931313131311,-58.217824862070415,-0.6352388752857013,4.307615041732788,0.007651090621948242,563.0066685363497
54,"[ 1.56755472 25.14678324 23.02289792 36.58700652 99.         80.504
 20.1676     46.9617      0.        ]","[10.06102121 23.73022424 81.9967     64.80746061 99.         80.504
 20.1676     46.9617      0.        ]",[0.82210257],[0.80224926],216.81086703747752,139.52663636363633,-77.2842306738412,-0.35645921133871017,4.6933910846710205,0.0421900749206543,111.24396184405339
55,"[ 1.2807683  25.28312417 23.03306429 36.62816607 48.         62.3778
 92.0233     27.9015      0.        ]","[ 1.0515     24.86647677 99.9967     26.29376364 48.         62.3778
 92.0233     27.9015      0.        ]",[0.80975778],[0.81139783],216.33641377097354,149.89455959595958,-66.44185417501396,-0.3071228417669585,4.726213216781616,0.02863168716430664,165.0693230077442
56,"[ 3.82999355 18.67865562 23.05211253 41.90210822 90.         21.8105
 16.4744     34.2149      0.        ]","[ 1.0515     18.73022424 59.9967     52.80746061 90.         21.8105
 16.4744     34.2149      0.        ]",[0.8053497],[0.83789554],220.19711719324647,169.51711515151516,-50.68000204173131,-0.23015742752551208,4.674796104431152,0.042530059814453125,109.9174589649296
57,"[ 1.58311355 18.63348911 60.01894745 36.59486235 60.         28.2301
 80.153       8.6693      0.        ]","[ 1.06102121 25.2995     25.3547     87.6195     60.         28.2301
 80.153       8.6693      0.        ]",[0.80922619],[0.81080379],186.33581464878355,162.78732121212118,-23.54849343666237,-0.12637663608065858,4.655780792236328,0.024383068084716797,190.943189596167
58,"[ 0.88737737 24.50767264 99.98015721 14.06450049 62.         24.2833
 49.5006     81.4286      1.        ]","[ 1.06102121 85.82754747 99.9967     81.80746061 62.         24.2833
 49.5006     81.4286      1.        ]",[0.80892286],[0.80343912],162.33504702133604,33.42931313131311,-128.90573389002293,-0.7940721135410801,4.1166582107543945,0.021465063095092773,191.78411880352323
59,"[ 3.83043729 24.49781322 99.82617072 14.06634715 71.         28.6194
 80.3802     14.1559      1.        ]","[ 1.06102121 85.82754747 99.9967     81.80746061 71.         28.6194
 80.3802     14.1559      1.        ]",[0.80456837],[0.79660449],165.44010619012167,33.42931313131311,-132.01079305880856,-0.7979370667660443,4.352353096008301,0.011664867401123047,373.1163798389404
60,"[ 3.83074546 26.47416833 23.02396844 45.03807817 10.         59.5624
 21.17       39.0932      0.        ]","[10.06102121 88.86647677 81.9967     81.80746061 10.         59.5624
 21.17       39.0932      0.        ]",[0.81096201],[0.80207307],209.29453050833268,57.3903838383838,-151.9041466699489,-0.7257912870489518,4.519705057144165,0.01811385154724121,249.51651201052977
61,"[ 3.83075008 22.91940787 99.96966956 14.06496521 86.         22.4488
 66.7954     46.9028      1.        ]","[ 1.06102121 73.82754747 99.9967     41.80746061 86.         22.4488
 66.7954     46.9028      1.        ]",[0.80463034],[0.81235149],166.876707444716,85.42931313131311,-81.4473943134029,-0.4880692791735798,4.379575967788696,0.04538273811340332,96.50312321052382
62,"[ 0.90139997 98.17205429 98.95830155 14.06450037 12.         26.3111
 39.6833     83.8623      1.        ]","[ 1.06102121 88.86647677 99.9967     19.24239394 12.         26.3111
 39.6833     83.8623      1.        ]",[0.81152969],[0.77284373],89.70654375202298,92.95545050505046,3.2489067530274838,0.03621705415391413,2.9174962043762207,0.007176876068115234,406.5133878147631
63,"[ 1.58339208 24.59441334 23.02213616 25.3600531  14.         18.0452
 71.0715     12.1351      0.        ]","[ 1.06102121 18.1779     59.674      26.1981     14.         18.0452
 71.0715     12.1351      0.        ]",[0.81037229],[0.83949601],228.6067894815898,197.01102121212125,-31.59576826946855,-0.13821010452540836,4.412503004074097,0.05022716522216797,87.85092657641407
64,"[ 0.9014     98.17205429 99.82450485 14.06450033 50.         70.7425
 18.4708     82.298       1.        ]","[ 1.06102121 85.82754747 99.9967     81.75609091 50.         70.7425
 18.4708     82.298       1.        ]",[0.81091297],[0.68495082],88.84034052183688,33.480682828282795,-55.359657693554084,-0.6231364869650261,3.7441909313201904,0.006028175354003906,621.1151320993514
65,"[ 0.90139999 88.85819142 99.88525326 19.18416439 21.         44.7287
 21.3679     87.0674      1.        ]","[5.15000000e-02 9.89540677e+01 9.99967000e+01 8.18074606e+01
 2.10000000e+01 4.47287000e+01 2.13679000e+01 8.70674000e+01
 1.00000000e+00]",[0.80042721],[0.79307216],92.97379092661379,19.293271717171706,-73.68051920944208,-0.7924869845051247,4.296485900878906,0.02021193504333496,212.5717251548216
66,"[ 1.06408574 19.79016035 23.02141401 36.58844684 84.         87.8107
 84.3662     35.7453      0.        ]","[ 1.06102121 18.3171     45.9281     42.2918     84.         87.8107
 84.3662     35.7453      0.        ]",[0.8071683],[0.82326145],221.66406453824118,194.52402121212123,-27.14004332611995,-0.12243772296901913,4.609981060028076,0.05138397216796875,89.71632331106161
67,"[ 0.58358478 89.41030668 99.88525091 14.06450125 41.         39.5392
 74.4652     23.6269      1.        ]","[5.15000000e-02 9.89540677e+01 9.99967000e+01 8.18074606e+01
 4.10000000e+01 3.95392000e+01 7.44652000e+01 2.36269000e+01
 1.00000000e+00]",[0.80539323],[0.79708668],97.22352593627829,19.293271717171706,-77.93025421910659,-0.8015575805199989,4.3820130825042725,0.018758773803710938,233.59805541433656
68,"[ 0.90138972 74.78378004 99.99689298 14.06456277 64.         76.4038
 20.6303     45.2684      1.        ]","[ 1.06102121 85.82754747 99.9967     81.80746061 64.         76.4038
 20.6303     45.2684      1.        ]",[0.80550738],[0.74933843],112.05615393492366,33.42931313131311,-78.62684080361055,-0.7016735631429301,4.350749969482422,0.014662981033325195,296.716606234045
69,"[ 0.60028823 99.45047263 99.96875503 99.55658526 42.         21.495
 34.0723      6.1762      1.        ]","[5.15000000e-02 9.89540677e+01 9.99967000e+01 8.68074606e+01
 4.20000000e+01 2.14950000e+01 3.40723000e+01 6.17620000e+00
 1.00000000e+00]",[0.69502203],[0.69502203],1.624475310761909,14.293271717171706,12.668796406409797,7.798700492695021,0.663719892501831,0.014557838439941406,45.59192597445136
70,"[ 0.56951569 86.06476671 99.91422582 98.90027692 90.         44.508
 14.4429      5.3168      1.        ]","[5.15000000e-02 8.58275475e+01 9.99967000e+01 8.68074606e+01
 9.00000000e+01 4.45080000e+01 1.44429000e+01 5.31680000e+00
 1.00000000e+00]",[0.73664617],[0.73664617],15.690246232471509,27.419791919191937,11.729545686720428,0.747569254996504,0.6662561893463135,0.010177135467529297,65.46598416342594
71,"[ 0.88403669 66.38374954 99.88558235 14.06450033 56.         90.7765
 40.652      89.0938      1.        ]","[ 1.06102121 85.82754747 99.9967     81.80746061 56.         90.7765
 40.652      89.0938      1.        ]",[0.80424688],[0.70790774],120.55020446523702,33.42931313131311,-87.12089133392391,-0.722693849590665,4.214970111846924,0.0075261592864990234,560.0426394652644
72,"[ 3.83074959 72.96981709 99.82454729 14.06450372 98.         71.7472
 16.994      29.3619      1.        ]","[5.15000000e-02 8.58275475e+01 9.99967000e+01 8.18074606e+01
 9.80000000e+01 7.17472000e+01 1.69940000e+01 2.93619000e+01
 1.00000000e+00]",[0.80603499],[0.79236903],116.97188148496133,32.41979191919194,-84.55208956576939,-0.7228411520134432,4.283437013626099,0.015222787857055664,281.3832166517878
73,"[ 0.90092481 24.66202655 99.99246578 14.06450052 73.         29.5537
 17.6515     57.9269      1.        ]","[5.15000000e-02 7.38275475e+01 9.99967000e+01 4.18074606e+01
 7.30000000e+01 2.95537000e+01 1.76515000e+01 5.79269000e+01
 1.00000000e+00]",[0.80297195],[0.80030138],162.18193196320038,84.41979191919194,-77.76214004400845,-0.4794747423631193,4.435900926589966,0.03029489517211914,146.42403947554814
74,"[  3.82496025  20.07967786  99.83401526  14.06752741 100.
  11.5368      76.231       80.9752       1.        ]","[  1.06102121  73.73995657  81.9967      26.29376364 100.
  11.5368      76.231       80.9752       1.        ]",[0.80447992],[0.80261267],169.84373972041018,119.03060101010101,-50.813138710309175,-0.2991758118018108,4.334537982940674,0.01863408088684082,232.6134575277966
75,"[ 3.82875728 20.97014758 23.05223268 38.72276415 19.         37.9809
 98.5365     25.7232      0.        ]","[10.06102121 20.86647677 81.9967     66.80746061 19.         37.9809
 98.5365     25.7232      0.        ]",[0.80266772],[0.80236331],221.0836128711657,140.3903838383838,-80.69322903278191,-0.36498964344229845,4.769920110702515,0.03238081932067871,147.306961675809
76,"[ 1.57808127 21.07226543 23.03069298 36.75374415 23.         43.1019
 80.2261     74.9473      0.        ]","[13.0515     24.86647677 63.9967     87.80746061 23.         43.1019
 80.2261     74.9473      0.        ]",[0.80720363],[0.80018328],220.7213787148502,136.38086262626263,-84.34051608858758,-0.38211303580858397,4.699125051498413,0.03869891166687012,121.4278347657333
77,"[ 1.31557886 18.65813658 23.03325231 36.87580498 88.         79.9677
 57.9219     82.0301      0.        ]",[ 3.0515 23.5635 81.5709 42.1189 88.     79.9677 57.9219 82.0301  0.    ],[0.80037527],[0.80761848],222.7483849857485,155.7982,-66.95018498574848,-0.30056417688519704,4.72063422203064,0.022240877151489258,212.25036179450072
78,"[ 1.58344762 18.67299309 23.02198072 25.84514808  5.         76.4281
 24.7662     84.7851      0.        ]","[ 1.06102121 18.612      59.5125     25.741       5.         76.4281
 24.7662     84.7851      0.        ]",[0.82520172],[0.83107756],234.04332572145873,197.1955212121212,-36.84780450933752,-0.1574400995873349,4.761108875274658,0.021451950073242188,221.94294033964613
79,"[ 3.83054818 74.06229402 99.96319024 14.06450034 74.         74.2295
 11.268      60.2338      1.        ]","[5.15000000e-02 8.58275475e+01 9.99967000e+01 8.18074606e+01
 7.40000000e+01 7.42295000e+01 1.12680000e+01 6.02338000e+01
 1.00000000e+00]",[0.80600913],[0.80198992],115.74056358987184,32.41979191919194,-83.3207716706799,-0.7198925690903677,4.378720998764038,0.008790969848632812,498.0930516380994
80,"[ 1.44939939 66.43037925 45.14673694 41.70756751  6.         65.3369
 24.5898     55.4836      0.        ]","[ 1.06102121 85.86647677 81.9967     81.80746061  6.         65.3369
 24.5898     55.4836      0.        ]",[0.80071894],[0.80815117],148.16471570034315,51.3903838383838,-96.77433186195935,-0.6531536972519242,4.286037921905518,0.0198822021484375,215.57158960092096
81,"[ 0.9014     85.32560349 99.82450485 81.14235306 82.         88.9359
 97.3937      2.3105      0.        ]","[5.15000000e-02 8.58275475e+01 9.99967000e+01 8.18074606e+01
 8.20000000e+01 8.89359000e+01 9.73937000e+01 2.31050000e+00
 0.00000000e+00]",[0.80199064],[0.80829896],34.60893860447811,32.41979191919194,-2.1891466852861754,-0.06325379435366209,4.430652856826782,0.014739036560058594,300.60668068586216
82,"[ 3.83074951 24.50185924 27.21879222 37.07347303 38.         25.8249
 33.3249     63.0646      0.        ]","[ 1.06102121 23.4506     25.4077     66.8033     38.         25.8249
 33.3249     63.0646      0.        ]",[0.8005458],[0.80265429],215.03662501542377,185.39942121212124,-29.637203803302526,-0.13782398138538848,4.68126106262207,0.028959274291992188,161.6498057037476
83,"[ 3.83057975 20.13444198 23.0281653  41.95346487 31.         51.3233
 66.4791     33.9789      0.        ]","[ 1.06102121 18.5786     67.2286     52.5902     31.         51.3233
 66.4791     33.9789      0.        ]",[0.80795112],[0.80226297],218.71450760079665,162.6636212121212,-56.05088638867545,-0.25627420422874264,4.682575702667236,0.014081001281738281,332.5456484930579
84,"[ 1.5835185  25.87912495 25.35649019 25.35797506 82.         15.7273
 12.3825     47.1039      0.        ]","[ 3.06102121 20.3285     63.4676     87.5957     82.         15.7273
 12.3825     47.1039      0.        ]",[0.80718947],[0.80102915],224.98992830420755,131.66922121212122,-93.32070709208634,-0.41477726490008904,4.645023822784424,0.012672901153564453,366.53200135455467
85,"[ 1.58363163 22.91931557 99.88593778 75.14379888 54.         11.8865
 25.2318      5.3527      0.        ]","[ 1.06102121 85.86647677 59.59629596 86.80746061 54.         11.8865
 25.2318      5.3527      0.        ]",[0.80562675],[0.81194296],103.63457940181024,68.79078787878785,-34.84379152302239,-0.3362178118939107,4.463826894760132,0.009095191955566406,490.7897399601552
86,"[ 3.83064478 22.94193418 23.0253068  36.75010379 95.         60.5751
 45.1715     45.3261      0.        ]","[10.0515     23.73022424 64.9967     66.80746061 95.         60.5751
 45.1715     45.3261      0.        ]",[0.81068463],[0.80085853],221.11330000301166,154.51711515151516,-66.5961848514965,-0.30118579411817126,4.660490036010742,0.038581132888793945,120.7971276904728
87,"[ 1.58369998 72.96980816 99.9309553  14.06450696 58.          7.0547
 68.2173     15.3279      1.        ]","[ 1.06102121 85.82754747 99.9967     81.80746061 58.          7.0547
 68.2173     15.3279      1.        ]",[0.80621966],[0.77409549],114.61842955608893,33.42931313131311,-81.18911642477582,-0.7083426002189782,4.014106035232544,0.007460117340087891,538.0754554170661
88,"[ 3.83074855 24.80112853 23.04115682 36.68204596 63.         65.509
 54.1144     33.0372      0.        ]","[10.0515     24.82754747 81.9967     66.80746061 63.         65.509
 54.1144     33.0372      0.        ]",[0.81026956],[0.80711278],219.30641724454233,136.41979191919188,-82.88662532535045,-0.3779489281105985,4.646626949310303,0.04783010482788086,97.1485838475879
89,"[ 0.40986316 20.07880267 99.89353618 14.09241675 91.         57.2054
 68.9015     77.5405      1.        ]","[ 1.06102121 76.73995657 99.9967     26.29376364 91.         57.2054
 68.9015     77.5405      1.        ]",[0.80119063],[0.80404452],166.3451075651415,98.03060101010107,-68.31450655504042,-0.4106793854955317,4.420214891433716,0.009634017944335938,458.8132300534548
90,"[ 1.132802   19.9781644  23.05972958 26.009382   88.         17.256
 63.5738     53.0371      0.        ]","[ 6.06102121 24.7107596  81.9967     66.80746061 88.         17.256
 63.5738     53.0371      0.        ]",[0.80108292],[0.80253992],232.0855260283948,132.54610101010098,-99.53942501829383,-0.4288911364774878,4.680251121520996,0.04053306579589844,115.46748388311138
91,"[ 3.83065614 74.81528454 99.91424537 14.08070815 98.         84.5586
 26.054      80.9919      1.        ]","[5.15000000e-02 8.58275475e+01 9.99967000e+01 8.18074606e+01
 9.80000000e+01 8.45586000e+01 2.60540000e+01 8.09919000e+01
 1.00000000e+00]",[0.80341081],[0.78254778],115.02041807857933,32.41979191919194,-82.60062615938739,-0.7181388099542163,4.348047971725464,0.015670061111450195,277.47485736021304
92,"[ 0.1197505  85.87928423 99.98910542 95.97660574 77.         28.8924
 76.7274      4.839       0.        ]","[5.15000000e-02 8.58275475e+01 9.99967000e+01 8.18074606e+01
 7.70000000e+01 2.88924000e+01 7.67274000e+01 4.83900000e+00
 0.00000000e+00]",[0.7777031],[0.7777031],18.2747551103634,32.41979191919194,14.145036808828536,0.7740205941696614,0.6992878913879395,0.010513067245483398,66.51606758135843
93,"[ 1.58241159 18.68024993 23.03669192 43.30261033 32.         46.6331
 86.3033     64.8067      0.        ]","[ 1.06102121 19.1085     51.0984     66.1596     32.         46.6331
 86.3033     64.8067      0.        ]",[0.80351432],[0.80487344],216.56285940960265,164.69452121212123,-51.86833819748142,-0.23950708047947725,4.7257080078125,0.04815959930419922,98.1259826927266
94,"[ 1.58369984 22.92139503 23.04709285 36.58680964 47.         95.2326
 45.7026     62.3654      0.        ]","[ 1.0515     18.82754747 63.9967     66.80746061 47.         95.2326
 45.7026     62.3654      0.        ]",[0.80544757],[0.80846302],219.02840231659573,151.41979191919188,-67.60861039740385,-0.308675083607096,4.377793073654175,0.05027890205383301,87.07018043009224
95,"[ 3.82974524 22.93403281 25.95167986 36.61984535 24.         79.9671
 93.2739     22.4841      0.        ]","[38.06102121 74.95406768 59.59629596 52.80746061 24.         79.9671
 93.2739     22.4841      0.        ]",[0.80774723],[0.80019545],218.3241872263348,150.70319696969693,-67.62099025663787,-0.309727433848343,4.485275983810425,0.021458864212036133,209.01739903338702
96,"[ 3.8243183  20.022819   23.02241103 38.78662262 89.         38.9129
 16.9771     40.9367      0.        ]","[10.06102121 74.91513838 81.9967     52.50780404 89.         38.9129
 16.9771     40.9367      0.        ]",[0.80065072],[0.8121594],221.99246564703176,100.64137878787875,-121.35108685915301,-0.5466450697119666,4.680008172988892,0.01869797706604004,250.29489321007333
97,"[ 0.9014     88.85830509 99.89243105 19.82596787 38.         28.9017
 12.1227     89.7686      1.        ]","[ 1.06102121 88.86647677 99.9967     81.80746061 38.         28.9017
 12.1227     89.7686      1.        ]",[0.80042721],[0.71516239],92.32469598562113,30.390383838383798,-61.934312147237335,-0.6708314767360093,4.294174909591675,0.01266622543334961,339.0256183413018
98,"[ 3.83055609 28.39257731 45.74268637 42.3986198  78.         48.6461
 87.5386     94.6616      0.        ]","[ 2.0515     74.82754747 99.9967     19.29376364 78.         48.6461
 87.5386     94.6616      0.        ]",[0.81672529],[0.80915271],187.29667260608127,107.93348888888892,-79.36318371719236,-0.4237298111755966,4.643722057342529,0.01727581024169922,268.79908915263593
99,"[ 1.57914231 25.57981497 23.0227411  25.38751258 38.          2.4287
 89.2973     30.9055      0.        ]","[ 2.06102121 23.6047     65.1559     42.4684     38.          2.4287
 89.2973     30.9055      0.        ]",[0.81464237],[0.80167728],227.58907366860817,170.83202121212122,-56.757052456486946,-0.24938390732733828,4.463613986968994,0.017197132110595703,259.55571884098157
100,"[ 1.14140141 20.7307941  23.02774299 36.73932885 82.         26.8516
 86.514      21.0627      0.        ]","[10.06102121 20.73022424 81.9967     66.80746061 82.         26.8516
 86.514      21.0627      0.        ]",[0.80509484],[0.80796372],220.64353546935143,140.52663636363633,-80.1168991057151,-0.3631055808423799,4.71126389503479,0.038126230239868164,123.57014751771275
101,"[ 1.58365993 17.92482704 99.97693819 14.06586368 74.          7.6794
 71.1908     67.1314      1.        ]","[ 1.06102121 73.82754747 81.9967     41.80746061 74.          7.6794
 71.1908     67.1314      1.        ]",[0.81231894],[0.81382771],169.61603102533468,103.42931313131311,-66.18671789402157,-0.3902149902572334,4.424000978469849,0.05466914176940918,80.9231832672624
102,"[ 3.83068499 24.8383107  25.26892063 36.59820699 95.         78.68
 31.5354     25.2317      0.        ]","[ 1.06102121 66.73995657 99.9967     26.29376364 95.         78.68
 31.5354     25.2317      0.        ]",[0.8003757],[0.8018009],217.12524667891506,108.03060101010107,-109.094645668814,-0.5024503015540299,4.6758787631988525,0.01138615608215332,410.66350482651757
103,"[ 1.13059574 88.60697803 99.92039567 96.8337249  74.         15.9499
 94.503       4.9163      1.        ]","[ 1.06102121 85.82754747 99.9967     81.80746061 74.         15.9499
 94.503       4.9163      1.        ]",[0.76137688],[0.76137688],15.769497139074701,33.42931313131311,17.659815992238407,1.1198718536483798,0.670961856842041,0.007609844207763672,88.17024876245378
104,"[ 3.83039867 22.91972033 99.91298206 14.0647728  74.         42.3833
 85.8595     31.4196      1.        ]","[ 1.06102121 85.82754747 99.9967     81.80746061 74.         42.3833
 85.8595     31.4196      1.        ]",[0.80928218],[0.80730139],166.93292349062253,33.42931313131311,-133.50361035930942,-0.799744038310148,4.409204959869385,0.00789022445678711,558.8186982534598
105,"[ 0.88513269 75.84599468 99.88703758 14.06450581 21.         22.7342
  3.6821      8.9668      1.        ]","[5.15000000e-02 9.89540677e+01 8.99967000e+01 4.18074606e+01
 2.10000000e+01 2.27342000e+01 3.68210000e+00 8.96680000e+00
 1.00000000e+00]",[0.80400842],[0.8067512],111.08759461762168,69.2932717171717,-41.79432290044997,-0.37622853428694364,4.429026126861572,0.022783994674682617,194.3919927168465
106,"[ 0.91252515 17.87391635 99.94491855 14.07550389 93.         18.1664
 62.7271     11.4897      1.        ]","[ 1.06102121 73.73995657 63.9967     95.87595354 93.         18.1664
 62.7271     11.4897      1.        ]",[0.80294949],[0.80092622],169.01818635485213,67.44841111111111,-101.56977524374102,-0.6009399191545944,4.139507055282593,0.02419877052307129,171.06270136063134
107,"[ 1.30819589 22.98114847 23.0219957  25.48074391  5.         67.1432
 27.9526     29.234       0.        ]","[ 1.06102121 18.86647677 23.9967     37.42218788  5.         67.1432
 27.9526     29.234       0.        ]",[0.81375578],[0.81753337],229.82430781372798,220.77565656565656,-9.048651248071423,-0.03937203742349713,4.758571147918701,0.0604100227355957,78.7712192850208
108,"[ 1.56125828 19.8711147  23.04148557 36.7769642  52.         70.8563
 71.6528     84.8777      0.        ]","[ 1.0515     22.95406768 81.9967     26.29376364 52.         70.8563
 71.6528     84.8777      0.        ]",[0.80235843],[0.80701512],221.8716937987652,169.80696868686866,-52.064725111896536,-0.23466141273126342,4.687856912612915,0.028647184371948242,163.6411052390662
109,"[ 1.45155338 20.23490889 23.02874569 40.56544281 23.         38.989
  6.1649     69.7691      0.        ]","[ 6.06102121 88.95406768 81.9967     42.42218788 23.         38.989
  6.1649     69.7691      0.        ]",[0.80323186],[0.80495486],217.62245598401896,92.68806565656564,-124.93439032745331,-0.5740877694010945,4.682683229446411,0.018426895141601562,254.12220525825484
110,"[ 1.45721458 19.99175935 23.02746126 26.03065193 82.         18.895
 66.289      81.9487      0.        ]","[ 2.06102121 75.73022424 99.9967     26.29376364 82.         18.895
 66.289      81.9487      0.        ]",[0.8025436],[0.80433401],232.4073420393596,100.04033333333331,-132.3670087060263,-0.5695474486499189,4.716409206390381,0.014968156814575195,315.096191522913
111,"[ 1.33305776 72.97011647 98.95843629 14.09385245 22.         15.0688
 78.6959     44.3103      1.        ]","[ 1.06102121 88.86647677 99.9967     81.80746061 22.         15.0688
 78.6959     44.3103      1.        ]",[0.80432802],[0.80336997],115.31065254046223,30.390383838383798,-84.92026870207843,-0.7364477334154371,4.254251003265381,0.014951944351196289,284.5282796230447
112,"[ 0.87577974 75.89730092 99.88526942 14.06454522 27.         25.6482
 52.8556     10.7937      1.        ]","[ 1.06102121 88.86647677 99.9967     81.80746061 27.         25.6482
 52.8556     10.7937      1.        ]",[0.80400842],[0.74805453],111.02866416996301,30.390383838383798,-80.63828033157921,-0.726283441617724,4.1332337856292725,0.012942790985107422,319.346406071547
113,"[ 0.4379811  99.7232631  99.90810311 20.52232918 13.         82.4189
 55.375      31.8922      1.        ]","[ 1.06102121 88.86647677 99.9967     81.80746061 13.         82.4189
 55.375      31.8922      1.        ]",[0.78450727],[0.62552552],80.28428570253487,30.390383838383798,-49.893901864151076,-0.6214653518749029,1.039726972579956,0.008610010147094727,120.75792650845956
114,"[ 0.89599045 24.49824387 99.88527986 14.09170272 74.         52.2351
 24.075      58.0756      1.        ]","[ 1.06102121 85.82754747 99.9967     81.80746061 74.         52.2351
 24.075      58.0756      1.        ]",[0.80297195],[0.79736021],162.42076400674205,33.42931313131311,-128.99145087542894,-0.7941807912569265,4.405668020248413,0.009549856185913086,461.3334415179129
115,"[ 1.44901514 22.91935711 45.14604925 39.94574739  7.         90.7255
 11.0748     16.4419      0.        ]","[ 1.06102121 23.86647677 81.9967     66.75609091  7.         90.7255
 11.0748     16.4419      0.        ]",[0.80451442],[0.80201746],193.4378613927565,128.44175353535354,-64.99610785740296,-0.3360050994641363,4.410243988037109,0.052793025970458984,83.53838233301721
116,"[ 1.58219747 18.64344044 26.73694891 37.57356667 16.         39.9649
 64.8332     82.482       0.        ]","[13.0515     23.86647677 63.9967     80.80746061 16.         39.9649
 64.8332     82.482       0.        ]",[0.80243544],[0.80168474],218.62824144152572,144.38086262626263,-74.24737881526309,-0.3396056169400296,4.72561502456665,0.05244708061218262,90.10253706035576
117,"[ 0.50757182 75.8496595  99.88582986 14.06452899 26.         29.0323
 72.1478     66.613       1.        ]","[5.15000000e-02 9.89540677e+01 9.99967000e+01 8.18074606e+01
 2.60000000e+01 2.90323000e+01 7.21478000e+01 6.66130000e+01
 1.00000000e+00]",[0.8022356],[0.81197037],110.70755348389417,19.293271717171706,-91.41428176672247,-0.8257275939172615,4.408616065979004,0.018125057220458984,243.23322196206362
118,"[ 3.83075011 98.17205429 99.8852501  18.92385009 11.         23.3967
 12.492      89.5971      1.        ]","[5.15000000e-02 9.89540677e+01 9.99967000e+01 8.18074606e+01
 1.10000000e+01 2.33967000e+01 1.24920000e+01 8.95971000e+01
 1.00000000e+00]",[0.80359701],[0.73954562],86.84959562225964,19.293271717171706,-67.55632390508794,-0.7778542136098695,3.089370012283325,0.007729053497314453,399.70871120982173
119,"[ 3.8307255  72.9699319  99.824517   14.06450037 71.         29.9645
 44.1947     44.6872      1.        ]","[ 1.06102121 85.82754747 99.9967     81.80746061 71.         29.9645
 44.1947     44.6872      1.        ]",[0.80655775],[0.78163106],116.971776230829,33.42931313131311,-83.54246309951589,-0.7142104342730968,4.344807863235474,0.008360147476196289,519.7046912876087
120,"[ 1.5835672  24.51000192 23.02173072 41.70970905  2.         28.7738
 36.8464     53.9245      0.        ]","[ 1.0515     20.86647677 59.9967     66.62766667  2.         28.7738
 36.8464     53.9245      0.        ]",[0.80260634],[0.80341526],212.34212550808286,153.56065656565656,-58.7814689424263,-0.27682434091575847,4.433645009994507,0.03989291191101074,111.13866593355367
121,"[ 1.58339945 18.63887994 99.93263487 14.06450047 90.         88.3923
 38.8531     24.8958      1.        ]","[ 1.06102121 85.82754747 99.9967     81.80746061 90.         88.3923
 38.8531     24.8958      1.        ]",[0.80876615],[0.7917689],168.94738417471802,33.42931313131311,-135.51807104340492,-0.8021318098850115,4.394649267196655,0.008458852767944336,519.5325403759971
122,"[ 0.88114033 73.03010432 99.8852502  14.06450033  9.         92.3658
 47.9727     87.2461      1.        ]","[5.15000000e-02 9.89540677e+01 9.99967000e+01 8.18074606e+01
 9.00000000e+00 9.23658000e+01 4.79727000e+01 8.72461000e+01
 1.00000000e+00]",[0.80617175],[0.75883317],113.90128547697867,19.293271717171706,-94.60801375980697,-0.8306141003029225,4.275775909423828,0.014135122299194336,302.4930254524601
123,"[ 3.82816002 18.64283741 23.02734979 42.02519182 41.         35.7685
 32.7398     38.607       0.        ]","[10.06102121 85.95406768 81.9967     52.50780404 41.         35.7685
 32.7398     38.607       0.        ]",[0.80003116],[0.80311593],220.13278099961235,89.6024494949495,-130.53033150466285,-0.5929618065602538,4.636944770812988,0.025682926177978516,180.54581236887543
124,"[ 3.8244254  87.63012882 87.75574997 87.56041467 73.         95.8792
 50.9491     32.1419      0.        ]","[5.15000000e-02 8.58275475e+01 8.99967000e+01 8.18074606e+01
 7.30000000e+01 9.58792000e+01 5.09491000e+01 3.21419000e+01
 0.00000000e+00]",[0.39612582],[0.36406941],40.878131934301564,42.41979191919194,1.541659984890373,0.03771356253187144,0.6685960292816162,0.014437198638916016,46.310648346930016
125,"[ 3.83075003 98.17205434 99.93282281 14.06450047 39.         74.1906
 10.8936     27.2651      1.        ]","[ 1.06102121 98.95406768 99.9967     81.77321414 39.         74.1906
 10.8936     27.2651      1.        ]",[0.80477818],[0.66003373],91.661372408018,20.337039393939392,-71.3243330140786,-0.7781285741237666,4.247606039047241,0.006033182144165039,704.0407429361786
126,"[ 1.58369977 17.87219581 99.9201347  14.06450034 89.         91.5712
 15.8401     88.0741      1.        ]","[ 1.06102121 73.73995657 99.9967     42.62766667 89.         91.5712
 15.8401     88.0741      1.        ]",[0.80142436],[0.80521936],169.7268689172351,84.69669797979805,-85.03017093743705,-0.5009823811626479,4.342078924179077,0.02284097671508789,190.10040500198326
127,"[ 0.89575842 18.68086794 99.87708401 14.06450033 61.         93.8559
 59.3479     24.3785      1.        ]","[5.15000000e-02 8.58275475e+01 9.99967000e+01 8.18074606e+01
 6.10000000e+01 9.38559000e+01 5.93479000e+01 2.43785000e+01
 1.00000000e+00]",[0.80753145],[0.80419526],168.2733061330286,32.41979191919194,-135.85351421383666,-0.8073384741513164,4.381035089492798,0.008130073547363281,538.8678299120235
128,"[ 0.88834986 24.49974526 99.99935464 36.60619708 21.         74.6473
 21.1146      6.5472      0.        ]","[ 2.06102121 88.86647677 99.9967     86.80746061 21.         74.6473
 21.1146      6.5472      0.        ]",[0.80590975],[0.80105379],139.7830528743766,26.390383838383798,-113.39266903599281,-0.8112046968805231,4.608916759490967,0.00944209098815918,488.12458652122314
129,"[7.32139201e-02 8.55049229e+01 9.99844496e+01 9.10253061e+01
 9.70000000e+01 8.65388000e+01 2.47489000e+01 9.92266000e+01
 0.00000000e+00]","[ 1.0515     75.73022424 98.9967     21.24239394 97.         86.5388
 24.7489     99.2266      0.        ]",[0.78745929],[0.80187436],23.558535255528113,105.08218181818182,81.52364656265371,3.460471785635477,0.6828460693359375,0.006247043609619141,109.30707579574079
130,"[ 1.5836901  25.36934419 25.22689791 29.00377787 64.          6.1977
  4.8773     63.2899      0.        ]","[10.06102121 74.91513838 81.9967     52.50780404 64.          6.1977
  4.8773     63.2899      0.        ]",[0.80718947],[0.8112318],221.98367012177442,100.64137878787875,-121.34229133389567,-0.5466271067026258,4.652801036834717,0.03595709800720215,129.39868050260253
131,"[ 0.38186117 85.80707929 99.9010622  87.44940334 57.         83.9625
 79.5187      0.3422      0.        ]","[5.15000000e-02 8.58664768e+01 9.99967000e+01 8.18074606e+01
 5.70000000e+01 8.39625000e+01 7.95187000e+01 3.42200000e-01
 0.00000000e+00]",[0.75748638],[0.75748638],27.224316338247718,32.380862626262626,5.156546288014908,0.1894095786997018,0.6721251010894775,0.008174657821655273,82.22057922827894
132,"[ 1.27789571 18.63679672 23.02461409 41.93718406 19.         86.1349
 52.7975     76.9383      0.        ]","[ 1.06102121 24.86647677 99.9967     26.29376364 19.         86.1349
 52.7975     76.9383      0.        ]",[0.80140247],[0.80912101],217.6793008311928,149.90408080808078,-67.77522002311201,-0.31135353597846555,4.619387865066528,0.02410411834716797,191.64309594460929
133,"[ 0.90101472 16.63317847 99.10115434 20.61139967  2.         58.3739
 67.0075     95.0135      1.        ]","[ 1.06102121 88.86647677 98.9967     21.24239394  2.         58.3739
 67.0075     95.0135      1.        ]",[0.80853027],[0.81141851],164.5552822325322,91.95545050505046,-72.59983172748173,-0.441188096440996,4.435362100601196,0.01974797248840332,224.59835323377078
134,"[ 1.58242366 20.07628879 99.86911314 14.06458529 71.         10.616
 39.8497     43.0514      1.        ]","[ 1.06102121 24.86647677 99.9967     42.62766667 71.         10.616
 39.8497     43.0514      1.        ]",[0.80143497],[0.80367288],167.5724364405983,133.57017777777776,-34.00225866282054,-0.20291080911074408,4.052053928375244,0.04621577262878418,87.6768622029168
135,"[ 0.88241901 16.63767513 99.88699882 14.06450033 62.         91.5501
 78.4329     50.8415      1.        ]","[ 1.06102121 73.91513838 99.9967     36.50780404 62.         91.5501
 78.4329     50.8415      1.        ]",[0.80580051],[0.80998202],170.29324473176268,90.6413787878788,-79.65186594388388,-0.4677335620056302,4.392655849456787,0.024602890014648438,178.54227071866035
136,"[ 0.73913002 75.84303781 99.8245049  20.61142538 31.         29.2501
 27.556      98.3748      1.        ]","[ 1.06102121 88.86647677 99.9967     21.24239394 31.         29.2501
 27.556      98.3748      1.        ]",[0.80436445],[0.81098836],104.46016192818075,90.95545050505046,-13.504711423130288,-0.129280973472118,4.29157567024231,0.010774850845336914,398.2955988759321
137,"[ 3.83075011 98.17205429 98.95830154 14.06450033  9.         48.5428
 86.6963     80.3153      1.        ]","[ 1.06102121 88.86647677 99.9967     19.24239394  9.         48.5428
 86.6963     80.3153      1.        ]",[0.80471542],[0.76490195],92.63589394043754,92.95545050505046,0.3195565646129239,0.0034495976777467107,4.311870813369751,0.008424997329711914,511.79491750856045
138,"[ 0.90137381 24.51527383 99.90550036 14.0645207  60.         49.6209
 15.8988     82.6995      1.        ]","[ 1.0515     85.86647677 99.9967     81.80746061 60.         49.6209
 15.8988     82.6995      1.        ]",[0.80892286],[0.80343912],162.41607892624307,33.380862626262626,-129.03521629998045,-0.7944731651758342,4.317209959030151,0.01714611053466797,251.7894627064909
139,"[ 1.55021325 22.94807731 45.18993526 41.72107423 78.         82.1202
 51.9066     93.3766      0.        ]","[ 1.0515     23.73022424 64.9967     66.74752929 78.         82.1202
 51.9066     93.3766      0.        ]",[0.81136435],[0.80104514],191.69112644621873,145.57704646464646,-46.114079981572274,-0.24056449996661758,4.439448118209839,0.030516862869262695,145.47524551356673
140,"[37.71581428 24.53505838 23.0407877  65.86154832 86.         50.7355
 39.0115     80.0006      0.        ]","[ 1.06102121 22.934      82.0892     25.5858     86.         50.7355
 39.0115     80.0006      0.        ]",[0.80129279],[0.8100442],224.27841987631257,170.45202121212122,-53.826398664191345,-0.23999811793696466,4.710360050201416,0.029630422592163086,158.97039725134576
141,"[ 1.53459863 18.68343752 23.02150881 26.83658437 94.         15.1063
 44.2549     81.1367      0.        ]","[ 1.06102121 17.9206     59.7061     25.8279     94.         15.1063
 44.2549     81.1367      0.        ]",[0.80966155],[0.81674167],232.9930679295702,197.60642121212123,-35.38664671744897,-0.15187853884196137,4.746527910232544,0.019158124923706055,247.75534814261712
142,"[ 0.59229338 87.62688901 95.92792244 84.35192033 95.         96.8565
 70.8774     73.4094      0.        ]","[5.15000000e-02 7.57302242e+01 8.99967000e+01 6.68074606e+01
 9.50000000e+01 9.68565000e+01 7.08774000e+01 7.34094000e+01
 0.00000000e+00]",[0.41253322],[0.39820974],32.685561599967684,67.51711515151516,34.83155355154747,1.06565565486817,0.5723931789398193,0.02870917320251465,19.93764065938629
143,"[  3.83047028  22.92826159  99.96660531  14.06450359 100.
  49.6181      69.4044      30.4719       1.        ]","[  1.06102121  75.73995657  99.9967      42.50780404 100.
  49.6181      69.4044      30.4719       1.        ]",[0.80463034],[0.80651096],166.8710998006424,82.81656060606065,-84.05453919458176,-0.5037093858373323,4.385392189025879,0.01878499984741211,233.45180860515293
144,"[ 3.83029156 73.99456418 99.98606996 14.06456617 74.         56.3265
 51.4462     46.0419      1.        ]","[ 1.06102121 85.82754747 99.9967     81.80746061 74.         56.3265
 51.4462     46.0419      1.        ]",[0.80600913],[0.78355563],115.78509124069171,33.42931313131311,-82.3557781093786,-0.7112813681528226,4.370028734207153,0.011669635772705078,374.4785886487149
145,"[ 0.8843442  98.34349053 99.93099799 14.06567076 31.         99.5064
 34.6719     23.1241      1.        ]","[ 1.06102121 88.86647677 81.9967     81.80746061 31.         99.5064
 34.6719     23.1241      1.        ]",[0.32846393],[0.11916195],88.54418490414452,48.3903838383838,-40.15380106576072,-0.4534888554141654,0.8834638595581055,0.023080110549926758,38.27814678993854
146,"[ 3.82914751 27.15089578 45.49699586 37.19881955 28.         75.5861
 85.285      14.1644      0.        ]","[38.6404     25.3564     60.0544     87.80746061 28.         75.5861
 85.285      14.1644      0.        ]",[0.80081047],[0.8018784],193.9824363190326,165.4221393939394,-28.560296925093184,-0.14723135489504618,4.6020121574401855,0.02042698860168457,225.29077815516416
147,"[ 3.83071594 98.17205431 99.82471782 14.06455706 44.         28.9499
 56.9378     33.7025      1.        ]","[ 1.06102121 88.91513838 99.9967     81.80746061 44.         28.9499
 56.9378     33.7025      1.        ]",[0.81146935],[0.68737121],91.76938674370507,30.341722222222245,-61.427664521482825,-0.6693698923044886,4.290705919265747,0.017575979232788086,244.12329250261126
148,"[ 1.58256264 19.50248771 23.02572885 25.48968027 70.          7.7813
 59.3826     78.2962      0.        ]","[10.06102121 20.1075     59.6156     66.5516     70.          7.7813
 59.3826     78.2962      0.        ]",[0.80265288],[0.80468067],233.56466580044994,163.7863212121212,-69.77834458832874,-0.29875385623587897,4.7145960330963135,0.03303813934326172,142.70162081805847
149,"[ 1.5837     18.67265341 99.99383121 14.06471452 67.         14.6945
 45.4962     81.9985      1.        ]","[ 2.06102121 76.82754747 99.9967     19.24239394 67.         14.6945
 45.4962     81.9985      1.        ]",[0.80122744],[0.80862468],168.85250086270494,105.99437979797978,-62.85812106472517,-0.3722664499700571,4.336560010910034,0.014326095581054688,302.7035514578618
150,"[ 1.56968166 25.34702894 25.21702553 27.00834844 26.         10.5161
 87.8631     70.9152      0.        ]","[ 2.06102121 89.2383     67.0092     36.4333     26.         10.5161
 87.8631     70.9152      0.        ]",[0.81184107],[0.8001951],223.99727874208045,109.38022121212123,-114.61705752995923,-0.5116895087905686,4.717318058013916,0.010071754455566406,468.37103493987314
151,"[ 1.57886496 18.65056569 99.83290735 14.06450074 70.         18.4605
 88.4946     33.2695      1.        ]","[ 1.06102121 23.73995657 99.9967     41.80746061 70.         18.4605
 88.4946     33.2695      1.        ]",[0.80049509],[0.81203741],169.03089117058673,135.51690404040403,-33.5139871301827,-0.19827137452857793,4.3202128410339355,0.059400081634521484,72.73075595443562
152,"[38.49984369 25.27483645 23.02145523 65.86456197 87.         28.5563
 22.2467     77.8293      0.        ]","[ 3.06102121 25.4481     25.6056     66.195      87.         28.5563
 22.2467     77.8293      0.        ]",[0.80129279],[0.80743942],224.33899004220447,185.81232121212122,-38.52666883008325,-0.17173416365490146,4.701613664627075,0.03883719444274902,121.0595598391602
153,"[ 1.57935674 21.08383914 25.22467024 27.68975311 87.          5.3475
 13.6371     83.393       0.        ]","[13.06102121 20.73995657 63.9967     80.80746061 87.          5.3475
 13.6371     83.393       0.        ]",[0.80089923],[0.80172655],227.5810942497107,147.51690404040403,-80.06419020930667,-0.3518051025866726,4.509408950805664,0.03149700164794922,143.16946740545615
154,"[ 3.82864358 25.41905488 45.43649128 36.79062203 48.         30.3794
 70.3946     15.5436      0.        ]","[10.06102121 23.82754747 81.9967     66.80746061 48.         30.3794
 70.3946     15.5436      0.        ]",[0.81862107],[0.80305655],196.1824753977208,137.4293131313131,-58.753162266407685,-0.2994822149496145,4.6557371616363525,0.044570207595825195,104.45850295012865
155,"[ 3.83073299 22.91984404 99.83174433 14.06459525 91.         63.599
 74.4087     45.1126      1.        ]","[ 1.06102121 74.82754747 99.9967     26.29376364 91.         63.599
 74.4087     45.1126      1.        ]",[0.8024683],[0.80113663],167.01454937171323,99.94301010101009,-67.07153927070314,-0.4015909962516287,4.357544183731079,0.00960397720336914,453.72287870512884
156,"[ 1.57731207 25.80394583 23.044884   36.67293871 97.         21.1762
  4.488      52.7316      0.        ]","[13.06102121 23.82754747 64.9967     87.80746061 97.         21.1762
  4.488      52.7316      0.        ]",[0.83168313],[0.80252026],216.05554353052545,136.4293131313131,-79.62623039921235,-0.368545185640943,4.760890007019043,0.018393993377685547,258.8285158781594
157,"[ 3.83068829 75.84304013 99.88618538 20.61160793 17.         75.6586
 38.8792     98.6321      1.        ]","[ 1.06102121 75.86647677 99.9967     21.24239394 17.         75.6586
 38.8792     98.6321      1.        ]",[0.80115399],[0.80418431],107.48985485045455,103.95545050505046,-3.5344043454040843,-0.03288128307849453,4.328988790512085,0.010893106460571289,397.4062684672459
158,"[ 0.90139807 72.97347963 99.88336181 18.92893081 18.         88.8299
 32.5326     94.6945      1.        ]","[5.15000000e-02 9.89540677e+01 9.99967000e+01 8.18074606e+01
 1.80000000e+01 8.88299000e+01 3.25326000e+01 9.46945000e+01
 1.00000000e+00]",[0.80021863],[0.79955578],109.11562581300797,19.293271717171706,-89.82235409583626,-0.8231850702095161,4.427271842956543,0.023218870162963867,190.67559325166604
159,"[1.36665737e-03 9.21245705e+01 9.99490062e+01 9.73597442e+01
 8.00000000e+00 2.29437000e+01 1.55891000e+01 3.40960000e+00
 0.00000000e+00]","[ 1.06102121 88.86647677 99.9967     81.80746061  8.         22.9437
 15.5891      3.4096      0.        ]",[0.70292802],[0.67896304],10.568045675976691,30.390383838383798,19.822338162407107,1.875686268793037,0.5759787559509277,0.015510082244873047,37.13576413441141
160,"[ 1.58069186 18.65681467 23.02528806 44.14552311 81.         49.7494
 28.6124     73.357       0.        ]","[ 1.06102121 23.0681     25.3171     66.0309     81.         49.7494
 28.6124     73.357       0.        ]",[0.80461292],[0.80772025],215.75306602095782,186.6449212121212,-29.108144808836613,-0.1349141652800851,4.674310922622681,0.03573775291442871,130.7947630007672
161,"[ 0.90139074 98.1720651  98.95831395 14.0645291  14.         50.2314
  3.1629     49.4405      1.        ]","[ 1.06102121 98.95406768 99.9967     42.42218788 14.         50.2314
  3.1629     49.4405      1.        ]",[0.81369282],[0.71429296],89.70648258666125,59.68806565656564,-30.01841693009561,-0.3346292939431241,1.9882748126983643,0.00574803352355957,345.90522211622215
162,"[ 3.82657282 90.00817306 99.42259493 90.52456072 41.         95.6961
 95.1209     91.7541      0.        ]","[ 1.06102121 88.86647677 99.9967     81.80746061 41.         95.6961
 95.1209     91.7541      0.        ]",[0.55964084],[0.52148771],23.8712441135051,30.390383838383798,6.519139724878698,0.2730959347523287,1.0912907123565674,0.008311033248901367,131.3062623712671
163,"[ 1.49875367 26.92746497 25.20643847 25.62948847 18.          1.3917
 67.8113     43.7903      0.        ]","[ 3.06102121 25.0357     65.2714     42.2224     18.          1.3917
 67.8113     43.7903      0.        ]",[0.80688217],[0.80290059],223.73536176352792,170.53152121212122,-53.2038405514067,-0.23779808489835105,4.514322996139526,0.03387188911437988,133.2763868261197
164,"[ 1.38604624 22.9967129  23.02147437 36.59851953 46.         92.1397
  8.0684     42.214       0.        ]","[ 1.06102121 18.86647677 59.9967     42.42218788 46.         92.1397
  8.0684     42.214       0.        ]",[0.81666762],[0.83027738],218.7693394447202,179.77565656565656,-38.99368287906364,-0.17824107792269844,4.589867115020752,0.04835081100463867,94.92844110888667
165,"[ 0.96816092 18.64013935 23.02327444 41.77330762 54.         41.2867
  2.9162     69.616       0.        ]","[ 1.06102121 18.014      45.8628     42.1856     54.         41.2867
  2.9162     69.616       0.        ]",[0.80461292],[0.8150616],217.53143950658605,194.99862121212124,-22.532818294464818,-0.10358419153376038,4.662998676300049,0.02776503562927246,167.94499162766735
166,"[ 0.59091802 85.92891863 99.98982059 82.60732391 55.         70.8765
 40.7791      2.0893      0.        ]","[ 1.06102121 85.82754747 99.9967     81.80746061 55.         70.8765
 40.7791      2.0893      0.        ]",[0.74924079],[0.72756388],32.06485489621673,33.42931313131311,1.3644582350963788,0.04255307686601659,0.6496429443359375,0.007306098937988281,88.91789583605274
167,"[ 3.83074855 24.80112853 23.04115682 36.68204596 63.         64.7478
 51.5217     34.3761      0.        ]","[10.06102121 24.82754747 81.9967     66.80746061 63.         64.7478
 51.5217     34.3761      0.        ]",[0.81026956],[0.80711278],219.30641724454233,136.4293131313131,-82.87710411322922,-0.3779055130010871,4.5998008251190186,0.031148672103881836,147.6724532518925
168,"[ 3.83019173 29.18013608 25.29615671 42.53239259 40.         56.9993
 69.2379     38.3119      0.        ]","[10.06102121 23.82754747 81.9967     66.80746061 40.         56.9993
 69.2379     38.3119      0.        ]",[0.81230303],[0.80665553],206.82150635750918,137.4293131313131,-69.39219322619607,-0.3355172991837974,4.68275785446167,0.04691624641418457,99.81100817660241
169,"[ 0.9014     98.17205429 98.95830154 14.06450033 39.         44.9899
 29.718      49.3579      1.        ]","[ 1.06102121 88.86647677 99.9967     81.80746061 39.         44.9899
 29.718      49.3579      1.        ]",[0.81369282],[0.70734783],89.70654383279077,30.390383838383798,-59.31615999440697,-0.6612244487422211,4.328856945037842,0.008898019790649414,486.4966640765253
170,"[ 1.5836892  25.09975522 23.05122623 29.13168042 45.         19.574
 28.8687     76.5667      0.        ]","[ 3.06102121 23.3439     82.4074     42.0331     45.         19.574
 28.8687     76.5667      0.        ]",[0.82701088],[0.80557872],224.30102733087267,155.27662121212123,-69.02440611875144,-0.3077311189347859,4.693571090698242,0.04146170616149902,113.2025554475771
171,"[ 3.82917787 92.54068291 92.78521748 87.90189901 32.         99.785
 55.1231     27.3054      0.        ]","[5.15000000e-02 8.88664768e+01 8.99967000e+01 8.18074606e+01
 3.20000000e+01 9.97850000e+01 5.51231000e+01 2.73054000e+01
 0.00000000e+00]",[0.41071027],[0.37821282],30.601378466618144,39.380862626262626,8.779484159644483,0.28689832287201317,0.6881940364837646,0.016932964324951172,40.64226577680155
172,"[ 1.57093069 19.96543698 25.81153567 41.87274413 79.         56.4294
 60.4504     86.4271      0.        ]","[ 1.06102121 23.4221     23.727      66.1671     79.         56.4294
 60.4504     86.4271      0.        ]",[0.8047305],[0.80376314],213.92121391796917,187.74482121212122,-26.176392705847945,-0.12236464175958546,4.671337842941284,0.039845943450927734,117.234966432512
173,"[ 1.55147211 23.06482584 99.88757637 14.06450209 95.         64.2645
 38.9327     12.9535      1.        ]","[ 1.06102121 73.73995657 99.9967     41.80746061 95.         64.2645
 38.9327     12.9535      1.        ]",[0.80498759],[0.81431382],164.5345678022814,85.51690404040409,-79.01766376187732,-0.4802496205954216,4.518030881881714,0.03559279441833496,126.93667231574082
174,"[ 3.82894226 25.92568666 23.03615899 36.58803589  7.         53.3481
 39.1025     54.4695      0.        ]","[10.0515     88.86647677 81.9967     87.80746061  7.         53.3481
 39.1025     54.4695      0.        ]",[0.81278247],[0.801314],218.27906072010114,51.380862626262626,-166.89819809383852,-0.7646092920834573,4.5677649974823,0.019098281860351562,239.17151453110955
175,"[ 0.89864078 74.7822538  99.99874885 14.07195097 59.         30.7398
 83.1078     56.0603      1.        ]","[5.15000000e-02 9.89540677e+01 9.99967000e+01 8.18074606e+01
 5.90000000e+01 3.07398000e+01 8.31078000e+01 5.60603000e+01
 1.00000000e+00]",[0.80287826],[0.79788784],112.04568715546407,19.293271717171706,-92.75241543829236,-0.8278088857592334,4.0627601146698,0.012451648712158203,326.282905066442
176,"[ 3.83061649 26.49935291 23.03022952 40.56960842 77.         81.2872
 20.7674     37.8286      0.        ]","[10.06102121 66.73022424 59.59629596 87.80746061 77.         81.2872
 20.7674     37.8286      0.        ]",[0.81136253],[0.80199496],213.73142564107684,95.92704040404038,-117.80438523703646,-0.5511795230097213,4.609811067581177,0.0171048641204834,269.5029340841615
177,"[ 1.32880434 18.63207612 23.03359072 36.58706174 51.         90.7071
 39.8179     89.0227      0.        ]","[ 1.0515     18.82754747 25.9967     36.80746061 51.         90.7071
 39.8179     89.0227      0.        ]",[0.82111401],[0.80389037],223.07607576303894,219.41979191919188,-3.6562838438470635,-0.0163903001760302,4.56585693359375,0.05760526657104492,79.26110241956178
178,"[9.92457517e-02 9.89256455e+01 9.99660802e+01 9.42880625e+01
 4.90000000e+01 8.41291000e+01 6.47841000e+01 5.70300000e+00
 1.00000000e+00]","[ 1.06102121 85.86647677 99.9967     42.42218788 49.         84.1291
 64.7841      5.703       1.        ]",[0.66597236],[0.44586086],6.919457500972726,72.7756565656565,65.85619906468378,9.517537907476969,0.704517126083374,0.0068318843841552734,103.12193334496598
179,"[ 0.90110117 20.07649887 99.90071477 14.06502875 98.         82.6797
 91.5141     11.0153      1.        ]","[ 1.06102121 73.91513838 99.9967     42.50780404 98.         82.6797
 91.5141     11.0153      1.        ]",[0.81455566],[0.81849477],166.85885877357413,84.6413787878788,-82.21747998569532,-0.4927366793108878,4.465689182281494,0.015435934066772461,289.30475881562484
180,"[ 1.53789835 26.68619152 23.02994086 36.59245351 98.         12.1996
 72.0769     16.7461      0.        ]","[ 6.06102121 20.8893     82.1644     66.4094     98.         12.1996
 72.0769     16.7461      0.        ]",[0.82792983],[0.8048833],215.22931245431977,136.5979212121212,-78.63139124219856,-0.36533774301252425,4.609609127044678,0.022968053817749023,200.69654850262106
181,"[3.24857360e-02 9.08426025e+01 9.79743001e+01 4.33376755e+01
 3.50000000e+01 9.69361000e+01 6.19382000e+01 9.21780000e+00
 0.00000000e+00]","[5.15000000e-02 8.58275475e+01 9.79967000e+01 8.18074606e+01
 3.50000000e+01 9.69361000e+01 6.19382000e+01 9.21780000e+00
 0.00000000e+00]",[0.47785859],[0.44281916],67.87790762624877,34.41979191919194,-33.458115707056834,-0.49291613246661703,0.6904540061950684,0.0092620849609375,74.54628294892916
182,"[ 1.57651267 24.55008996 23.04009286 36.58936741 27.         76.3792
 73.6257     61.8686      0.        ]",[ 3.0515 25.205  82.0898 42.2141 27.     76.3792 73.6257 61.8686  0.    ],[0.81469403],[0.80139348],217.39696242938035,153.54260000000002,-63.85436242938033,-0.29372242241021607,4.669287919998169,0.03496694564819336,133.5343374561918
183,"[ 1.3830111  24.57973579 59.25919035 75.14476883 48.         33.0124
 48.5266      6.8757      0.        ]","[ 2.06102121 85.86647677 99.9967     86.80746061 48.         33.0124
 48.5266      6.8757      0.        ]",[0.80087063],[0.80465677],142.39931612785267,29.390383838383798,-113.00893228946887,-0.7936058638652748,4.63512396812439,0.019047021865844727,243.3516378975829
184,"[ 1.4143677  18.91587966 99.82659201 14.06452012 63.          3.9878
 96.5523     15.8663      1.        ]","[ 1.06102121 23.73995657 99.9967     41.80746061 63.          3.9878
 96.5523     15.8663      1.        ]",[0.8088288],[0.81999739],168.60737590748838,135.51690404040403,-33.09047186708435,-0.1962575580634174,4.314842700958252,0.0587921142578125,73.39152121723332
185,"[ 0.87748426 95.72175161 99.99596033 88.4167564  31.         51.2587
 23.7691      2.2337      0.        ]","[5.15000000e-02 8.88664768e+01 9.99967000e+01 8.18074606e+01
 3.10000000e+01 5.12587000e+01 2.37691000e+01 2.23370000e+00
 0.00000000e+00]",[0.77530967],[0.77530967],16.743015918873766,29.380862626262626,12.63784670738886,0.7548130377838735,0.691349983215332,0.008126020431518555,85.0785435554382
186,"[ 0.17424074 88.85825579 99.82450615 14.06682489 18.         72.6326
 92.9963     76.9819      1.        ]","[5.15000000e-02 9.89540677e+01 9.99967000e+01 8.18074606e+01
 1.80000000e+01 7.26326000e+01 9.29963000e+01 7.69819000e+01
 1.00000000e+00]",[0.80682367],[0.80495387],97.42465390506601,19.293271717171706,-78.1313821878943,-0.801967254243759,4.261722803115845,0.010515928268432617,405.26358627882195
187,"[ 0.9014     88.87998679 99.98337677 14.10117349 17.         43.3262
 90.5037     37.0594      1.        ]","[5.15000000e-02 9.89540677e+01 9.99967000e+01 8.18074606e+01
 1.70000000e+01 4.33262000e+01 9.05037000e+01 3.70594000e+01
 1.00000000e+00]",[0.80539323],[0.79708668],97.93686295525055,19.293271717171706,-78.64359123807884,-0.8030029640015403,4.049823045730591,0.011387109756469727,355.6497770147191
188,"[ 3.83047969 25.03999325 59.24005213 25.39616038 78.         50.8331
 96.4122     16.5598      0.        ]","[10.0515     23.82754747 81.9967     66.80746061 78.         50.8331
 96.4122     16.5598      0.        ]",[0.80875453],[0.80305655],194.15427392543018,137.41979191919188,-56.734482006238295,-0.2922134077152924,4.560247898101807,0.04182791709899902,109.02402544474148
189,"[ 3.83074168 98.17205454 99.82500848 14.06450046 34.         46.0578
 27.7997     56.5956      1.        ]","[ 1.06102121 88.86647677 99.9967     81.75609091 34.         46.0578
 27.7997     56.5956      1.        ]",[0.81146935],[0.70734783],91.7691782027789,30.441753535353484,-61.32742466742542,-0.6682791092659947,4.32467794418335,0.006951093673706055,622.1579145944092
190,"[ 1.30795378 90.60489931 59.54550409 42.97571119 41.         97.7584
 38.4799     12.0882      0.        ]","[ 1.06102121 88.86647677 81.9967     81.80746061 41.         97.7584
 38.4799     12.0882      0.        ]",[0.44083772],[0.39722815],108.18183919611607,48.3903838383838,-59.791455357732275,-0.5526940177947991,0.6951010227203369,0.020090103149414062,34.59917639798728
191,"[ 1.18220887 18.02883236 99.88872568 14.06581261 91.          5.5556
 80.6662     38.3397      1.        ]","[ 1.06102121 20.73995657 99.9967     41.80746061 91.          5.5556
 80.6662     38.3397      1.        ]",[0.80460426],[0.81473586],169.19883821889795,138.51690404040403,-30.68193417849392,-0.1813365534980785,4.427667140960693,0.06493306159973145,68.1881776690937
192,"[ 3.82692315 87.68777597 99.90431804 88.64539882 47.         80.5772
 71.9532     99.3432      0.        ]","[ 2.06102121 24.95406768 99.9967     21.24239394 47.         80.5772
 71.9532     99.3432      0.        ]",[0.71398487],[0.80024762],27.589430323921476,155.8678595959596,128.27842927203812,4.649549764745016,0.6821441650390625,0.03210330009460449,21.24841256284766
193,"[ 0.8857244  88.85815194 99.98657948 14.06450035 38.         55.644
 83.8609     57.6185      1.        ]","[5.15000000e-02 9.89540677e+01 9.99967000e+01 8.18074606e+01
 3.80000000e+01 5.56440000e+01 8.38609000e+01 5.76185000e+01
 1.00000000e+00]",[0.80716004],[0.79891008],97.97649262429132,19.293271717171706,-78.68322090711962,-0.8030826456387323,4.332406997680664,0.018571853637695312,233.27811440895553
194,"[ 1.58362542 18.70553666 25.9400636  36.68211298 23.         18.6143
 31.021      39.2123      0.        ]","[ 1.06102121 18.7031     23.908      42.3165     23.         18.6143
 31.021      39.2123      0.        ]",[0.80942949],[0.81724138],220.25591217786817,216.13342121212125,-4.12249096574692,-0.0187168231943658,4.630618095397949,0.03898215293884277,118.78815679223011
195,"[38.76125414 30.7298278  23.05857236 41.809001   53.         17.7821
 10.72       76.392       0.        ]",[63.5877 20.8103 64.9967 87.888  53.     17.7821 10.72   76.392   0.    ],[0.82028591],[0.80348288],243.16385296614854,189.8927,-53.27115296614855,-0.21907513109509974,4.8664751052856445,0.031002044677734375,156.9727144087609
196,"[ 0.20931162 75.84694403 99.88525418 18.92385199 45.         34.7622
 70.5592     66.2633      1.        ]","[ 1.06102121 88.86647677 99.9967     81.80746061 45.         34.7622
 70.5592     66.2633      1.        ]",[0.80456603],[0.72947684],105.55326143067157,30.390383838383798,-75.16287759228777,-0.7120848429838001,4.358154058456421,0.008368968963623047,520.7516095948948
197,"[ 3.83073721 88.85815259 99.89437922 14.06454044 26.         73.0122
 95.816      22.5528      1.        ]","[ 1.06102121 88.86647677 99.9967     81.80746061 26.         73.0122
 95.816      22.5528      1.        ]",[0.80403185],[0.72577478],101.01366496150996,30.390383838383798,-70.62328112312616,-0.6991458150739933,4.311704874038696,0.016087055206298828,268.0232534013101
198,"[ 0.34847726 91.23677928 95.51574283 97.77684585 28.         96.2157
 61.3108     65.9681      0.        ]","[ 1.06102121 88.86647677 81.9967     81.80746061 28.         96.2157
 61.3108     65.9681      0.        ]",[0.40072119],[0.3740852],15.819109311412262,48.3903838383838,32.571274526971536,2.0589828343542633,0.5888168811798096,0.018978118896484375,31.02609296482412
199,"[ 1.21924045 22.92881506 23.02154361 36.59915536 43.         94.9072
 31.22       73.4212      0.        ]","[ 1.06102121 19.3136     60.199      52.3086     43.         94.9072
 31.22       73.4212      0.        ]",[0.80544757],[0.80454203],218.6697264216748,169.23982121212123,-49.42990520955357,-0.22604823273174415,4.542144060134888,0.027858972549438477,163.0406165221782
