Unnamed: 0,custom_adaptation,custom_confidence,custom_score,score_diff,score_improvement[%],custom_time,speed-up
0,"[1.00000000e+00 3.66407490e+01 1.00000000e+00 1.00000000e+00
 1.20000000e+01 2.37092926e+04 1.70000000e+01]","[8.88074864e-03 6.01216003e-02 1.00000000e+00 7.85458978e-05
 7.34885795e-02 5.90468892e-02 7.85458978e-05 5.99013474e-05
 5.99013474e-05 5.99013474e-05 7.66973317e-05 2.54274150e-03]",170.31277555555556,-30.984448971756706,,0.0226671695709228,12.355716133918149
1,"[0.00000000e+00 4.75669315e+01 1.00000000e+00 3.00000000e+00
 1.40000000e+01 1.26220312e+04 7.80000000e+01]","[3.51142529e-03 5.01344560e-02 9.90000000e-01 1.37250812e-04
 4.96399390e-02 6.24568284e-02 1.37250812e-04 2.07428704e-04
 2.07428704e-04 2.07428704e-04 6.33311865e-04 1.93043641e-03]",94.59318111111111,-43.54873150189485,,0.0225758552551269,7.025757735769353
2,"[0.00000000e+00 1.43665053e+01 1.00000000e+00 3.00000000e+00
 9.00000000e+00 3.53057362e+04 3.00000000e+01]","[3.91592453e-03 1.76610258e-02 9.90000000e-01 3.06391921e-05
 1.60835510e-02 2.44474873e-02 3.06391921e-05 2.76384253e-05
 2.76384253e-05 2.76384253e-05 3.28099450e-05 1.16962523e-03]",20.814456222222248,-9.34830526902067,,0.0345487594604492,3.322694399205013
3,"[1.00000000e+00 2.39822500e+01 1.00000000e+00 4.00000000e+00
 1.60000000e+01 1.94827134e+04 6.40000000e+01]","[4.20380678e-03 7.64723925e-02 1.00000000e+00 3.91000649e-05
 7.42693207e-02 7.39434543e-02 3.91000649e-05 6.28203270e-05
 6.28203270e-05 6.28203270e-05 1.59607425e-05 8.08877014e-04]",142.18277777777777,-18.147435853465765,,0.034841775894165,4.826963739504711
4,"[1.00000000e+00 3.15735695e+01 0.00000000e+00 2.00000000e+00
 5.00000000e+00 8.08056340e+03 8.20000000e+01]","[1.03547692e-01 8.81215105e-02 9.80000000e-01 1.78206398e-03
 7.67204475e-02 7.08494422e-02 1.78206398e-03 5.13184757e-04
 5.13184757e-04 5.13184757e-04 1.45432330e-03 3.20670706e-02]",259.05237666666665,-26.555369538846094,,0.0235195159912109,6.14002311248074
5,"[0.00000000e+00 1.43665053e+01 1.00000000e+00 4.00000000e+00
 1.00000000e+01 3.43112402e+04 3.30000000e+01]","[4.23899405e-03 1.85817546e-02 1.00000000e+00 1.07827444e-04
 1.72870887e-02 2.53616627e-02 1.07827444e-04 4.77756839e-05
 4.77756839e-05 4.77756839e-05 1.76544545e-05 1.61175526e-03]",20.814456222222248,-11.34830526902067,,0.0228502750396728,6.867927087572125
6,"[1.00000000e+00 1.91017561e+01 0.00000000e+00 1.00000000e+00
 1.20000000e+01 2.35984420e+03 5.60000000e+01]","[1.83697881e-02 3.81209041e-02 1.00000000e+00 6.35861128e-04
 4.32492904e-02 8.73581025e-02 6.35861128e-04 2.07920559e-04
 2.07920559e-04 2.07920559e-04 5.45757430e-05 1.24687992e-02]",231.33723577777778,-13.083556138289625,,0.0245428085327148,6.341519331649504
7,"[0.00000000e+00 9.49326951e+00 1.00000000e+00 4.00000000e+00
 3.00000000e+00 8.55715960e+03 7.70000000e+01]","[4.00610897e-03 3.41401242e-02 1.00000000e+00 1.64317637e-04
 3.14894546e-02 4.80114849e-02 1.64317637e-04 1.26054147e-04
 1.26054147e-04 1.26054147e-04 2.45066476e-04 1.96071916e-03]",9.985043355555547,-6.475069510900198,,0.0229444503784179,9.458601770647158
8,"[0.00000000e+00 1.43665053e+01 1.00000000e+00 3.00000000e+00
 6.00000000e+00 6.71802720e+03 2.50000000e+01]","[5.42157797e-03 3.21881372e-02 9.90000000e-01 8.74542820e-05
 2.68901351e-02 3.14013480e-02 8.74542820e-05 7.46472870e-05
 7.46472870e-05 7.46472870e-05 6.33535892e-05 2.43953053e-03]",20.814456222222248,-10.34830526902067,,0.0222301483154296,7.537408837408837
9,"[0.00000000e+00 9.49326951e+00 1.00000000e+00 3.00000000e+00
 2.30000000e+01 3.67674305e+04 8.80000000e+01]","[3.11360652e-03 5.07192766e-02 9.90000000e-01 6.89294538e-04
 5.56319079e-02 7.15785493e-02 6.89294538e-04 2.05063596e-04
 2.05063596e-04 2.05063596e-04 1.18938275e-04 9.24872846e-04]",9.985043355555547,-6.475069510900198,,0.022533893585205,6.444040036396724
10,"[1.00000000e+00 2.20674727e+01 1.00000000e+00 3.00000000e+00
 2.30000000e+01 1.99557145e+04 9.40000000e+01]","[1.76634798e-02 9.66442770e-02 1.00000000e+00 3.80371028e-04
 1.27178337e-01 9.78855660e-02 3.80371028e-04 5.23871800e-04
 5.23871800e-04 5.23871800e-04 3.65863525e-04 2.77805791e-03]",137.92771711111112,24.64115965847781,,0.0323774814605712,6.87024395991193
11,"[0.00000000e+00 2.02420019e+01 1.00000000e+00 4.00000000e+00
 2.20000000e+01 1.08554399e+04 6.20000000e+01]","[2.81229581e-03 1.26356046e-01 1.00000000e+00 3.44399959e-05
 1.76533982e-01 1.06262023e-01 3.44399959e-05 3.33451426e-05
 3.33451426e-05 3.33451426e-05 1.48959462e-05 7.93308638e-04]",33.871115333333364,-17.223801869027852,,0.0234851837158203,6.1103610005685045
12,"[0.00000000e+00 3.77538558e+01 1.00000000e+00 3.00000000e+00
 1.30000000e+01 3.29123380e+04 9.70000000e+01]","[6.60012975e-02 7.18765830e-02 1.00000000e+00 3.07997543e-04
 7.38577960e-02 8.94968141e-02 3.07997543e-04 3.50880524e-04
 3.50880524e-04 3.50880524e-04 3.00163869e-04 5.44296415e-03]",72.78634622222222,-34.735655770842186,,0.0220708847045898,8.036144838612108
13,"[0.00000000e+00 3.98741031e+01 1.00000000e+00 2.00000000e+00
 2.20000000e+01 2.71186381e+04 7.90000000e+01]","[3.32682359e-03 8.45198172e-02 9.90000000e-01 6.90065135e-05
 7.00442889e-02 7.38441204e-02 6.90065135e-05 5.24159521e-04
 5.24159521e-04 5.24159521e-04 1.03389530e-03 3.06256747e-03]",77.49800688888888,-34.85590313884558,,0.0350368022918701,2.9151236773161853
14,"[0.00000000e+00 3.55031549e+01 0.00000000e+00 1.00000000e+00
 9.00000000e+00 3.94390612e+04 3.40000000e+01]","[1.12520780e-01 3.97757925e-02 1.00000000e+00 4.41903721e-05
 4.35567656e-02 1.03169362e-01 4.41903721e-05 3.24657667e-05
 3.24657667e-05 3.24657667e-05 3.76989155e-05 5.69365873e-02]",167.78478866666666,-29.48495487027457,,0.0229630470275878,5.053585148576531
15,"[1.00000000e+00 7.11498483e+00 0.00000000e+00 4.00000000e+00
 2.00000000e+00 1.63085723e+04 9.80000000e+01]","[0.62806847 0.12835235 1.         0.02919292 0.11302223 0.17127214
 0.02919292 0.05768877 0.05768877 0.05768877 0.02067965 0.06144466]",204.6999662888889,-2.0967848344091635,,0.0230715274810791,8.445855594250224
16,"[0.00000000e+00 2.91230961e+01 0.00000000e+00 3.00000000e+00
 1.00000000e+00 4.45925220e+03 5.00000000e+00]","[2.88238758e-02 2.99551422e-02 1.00000000e+00 1.31793087e-03
 2.51671496e-02 4.18589966e-02 1.31793087e-03 1.98837210e-04
 1.98837210e-04 1.98837210e-04 9.75525763e-05 1.10221262e-02]",153.60688022222223,-25.10489605345112,,0.0235857963562011,6.6621009643571965
17,"[0.0000000e+00 2.2089688e+01 0.0000000e+00 1.0000000e+00 3.0000000e+00
 4.0987201e+03 1.3000000e+01]","[2.24866334e-02 2.41206107e-02 9.80000000e-01 4.70395084e-04
 1.90807982e-02 5.18507369e-02 4.70395084e-04 4.98036214e-04
 4.98036214e-04 4.98036214e-04 1.46935228e-04 1.52882187e-02]",137.97708444444444,-18.07148799306583,,0.023634910583496,9.215440019368115
18,"[0.00000000e+00 1.43665053e+01 1.00000000e+00 3.00000000e+00
 1.20000000e+01 2.42668422e+04 8.60000000e+01]","[6.29793912e-03 5.21367762e-02 1.00000000e+00 2.29604979e-04
 5.66763614e-02 5.80458713e-02 2.29604979e-04 3.23389948e-04
 3.23389948e-04 3.23389948e-04 3.56928620e-04 4.97487986e-03]",20.814456222222248,11.905217963302562,,0.0225849151611328,6.428109956929314
19,"[1.00000000e+00 2.68647966e+01 1.00000000e+00 4.00000000e+00
 9.00000000e+00 1.44902253e+04 7.90000000e+01]","[4.98882943e-03 6.66291597e-02 1.00000000e+00 1.08000531e-04
 6.32312400e-02 6.09044139e-02 1.08000531e-04 5.11408027e-04
 5.11408027e-04 5.11408027e-04 5.22986229e-04 4.24551055e-03]",148.58843688888888,-22.846596574258854,,0.0218005180358886,7.225562676349002
20,"[1.00000000e+00 2.20674727e+01 1.00000000e+00 4.00000000e+00
 7.00000000e+00 6.16249090e+03 4.00000000e+00]","[8.02479109e-03 2.20852552e-02 1.00000000e+00 2.14949221e-04
 2.28761476e-02 2.49014647e-02 2.14949221e-04 9.68339154e-05
 9.68339154e-05 9.68339154e-05 1.36539922e-04 1.67531637e-03]",137.92771711111112,-17.04927266475454,,0.0235786437988281,6.540982446206115
21,"[1.00000000e+00 4.47527170e+01 0.00000000e+00 2.00000000e+00
 1.20000000e+01 3.95020085e+04 5.10000000e+01]","[1.19562232e-01 3.02014224e-02 1.00000000e+00 1.42465942e-04
 4.09284577e-02 7.68883634e-02 1.42465942e-04 1.46206608e-03
 1.46206608e-03 1.46206608e-03 8.84734502e-04 4.06859424e-02]",288.3393711111111,-38.73451701086353,,0.0227789878845214,7.404931862426995
22,"[0.00000000e+00 5.18794413e+00 1.00000000e+00 3.00000000e+00
 6.00000000e+00 2.57619050e+04 3.00000000e+00]","[9.15462187e-02 2.11788915e-02 8.60000000e-01 8.13735387e-05
 1.32751170e-02 1.95316658e-02 8.13735387e-05 1.80686475e-05
 1.80686475e-05 1.80686475e-05 6.45293476e-05 1.22118019e-03]",0.41765362222224667,-0.3531299865751975,,0.0224738121032714,7.842439158939976
23,"[1.00000000e+00 4.20200079e+01 0.00000000e+00 1.00000000e+00
 7.00000000e+00 3.96805043e+04 4.70000000e+01]","[9.14261712e-02 7.02202249e-02 1.00000000e+00 2.88734427e-05
 1.01494181e-01 4.69743066e-02 2.88734427e-05 9.88252796e-05
 9.88252796e-05 9.88252796e-05 1.51308472e-04 4.02746324e-02]",282.26668422222224,-35.001807946267206,,0.036513328552246,2.798195209862356
24,"[0.00000000e+00 1.20749710e+01 1.00000000e+00 2.00000000e+00
 2.00000000e+01 2.61118336e+04 4.80000000e+01]","[3.40582785e-03 5.60779386e-02 9.90000000e-01 6.48358400e-05
 5.93020249e-02 6.96628295e-02 6.48358400e-05 1.17950010e-04
 1.17950010e-04 1.17950010e-04 2.49423640e-04 1.15872997e-03]",15.722157777777738,35.99612188840766,,0.0223579406738281,3.218456747995223
25,"[1.00000000e+00 3.77774892e+01 0.00000000e+00 1.00000000e+00
 4.00000000e+00 2.72350943e+04 7.90000000e+01]","[1.07406071e-01 9.40332123e-02 9.90000000e-01 2.48651286e-05
 9.98877571e-02 1.08078255e-01 2.48651286e-05 2.02669224e-04
 2.02669224e-04 2.02669224e-04 3.83258361e-04 2.79691088e-02]",272.8388648888889,-30.759289167149177,,0.0379691123962402,2.423826089140618
26,"[1.00000000e+00 5.29462916e+00 0.00000000e+00 2.00000000e+00
 1.40000000e+01 2.68000250e+03 9.30000000e+01]","[0.3655982  0.37891424 1.         0.01448546 0.74198216 0.42535405
 0.01448546 0.01549321 0.01549321 0.01549321 0.02664609 0.3292119 ]",200.65473146666665,-0.2764291588122205,,0.0230004787445068,6.407189725409709
27,"[1.00000000e+00 4.60870327e+01 0.00000000e+00 2.00000000e+00
 2.00000000e+00 1.98885204e+04 1.00000000e+02]","[0.05452895 0.02943109 0.81       0.0052171  0.03871492 0.04306242
 0.0052171  0.00236009 0.00236009 0.00236009 0.00194936 0.0086598 ]",291.3045171111111,-41.0688327387642,,0.0232975482940673,12.664817790149105
28,"[1.00000000e+00 2.68647966e+01 1.00000000e+00 3.00000000e+00
 9.00000000e+00 2.08969069e+04 1.60000000e+01]","[4.51532107e-03 7.63974064e-02 1.00000000e+00 2.89143762e-04
 7.57308510e-02 7.29430309e-02 2.89143762e-04 6.22293373e-05
 6.22293373e-05 6.22293373e-05 3.23474960e-05 2.88677731e-03]",148.58843688888888,-22.846596574258854,,0.0228643417358398,7.329280500521376
29,"[1.00000000e+00 2.68647966e+01 1.00000000e+00 4.00000000e+00
 1.00000000e+01 1.56969804e+04 5.50000000e+01]","[4.88759903e-03 3.97116105e-02 1.00000000e+00 3.10785865e-04
 4.14794828e-02 4.63985286e-02 3.10785865e-04 4.59751638e-04
 4.59751638e-04 4.59751638e-04 9.41786915e-04 2.86702857e-03]",148.58843688888888,-21.02998243284469,,0.023266315460205,6.310433873711393
30,"[1.00000000e+00 2.68647966e+01 1.00000000e+00 4.00000000e+00
 1.00000000e+01 2.63119740e+04 5.10000000e+01]","[4.88759903e-03 4.47928697e-02 1.00000000e+00 1.61000047e-04
 4.97603810e-02 4.82441452e-02 1.61000047e-04 1.88658538e-04
 1.88658538e-04 1.88658538e-04 3.68610170e-04 3.50909086e-03]",148.58843688888888,-22.846596574258854,,0.0217671394348144,9.0251703213652
31,"[1.00000000e+00 5.29462916e+00 0.00000000e+00 4.00000000e+00
 1.10000000e+01 3.87569290e+03 1.10000000e+01]","[0.78927623 0.04987573 0.99       0.00168636 0.1036703  0.14303146
 0.00168636 0.00315298 0.00315298 0.00315298 0.00316524 0.31801084]",200.65473146666665,0.7235708411877795,,0.0261852741241455,4.728168334410766
32,"[1.00000000e+00 4.60870327e+01 0.00000000e+00 2.00000000e+00
 5.00000000e+00 1.25550662e+04 1.10000000e+01]","[4.35527772e-02 1.92517544e-02 9.70000000e-01 5.11044229e-04
 1.75294853e-02 2.55925807e-02 5.11044229e-04 7.16499271e-05
 7.16499271e-05 7.16499271e-05 1.26416824e-04 3.75996253e-03]",291.3045171111111,-41.0688327387642,,0.0236933231353759,5.9739980075872685
33,"[0.00000000e+00 4.12287050e+01 1.00000000e+00 3.00000000e+00
 1.50000000e+01 3.96652705e+04 4.10000000e+01]","[6.63882801e-03 4.75183440e-02 9.60000000e-01 2.69903740e-05
 4.78711134e-02 5.13302595e-02 2.69903740e-05 9.57240409e-05
 9.57240409e-05 9.57240409e-05 8.59915453e-05 8.13409112e-04]",80.50823333333332,-38.21050496131534,,0.0220363140106201,9.72512361106603
34,"[1.00000000e+00 2.68647966e+01 1.00000000e+00 4.00000000e+00
 2.30000000e+01 3.16524507e+04 1.60000000e+01]","[4.10025189e-03 1.55001941e-01 1.00000000e+00 1.69532272e-04
 1.77208520e-01 1.36910926e-01 1.69532272e-04 1.45714104e-04
 1.45714104e-04 1.45714104e-04 2.36537351e-04 1.31394627e-03]",148.58843688888888,-21.846596574258854,,0.0224750041961669,5.535256240253747
35,"[0.00000000e+00 2.14172685e+01 0.00000000e+00 1.00000000e+00
 1.40000000e+01 6.07303440e+03 5.40000000e+01]","[3.11889299e-02 5.99483865e-02 9.90000000e-01 2.97577516e-03
 4.93746317e-02 8.36589944e-02 2.97577516e-03 1.63047982e-04
 1.63047982e-04 1.63047982e-04 9.83867285e-05 1.96489804e-02]",136.4828188888889,-16.399068549481626,,0.0222208499908447,7.108131886996921
36,"[0.00000000e+00 4.65836438e+01 0.00000000e+00 4.00000000e+00
 2.20000000e+01 1.60789501e+04 5.10000000e+01]","[2.85345827e-02 3.32213755e-02 1.00000000e+00 1.38339674e-04
 3.73311633e-02 4.19748022e-02 1.38339674e-04 4.82466479e-04
 4.82466479e-04 4.82466479e-04 1.35467504e-03 7.21088324e-03]",192.40809733333333,-42.56544381839439,,0.0238795280456542,8.133728708640348
37,"[1.00000000e+00 2.68647966e+01 1.00000000e+00 3.00000000e+00
 1.50000000e+01 1.04790694e+04 8.80000000e+01]","[5.71202940e-03 1.09124725e-01 1.00000000e+00 4.81322029e-04
 9.90081314e-02 1.11720868e-01 4.81322029e-04 3.34786309e-04
 3.34786309e-04 3.34786309e-04 8.05222313e-04 5.22239854e-03]",148.58843688888888,-22.846596574258854,,0.0249931812286376,6.287477701780996
38,"[0.00000000e+00 4.43722961e+01 1.00000000e+00 4.00000000e+00
 1.90000000e+01 2.94761003e+04 9.80000000e+01]","[0.10612711 0.16441929 1.         0.00128949 0.15891228 0.19705095
 0.00128949 0.00324567 0.00324567 0.00324567 0.00505389 0.01044971]",87.49399133333333,-41.35409609603204,,0.0218768119812011,8.87554218705726
39,"[0.00000000e+00 4.04480768e+01 1.00000000e+00 4.00000000e+00
 1.00000000e+00 3.42168755e+04 7.80000000e+01]","[3.93995669e-03 5.07801284e-02 1.00000000e+00 1.20840141e-05
 4.91784317e-02 5.71164381e-02 1.20840141e-05 3.98807206e-05
 3.98807206e-05 3.98807206e-05 4.64700533e-05 1.40976770e-03]",78.773504,-36.42987684840034,,0.0339977741241455,4.901042798936864
40,"[0.00000000e+00 1.43665053e+01 1.00000000e+00 3.00000000e+00
 0.00000000e+00 2.84065136e+04 4.00000000e+01]","[5.37719291e-03 4.09543421e-02 1.00000000e+00 3.95501556e-05
 3.20808108e-02 3.75080316e-02 3.95501556e-05 1.92806910e-05
 1.92806910e-05 1.92806910e-05 3.16344049e-05 2.59741230e-03]",20.814456222222248,-8.531691127606507,,0.0338895320892334,4.64480839717749
41,"[0.00000000e+00 9.69278266e+00 1.00000000e+00 1.00000000e+00
 9.00000000e+00 1.56974309e+04 4.90000000e+01]","[3.14527662e-03 5.81789540e-02 1.00000000e+00 2.17632187e-04
 4.89278695e-02 8.42642743e-02 2.17632187e-04 1.73501612e-04
 1.73501612e-04 1.73501612e-04 5.41359768e-04 2.24808083e-03]",10.4284059111111,-5.674582659047815,,0.0222606658935546,5.571566275383429
42,"[0.00000000e+00 3.87800230e+01 0.00000000e+00 4.00000000e+00
 3.00000000e+00 1.73828195e+04 3.90000000e+01]","[2.55933661e-02 2.98159447e-02 1.00000000e+00 3.91805770e-05
 2.79820714e-02 2.92014968e-02 3.91805770e-05 1.70955536e-05
 1.70955536e-05 1.70955536e-05 2.16804365e-05 8.93299190e-03]",175.0667177777778,-32.94520885926539,,0.0225875377655029,6.455050190523438
43,"[1.0000000e+00 3.9138127e+01 1.0000000e+00 2.0000000e+00 1.7000000e+01
 8.8775548e+03 9.8000000e+01]","[0.28904346 0.05987302 1.         0.00373566 0.04275398 0.05977636
 0.00373566 0.00363267 0.00363267 0.00363267 0.00273314 0.00969035]",175.86250444444443,-34.119926952208175,,0.0224089622497558,8.060187253963187
44,"[1.00000000e+00 2.68647966e+01 1.00000000e+00 1.00000000e+00
 1.60000000e+01 3.22776395e+04 3.80000000e+01]","[5.01019246e-03 1.05382173e-01 1.00000000e+00 7.12278925e-05
 1.05406590e-01 9.30021926e-02 7.12278925e-05 8.68430507e-05
 8.68430507e-05 8.68430507e-05 1.31488647e-04 1.16226179e-03]",148.58843688888888,-22.846596574258854,,0.0225574970245361,7.070835931637301
45,"[1.00000000e+00 2.68647966e+01 1.00000000e+00 2.00000000e+00
 3.00000000e+00 2.63277011e+04 7.10000000e+01]","[4.83670361e-03 5.97806947e-02 1.00000000e+00 1.05470790e-04
 5.12932256e-02 5.06646906e-02 1.05470790e-04 4.10646935e-05
 4.10646935e-05 4.10646935e-05 4.29804240e-05 3.17382054e-03]",148.58843688888888,-21.02998243284469,,0.0262813568115234,5.472331083532913
46,"[1.00000000e+00 6.45958001e+00 0.00000000e+00 2.00000000e+00
 3.00000000e+00 2.12013869e+04 6.40000000e+01]","[0.309341   0.05581497 1.         0.00453356 0.06260896 0.08747282
 0.00453356 0.00398493 0.00398493 0.00398493 0.00313317 0.29454103]",203.24351113333333,0.3752341270348438,,0.0342116355895996,6.161337756282492
47,"[1.00000000e+00 7.11498483e+00 0.00000000e+00 2.00000000e+00
 1.80000000e+01 3.41231728e+04 1.00000000e+00]","[3.67973457e-02 8.30783875e-02 9.90000000e-01 2.05400371e-04
 4.60048564e-02 3.50960262e-02 2.05400371e-04 1.25167207e-04
 1.25167207e-04 1.25167207e-04 1.45562881e-04 1.17538165e-02]",204.6999662888889,39.68534041811611,,0.0361905097961425,3.937000144933265
48,"[0.00000000e+00 3.51678296e+01 0.00000000e+00 3.00000000e+00
 3.00000000e+00 2.41588096e+04 5.00000000e+01]","[3.74198430e-02 2.20701945e-02 1.00000000e+00 4.65615230e-05
 2.53129674e-02 4.50451807e-02 4.65615230e-05 5.08373014e-05
 5.08373014e-05 5.08373014e-05 5.63924295e-05 2.46638663e-02]",167.03962133333334,-29.33301546749516,,0.0225563049316406,7.051317013360392
49,"[1.00000000e+00 2.20674727e+01 1.00000000e+00 4.00000000e+00
 1.00000000e+01 2.79671951e+04 7.00000000e+00]","[4.34645069e-03 3.74152554e-02 1.00000000e+00 1.26666971e-04
 4.04622821e-02 3.20773739e-02 1.26666971e-04 7.50469189e-05
 7.50469189e-05 7.50469189e-05 5.52782476e-05 2.53911106e-03]",137.92771711111112,23.732852587770736,,0.0330791473388671,4.491444675085049
50,"[0.00000000e+00 1.96738029e+01 1.00000000e+00 2.00000000e+00
 1.10000000e+01 2.52890911e+04 6.40000000e+01]","[3.99570390e-03 7.12054393e-02 1.00000000e+00 4.10894099e-05
 9.07968518e-02 6.58686019e-02 4.10894099e-05 5.45981275e-05
 5.45981275e-05 5.45981275e-05 4.48243009e-05 2.62585676e-03]",32.60845088888891,-14.83898871180429,,0.0331044197082519,6.389989196975153
51,"[0.00000000e+00 1.97509168e+01 0.00000000e+00 3.00000000e+00
 5.00000000e+00 5.15698450e+03 4.50000000e+01]","[3.30281001e-02 8.91616128e-02 9.90000000e-01 2.32236227e-04
 9.18811856e-02 6.76454144e-02 2.32236227e-04 1.12385103e-04
 1.12385103e-04 1.12385103e-04 1.42871620e-04 2.23283997e-02]",132.7798151111111,-15.732716800733328,,0.0231108665466308,10.161202467658407
52,"[0.00000000e+00 3.77538558e+01 1.00000000e+00 4.00000000e+00
 1.00000000e+00 2.58191520e+03 8.90000000e+01]","[4.63919100e-02 2.21594744e-01 1.00000000e+00 3.52146570e-04
 2.12011748e-01 3.05188051e-01 3.52146570e-04 2.06752404e-04
 2.06752404e-04 2.06752404e-04 5.76928978e-05 4.11973808e-03]",72.78634622222222,-33.735655770842186,,0.0262391567230224,7.162573258825133
53,"[1.00000000e+00 2.68647966e+01 1.00000000e+00 1.00000000e+00
 1.80000000e+01 1.56219178e+04 1.10000000e+01]","[4.34580280e-03 4.75658984e-02 1.00000000e+00 2.77158106e-04
 5.22988295e-02 5.20302019e-02 2.77158106e-04 3.74385476e-04
 3.74385476e-04 3.74385476e-04 2.77144631e-04 1.19897421e-03]",148.58843688888888,18.935528678266422,,0.021998643875122,9.780099491703606
54,"[1.00000000e+00 4.60870327e+01 0.00000000e+00 3.00000000e+00
 2.20000000e+01 3.89892548e+04 2.00000000e+00]","[1.75063879e-02 4.04030579e-02 1.00000000e+00 3.13589990e-05
 4.01703998e-02 4.20858492e-02 3.13589990e-05 1.15393149e-03
 1.15393149e-03 1.15393149e-03 3.78764787e-04 7.62452706e-03]",291.3045171111111,-39.0688327387642,,0.0222313404083251,5.620515845353638
55,"[0.00000000e+00 1.45302397e+01 1.00000000e+00 4.00000000e+00
 1.00000000e+01 1.63912373e+04 8.30000000e+01]","[5.00183598e-03 5.06391489e-02 1.00000000e+00 1.89427854e-04
 4.53052847e-02 5.10536422e-02 1.89427854e-04 5.57247177e-03
 5.57247177e-03 5.57247177e-03 1.32447090e-02 3.10813064e-03]",21.178310444444435,-11.512039650737393,,0.0336744785308837,5.041107043988643
56,"[1.00000000e+00 1.96152626e+01 1.00000000e+00 1.00000000e+00
 1.50000000e+01 3.16026542e+04 2.50000000e+01]","[4.71881670e-03 8.26579265e-02 1.00000000e+00 8.49368953e-05
 9.05538729e-02 1.03009870e-01 8.49368953e-05 6.62944003e-05
 6.62944003e-05 6.62944003e-05 4.64476834e-05 2.73316298e-03]",132.47836133333334,-14.597062640612478,,0.0350847244262695,4.801210959797766
57,"[1.00000000e+00 4.91407038e+01 1.00000000e+00 1.00000000e+00
 1.90000000e+01 1.65985110e+03 1.60000000e+01]","[2.61340899e-03 1.37678398e-02 8.90000000e-01 2.68807111e-04
 1.88858670e-02 1.38346929e-02 2.68807111e-04 1.73106242e-03
 1.73106242e-03 1.73106242e-03 2.49522715e-03 7.38074137e-04]",198.09045288888888,-45.1225037546742,,0.0242602825164794,6.1181367008992185
58,"[0.00000000e+00 2.02420019e+01 1.00000000e+00 3.00000000e+00
 2.00000000e+00 2.76000061e+04 1.90000000e+01]","[3.86002321e-03 5.13923876e-02 9.80000000e-01 2.87291077e-05
 5.72955859e-02 4.54770233e-02 2.87291077e-05 2.92870354e-05
 2.92870354e-05 2.92870354e-05 2.27600449e-05 2.68038744e-03]",33.871115333333364,-15.407187727613689,,0.0229718685150146,6.4762898153625805
59,"[0.00000000e+00 3.77538558e+01 1.00000000e+00 2.00000000e+00
 0.00000000e+00 4.23837690e+03 7.90000000e+01]","[9.84420926e-03 5.78959945e-02 1.00000000e+00 1.27605657e-04
 6.19949810e-02 9.00549564e-02 1.27605657e-04 4.42856726e-05
 4.42856726e-05 4.42856726e-05 3.26253576e-05 9.30484607e-04]",72.78634622222222,-34.735655770842186,,0.0238006114959716,7.043074518917727
60,"[1.00000000e+00 2.39822500e+01 1.00000000e+00 1.00000000e+00
 1.20000000e+01 3.33728361e+04 4.90000000e+01]","[4.39092943e-03 2.74702030e-02 1.00000000e+00 7.06363062e-05
 2.44130163e-02 4.20366306e-02 7.06363062e-05 4.42572564e-05
 4.42572564e-05 4.42572564e-05 6.38501442e-05 3.11850874e-03]",142.18277777777777,-18.664649994879937,,0.0224888324737548,5.499157169361251
61,"[0.00000000e+00 1.77457417e+01 1.00000000e+00 2.00000000e+00
 9.00000000e+00 2.61627384e+04 3.00000000e+00]","[2.49467349e-03 3.34415692e-02 1.00000000e+00 4.90738894e-05
 2.74100657e-02 4.70180671e-02 4.90738894e-05 2.53666622e-05
 2.53666622e-05 2.53666622e-05 5.01848153e-05 2.08732497e-03]",28.323870444444424,27.054583531468467,,0.0221736431121826,6.6583658591658335
62,"[1.00000000e+00 2.68647966e+01 1.00000000e+00 2.00000000e+00
 4.00000000e+00 2.45483211e+04 1.00000000e+02]","[1.29743659e-02 4.42840894e-02 9.60000000e-01 1.98876858e-03
 4.93510306e-02 3.18943113e-02 1.98876858e-03 1.48716194e-04
 1.48716194e-04 1.48716194e-04 2.52440514e-04 2.55541969e-03]",148.58843688888888,-21.02998243284469,,0.0218963623046875,10.699118031358886
63,"[1.00000000e+00 3.12842586e+01 0.00000000e+00 4.00000000e+00
 4.00000000e+00 3.96988447e+04 9.00000000e+00]","[1.14813607e-01 3.96970586e-02 1.00000000e+00 1.84972123e-05
 5.86362575e-02 2.56123289e-02 1.84972123e-05 2.11790084e-05
 2.11790084e-05 2.11790084e-05 1.74727902e-05 1.20587504e-01]",258.4094635555556,-25.266058557008364,,0.0229632854461669,6.825177802003841
64,"[0.00000000e+00 2.91046148e+01 0.00000000e+00 3.00000000e+00
 1.00000000e+00 1.67281150e+04 3.30000000e+01]","[3.33378406e-02 5.08532881e-02 1.00000000e+00 3.85937048e-04
 4.51348256e-02 5.58460405e-02 3.85937048e-04 6.57733835e-05
 6.57733835e-05 6.57733835e-05 7.18802112e-05 2.51031929e-02]",153.56581066666666,-25.08641483013741,,0.0233347415924072,6.718431027964812
65,"[0.00000000e+00 4.43722961e+01 1.00000000e+00 2.00000000e+00
 1.70000000e+01 1.43326709e+04 6.90000000e+01]","[4.07914420e-03 3.45340370e-02 9.80000000e-01 1.04257523e-03
 3.10270213e-02 7.04613713e-02 1.04257523e-03 4.59619740e-04
 4.59619740e-04 4.59619740e-04 4.61085816e-04 7.95258002e-04]",87.49399133333333,-41.35409609603204,,0.0240976810455322,6.607738960949017
66,"[1.00000000e+00 9.56958546e+00 0.00000000e+00 4.00000000e+00
 1.90000000e+01 3.88223040e+03 7.60000000e+01]","[3.51643537e-01 7.09189040e-02 9.60000000e-01 4.13619797e-04
 6.99294172e-02 1.56221300e-01 4.13619797e-04 3.25898145e-04
 3.25898145e-04 3.25898145e-04 5.61677094e-04 9.16050495e-03]",210.15463435555557,-3.551385459081473,,0.0221853256225585,11.637901388470963
67,"[1.00000000e+00 4.88462175e+01 1.00000000e+00 4.00000000e+00
 2.00000000e+00 1.31875582e+04 2.70000000e+01]","[4.80596698e-03 1.12528540e-02 9.80000000e-01 6.84292609e-05
 1.29098222e-02 7.01068320e-02 6.84292609e-05 1.94097756e-05
 1.94097756e-05 1.94097756e-05 2.06102886e-05 6.34543751e-04]",197.4360388888889,-43.82801746303923,,0.0229661464691162,10.683484381326108
68,"[0.00000000e+00 1.43665053e+01 1.00000000e+00 2.00000000e+00
 1.10000000e+01 1.09933526e+04 4.20000000e+01]","[3.94407615e-03 3.95790515e-02 1.00000000e+00 1.61017088e-04
 3.40556828e-02 4.86535056e-02 1.61017088e-04 6.69806905e-05
 6.69806905e-05 6.69806905e-05 3.79436315e-05 1.82292582e-03]",20.814456222222248,-11.34830526902067,,0.0343272686004638,4.325929475826336
69,"[0.00000000e+00 3.77538558e+01 1.00000000e+00 3.00000000e+00
 1.50000000e+01 3.90361094e+04 1.40000000e+01]","[5.97818829e-03 2.77770553e-02 1.00000000e+00 3.38146565e-05
 2.94967817e-02 4.39479281e-02 3.38146565e-05 8.58770727e-05
 8.58770727e-05 8.58770727e-05 6.32027295e-05 6.74235613e-04]",72.78634622222222,-14.29874667993306,,0.0230214595794677,6.826924471048788
70,"[1.00000000e+00 2.41021322e+01 0.00000000e+00 4.00000000e+00
 1.10000000e+01 5.27658850e+03 1.90000000e+01]","[6.03458967e-02 6.37849818e-02 9.60000000e-01 7.63200689e-04
 6.98990291e-02 6.15413250e-02 7.63200689e-04 6.87978882e-03
 6.87978882e-03 6.87978882e-03 2.98871845e-03 3.38456031e-02]",242.44918266666667,-19.083932233450128,,0.0220866203308105,9.078445130508
71,"[0.00000000e+00 3.44757726e+01 1.00000000e+00 3.00000000e+00
 9.00000000e+00 2.42751246e+04 2.50000000e+01]","[4.32394107e-03 5.34373875e-02 1.00000000e+00 1.28447964e-05
 7.04835131e-02 5.21633920e-02 1.28447964e-05 1.75491386e-05
 1.75491386e-05 1.75491386e-05 1.39695912e-05 2.22179156e-03]",65.5017168888889,-10.112356420808396,,0.0341081619262695,4.275744442891095
72,"[0.00000000e+00 1.40135032e+01 1.00000000e+00 2.00000000e+00
 6.00000000e+00 2.49834398e+04 1.60000000e+01]","[4.20849133e-03 5.19508672e-02 1.00000000e+00 1.16900505e-04
 5.93450604e-02 6.32574767e-02 1.16900505e-04 2.28513036e-05
 2.28513036e-05 2.28513036e-05 3.89532070e-05 2.75052706e-03]",20.030007111111104,-9.17868910533565,,0.0241637229919433,6.082525900345338
73,"[1.00000000e+00 2.68647966e+01 1.00000000e+00 3.00000000e+00
 3.00000000e+00 7.68574300e+03 4.30000000e+01]","[5.59302898e-03 3.31038807e-02 1.00000000e+00 1.43773039e-04
 2.74201879e-02 2.23145664e-02 1.43773039e-04 1.98709658e-05
 1.98709658e-05 1.98709658e-05 1.90559767e-05 1.63046126e-03]",148.58843688888888,-21.846596574258854,,0.0217618942260742,6.229512686796091
74,"[0.00000000e+00 2.46833077e+01 1.00000000e+00 1.00000000e+00
 2.10000000e+01 3.73164734e+04 6.30000000e+01]","[3.58522978e-03 4.35402404e-02 1.00000000e+00 5.52718193e-05
 4.11814954e-02 5.33075111e-02 5.52718193e-05 6.26537148e-05
 6.26537148e-05 6.26537148e-05 2.23569896e-05 3.56268591e-04]",43.740683777777804,-1.228198657713392,,0.0238049030303955,6.457549201261956
75,"[0.00000000e+00 2.09185936e+01 0.00000000e+00 1.00000000e+00
 2.00000000e+00 1.27811234e+04 8.80000000e+01]","[4.22980939e-02 7.66850515e-02 8.90000000e-01 4.67338075e-04
 7.25172580e-02 9.46496651e-02 4.67338075e-04 2.03582982e-04
 2.03582982e-04 2.03582982e-04 3.08444200e-04 3.36981576e-02]",135.37465244444445,-16.900393578660953,,0.0235848426818847,6.636339742423323
76,"[0.00000000e+00 3.55031549e+01 0.00000000e+00 1.00000000e+00
 1.80000000e+01 2.50286267e+04 4.10000000e+01]","[5.29334094e-02 5.65159259e-02 1.00000000e+00 2.04192445e-04
 6.92827781e-02 8.32274437e-02 2.04192445e-04 9.04825167e-04
 9.04825167e-04 9.04825167e-04 2.26562654e-04 5.94450197e-02]",167.78478866666666,10.701245129725436,,0.0221993923187255,9.034249444211747
77,"[0.0000000e+00 2.2089688e+01 0.0000000e+00 2.0000000e+00 0.0000000e+00
 3.5163880e+04 1.9000000e+01]","[2.95937344e-02 2.75600813e-02 1.00000000e+00 1.86531601e-04
 3.36025220e-02 5.26545687e-02 1.86531601e-04 8.69720025e-05
 8.69720025e-05 8.69720025e-05 5.59020882e-05 1.50856797e-02]",137.97708444444444,-17.07148799306583,,0.0330743789672851,5.438064069663504
78,"[1.00000000e+00 7.11498483e+00 0.00000000e+00 1.00000000e+00
 1.50000000e+01 2.25118633e+04 1.00000000e+02]","[0.38462765 0.0698193  0.91       0.03099925 0.04282366 0.03851993
 0.03099925 0.00688737 0.00688737 0.00688737 0.00557932 0.04255188]",204.6999662888889,-2.0967848344091635,,0.0233139991760253,6.787863293313971
79,"[1.00000000e+00 7.11498483e+00 0.00000000e+00 4.00000000e+00
 1.00000000e+00 2.12941487e+04 5.80000000e+01]","[0.41449185 0.06864088 0.99       0.0056145  0.05034201 0.08224472
 0.0056145  0.00517754 0.00517754 0.00517754 0.00183079 0.07797099]",204.6999662888889,-2.0967848344091635,,0.0219941139221191,6.676823848238483
80,"[0.00000000e+00 3.77538558e+01 1.00000000e+00 4.00000000e+00
 1.00000000e+01 2.20919097e+04 3.40000000e+01]","[5.26557549e-03 3.90961584e-02 1.00000000e+00 1.93092674e-05
 3.87378436e-02 5.04834300e-02 1.93092674e-05 4.35918009e-05
 4.35918009e-05 4.35918009e-05 6.00828171e-05 1.21322868e-03]",72.78634622222222,-32.91904162942802,,0.0328493118286132,7.099426622151255
81,"[0.00000000e+00 4.43722961e+01 1.00000000e+00 4.00000000e+00
 6.00000000e+00 2.17094802e+04 8.10000000e+01]","[4.87933855e-03 4.91264813e-02 1.00000000e+00 1.70672429e-05
 4.97323448e-02 7.23865333e-02 1.70672429e-05 9.60836071e-04
 9.60836071e-04 9.60836071e-04 6.36784767e-04 1.74687228e-03]",87.49399133333333,-41.35409609603204,,0.0230445861816406,6.337144098659162
82,"[0.00000000e+00 3.89301885e+01 1.00000000e+00 3.00000000e+00
 1.70000000e+01 1.63356922e+04 9.90000000e+01]","[2.37050446e-02 1.66103519e-02 1.00000000e+00 1.10479537e-03
 1.15703992e-02 2.11831868e-02 1.10479537e-03 8.96752987e-04
 8.96752987e-04 8.96752987e-04 3.76413023e-04 7.53595722e-03]",75.40041888888891,-34.91198845010331,,0.0227556228637695,7.613773521646201
83,"[0.00000000e+00 9.69278266e+00 1.00000000e+00 2.00000000e+00
 2.00000000e+01 2.84051616e+04 8.80000000e+01]","[2.88389180e-03 6.82934972e-02 9.10000000e-01 3.22635460e-04
 6.51364735e-02 1.15560726e-01 3.22635460e-04 1.09940498e-04
 1.09940498e-04 1.09940498e-04 8.59778593e-05 1.37268048e-03]",10.4284059111111,-6.674582659047815,,0.033792495727539,4.345508551109104
84,"[1.00000000e+00 4.60870327e+01 0.00000000e+00 4.00000000e+00
 7.00000000e+00 2.22607488e+04 1.10000000e+01]","[5.11574683e-02 1.49925104e-02 1.00000000e+00 4.26869774e-05
 1.11393635e-02 2.16105533e-02 4.26869774e-05 1.87324258e-05
 1.87324258e-05 1.87324258e-05 1.90675019e-05 6.08227154e-03]",291.3045171111111,-39.25221859735004,,0.0220136642456054,7.593131308755361
85,"[1.00000000e+00 3.27705187e+01 1.00000000e+00 4.00000000e+00
 1.00000000e+01 2.62315043e+04 2.00000000e+01]","[5.21493610e-03 4.39754790e-02 1.00000000e+00 2.07049670e-05
 5.67902936e-02 4.91448105e-02 2.07049670e-05 7.11348985e-05
 7.11348985e-05 7.11348985e-05 1.36198840e-04 3.57052786e-03]",161.71226377777776,-7.40710256909523,,0.0224380493164062,7.506715402924176
86,"[0.00000000e+00 1.91305527e+01 0.00000000e+00 1.00000000e+00
 1.40000000e+01 3.86661264e+04 6.30000000e+01]","[4.91485051e-02 4.90474463e-02 1.00000000e+00 3.14528210e-04
 4.82713600e-02 5.98650675e-02 3.14528210e-04 8.53186721e-05
 8.53186721e-05 8.53186721e-05 5.32062259e-05 8.13115169e-03]",131.40122822222222,-13.203852681680928,,0.0330259799957275,4.731123800723356
87,"[0.00000000e+00 2.02420019e+01 1.00000000e+00 3.00000000e+00
 7.00000000e+00 2.50766982e+04 4.50000000e+01]","[3.60330278e-03 5.88593738e-02 1.00000000e+00 3.14032295e-05
 6.60641963e-02 5.24948971e-02 3.14032295e-05 5.18838388e-05
 5.18838388e-05 5.18838388e-05 8.30625941e-05 2.92859797e-03]",33.871115333333364,-15.407187727613689,,0.0347411632537841,4.486929966029578
88,"[0.00000000e+00 5.18794413e+00 1.00000000e+00 3.00000000e+00
 1.60000000e+01 1.49931873e+04 2.90000000e+01]","[1.64801256e-01 7.53255007e-02 9.20000000e-01 3.09482421e-05
 4.82896658e-02 4.64370954e-02 3.09482421e-05 4.02066071e-05
 4.02066071e-05 4.02066071e-05 1.48940846e-04 6.26157950e-04]",0.41765362222224667,-1.169744127989361,,0.0219004154205322,11.308000479005411
89,"[1.00000000e+00 3.77298730e+01 1.00000000e+00 2.00000000e+00
 1.60000000e+01 3.50061558e+04 2.70000000e+01]","[5.28024614e-03 5.48086527e-02 1.00000000e+00 7.55334841e-05
 5.42508962e-02 7.07464595e-02 7.55334841e-05 1.76028829e-04
 1.76028829e-04 1.76028829e-04 3.20880528e-04 1.13143113e-03]",172.7330511111111,-32.71167304122497,,0.0236401557922363,5.77036730742078
90,"[0.00000000e+00 3.76490323e+01 1.00000000e+00 1.00000000e+00
 9.00000000e+00 3.66264263e+04 5.80000000e+01]","[7.31056471e-03 5.43855100e-02 1.00000000e+00 2.29807883e-05
 5.28990585e-02 5.42919342e-02 2.29807883e-05 4.31671615e-05
 4.31671615e-05 4.31671615e-05 5.28218043e-05 6.18483500e-04]",72.55340511111112,-34.63083233964619,,0.0227947235107421,6.758566228767467
91,"[1.00000000e+00 1.96152626e+01 1.00000000e+00 4.00000000e+00
 6.00000000e+00 6.82123420e+03 9.40000000e+01]","[1.79537591e-02 7.24782304e-02 1.00000000e+00 4.01374680e-04
 7.91817285e-02 6.64642433e-02 4.01374680e-04 2.66284362e-04
 2.66284362e-04 2.66284362e-04 6.00224826e-04 7.14480794e-03]",132.47836133333334,-15.597062640612478,,0.0330548286437988,4.765907877843655
92,"[0.00000000e+00 5.18794413e+00 1.00000000e+00 3.00000000e+00
 3.00000000e+00 4.02709820e+03 3.90000000e+01]","[9.42894834e-01 1.85981103e-02 9.40000000e-01 1.62276978e-04
 2.03988376e-02 1.90401175e-02 1.62276978e-04 6.11597206e-05
 6.11597206e-05 6.11597206e-05 2.62336602e-04 1.01733287e-03]",0.41765362222224667,-2.169744127989361,,0.0246965885162353,6.980827339865811
93,"[1.00000000e+00 4.17759540e+01 0.00000000e+00 3.00000000e+00
 2.10000000e+01 2.20845785e+04 1.80000000e+01]","[4.67431340e-02 4.82405139e-02 1.00000000e+00 4.67274403e-05
 6.15391298e-02 6.19057340e-02 4.67274403e-05 2.78667384e-03
 2.78667384e-03 2.78667384e-03 4.88314952e-04 9.48631225e-03]",281.7243422222222,-34.941139897005655,,0.0235185623168945,6.224554965329873
94,"[1.00000000e+00 7.76688787e+00 0.00000000e+00 4.00000000e+00
 6.00000000e+00 2.92189575e+04 7.60000000e+01]","[9.37289549e-02 7.62432176e-02 1.00000000e+00 6.08368078e-04
 7.81039936e-02 9.97041699e-02 6.08368078e-04 1.50907226e-03
 1.50907226e-03 1.50907226e-03 5.41475660e-04 5.40184409e-02]",206.14863971111112,-2.748687868605316,,0.0218281745910644,6.683323503069227
95,"[1.00000000e+00 6.45958001e+00 0.00000000e+00 2.00000000e+00
 1.60000000e+01 3.39116474e+04 3.50000000e+01]","[1.95702892e-01 6.20338325e-02 1.00000000e+00 1.78575487e-04
 6.93971658e-02 7.36075990e-02 1.78575487e-04 1.68199069e-04
 1.68199069e-04 1.68199069e-04 4.43501194e-04 6.84347624e-02]",203.24351113333333,0.5586199856206804,,0.0251810550689697,3.7226772205232113
96,"[0.00000000e+00 9.49326951e+00 1.00000000e+00 2.00000000e+00
 1.70000000e+01 9.88555530e+03 9.80000000e+01]","[1.93172696e-01 1.01574008e-01 9.70000000e-01 4.25442267e-04
 1.32456167e-01 2.01649244e-01 4.25442267e-04 1.45445194e-03
 1.45445194e-03 1.45445194e-03 1.13483262e-03 4.93128542e-03]",9.985043355555547,-6.475069510900198,,0.0230236053466796,6.340526882611217
97,"[1.00000000e+00 2.41021322e+01 0.00000000e+00 2.00000000e+00
 1.50000000e+01 1.29355943e+04 2.30000000e+01]","[4.03553807e-02 7.64939837e-02 1.00000000e+00 5.77999745e-04
 7.47194534e-02 8.02149794e-02 5.77999745e-04 1.96651742e-03
 1.96651742e-03 1.96651742e-03 2.08589085e-03 2.96303048e-02]",242.44918266666667,24.96896069584281,,0.0236573219299316,5.197387781428255
98,"[0.00000000e+00 3.87349985e+01 0.00000000e+00 4.00000000e+00
 2.20000000e+01 3.15989032e+04 3.00000000e+00]","[1.18294124e-02 3.21067342e-02 9.60000000e-01 5.45849034e-05
 3.44151441e-02 3.91007494e-02 5.45849034e-05 5.55236940e-04
 5.55236940e-04 5.55236940e-04 2.27657467e-04 6.17867686e-03]",174.96666333333334,-33.716798488282166,,0.0219967365264892,5.664191803687365
99,"[0.00000000e+00 2.88182007e+01 0.00000000e+00 2.00000000e+00
 1.70000000e+01 2.92801188e+04 9.40000000e+01]","[0.11307831 0.0967467  1.         0.00373177 0.07930032 0.09954091
 0.00373177 0.00256502 0.00256502 0.00256502 0.00283978 0.02384985]",152.9293348888889,-24.80000074677229,,0.0221366882324218,7.102231604342581
100,"[1.00000000e+00 4.40504475e+01 0.00000000e+00 2.00000000e+00
 2.30000000e+01 3.48315540e+04 1.60000000e+01]","[4.04942236e-02 7.22980811e-02 1.00000000e+00 1.27696578e-04
 8.53457270e-02 6.65189069e-02 1.27696578e-04 3.35221994e-03
 3.35221994e-03 3.35221994e-03 1.98222627e-03 1.32633299e-02]",286.7787722222222,-37.03224747811015,,0.0239491462707519,4.7062220009955205
101,"[1.00000000e+00 5.50310836e+00 0.00000000e+00 2.00000000e+00
 1.20000000e+01 3.81191599e+04 6.20000000e+01]","[2.84791405e-01 3.91810570e-02 9.30000000e-01 4.37573122e-04
 4.58927003e-02 5.07077462e-02 4.37573122e-04 2.06435259e-04
 2.06435259e-04 2.06435259e-04 1.38139178e-04 3.99707135e-02]",201.11801857777778,-0.4849083639778655,,0.0221855640411376,7.069025179198952
102,"[1.00000000e+00 2.41021322e+01 0.00000000e+00 1.00000000e+00
 2.10000000e+01 5.20161840e+03 7.70000000e+01]","[4.43422126e-02 9.41474915e-02 9.80000000e-01 1.98133188e-04
 9.80738701e-02 9.22278726e-02 1.98133188e-04 7.09084925e-05
 7.09084925e-05 7.09084925e-05 6.30947616e-05 1.04026943e-02]",242.44918266666667,-17.083932233450128,,0.0229616165161132,4.55445030527059
103,"[0.00000000e+00 4.64696190e+01 1.00000000e+00 2.00000000e+00
 1.60000000e+01 1.79162116e+04 9.00000000e+00]","[3.97148705e-03 2.96566957e-01 1.00000000e+00 7.35042733e-04
 2.70450810e-01 3.26382971e-01 7.35042733e-04 6.79050339e-04
 6.79050339e-04 6.79050339e-04 7.06335239e-04 5.98019276e-04]",92.15470888888888,-43.45141895202778,,0.0220258235931396,7.668488791227824
104,"[0.00000000e+00 3.77538558e+01 1.00000000e+00 2.00000000e+00
 1.60000000e+01 3.48329328e+04 2.90000000e+01]","[4.73916340e-03 5.38925714e-02 1.00000000e+00 6.96639254e-05
 5.42508962e-02 7.07464595e-02 6.96639254e-05 1.54072084e-04
 1.54072084e-04 1.54072084e-04 2.46536598e-04 6.94023683e-04]",72.78634622222222,-33.735655770842186,,0.0335457324981689,4.070155862431681
105,"[0.00000000e+00 2.31844116e+01 0.00000000e+00 3.00000000e+00
 2.00000000e+01 3.23692981e+04 8.60000000e+01]","[4.84021420e-02 1.13434708e-01 1.00000000e+00 2.24586096e-04
 9.63674462e-02 1.05285771e-01 2.24586096e-04 6.25515066e-04
 6.25515066e-04 6.25515066e-04 2.78446911e-04 9.97277688e-03]",140.40980355555556,-19.166211620847264,,0.0242726802825927,6.527979412024713
106,"[1.00000000e+00 2.68647966e+01 1.00000000e+00 1.00000000e+00
 1.20000000e+01 2.21345286e+04 2.10000000e+01]","[5.30607885e-03 6.15402077e-02 1.00000000e+00 1.51625631e-04
 5.23429651e-02 5.43947751e-02 1.51625631e-04 1.00246616e-04
 1.00246616e-04 1.00246616e-04 1.22300247e-04 5.45850514e-03]",148.58843688888888,-21.02998243284469,,0.02362060546875,5.718558220284238
107,"[1.00000000e+00 5.29462916e+00 0.00000000e+00 3.00000000e+00
 2.00000000e+00 4.59387560e+03 5.90000000e+01]","[2.46683855e-01 7.07396207e-02 1.00000000e+00 3.98444536e-04
 1.74954566e-01 2.91764746e-01 3.98444536e-04 2.88276729e-04
 2.88276729e-04 2.88276729e-04 2.79931148e-04 4.82926034e-02]",200.65473146666665,-0.2764291588122205,,0.0213515758514404,7.406900787225727
108,"[1.00000000e+00 4.55177121e+01 1.00000000e+00 2.00000000e+00
 1.40000000e+01 2.94962359e+04 1.70000000e+01]","[4.68681975e-03 1.06390966e-01 1.00000000e+00 1.95693545e-04
 1.21238013e-01 6.35949410e-02 1.95693545e-04 3.87675856e-04
 3.87675856e-04 3.87675856e-04 1.08092872e-03 2.54775181e-03]",190.03936022222223,-39.682898007618974,,0.0231921672821044,6.811626831148805
109,"[1.00000000e+00 3.12842586e+01 0.00000000e+00 4.00000000e+00
 2.00000000e+00 3.22914619e+04 7.30000000e+01]","[7.68934895e-02 9.93128841e-02 1.00000000e+00 1.27145377e-05
 8.70163064e-02 1.00097191e-01 1.27145377e-05 6.51763621e-05
 6.51763621e-05 6.51763621e-05 2.40905702e-05 1.68482598e-02]",258.4094635555556,-26.266058557008364,,0.0232186317443847,7.225925697738894
110,"[0.00000000e+00 3.55031549e+01 0.00000000e+00 1.00000000e+00
 4.00000000e+00 3.38042960e+03 4.80000000e+01]","[7.80251014e-02 3.00233548e-02 1.00000000e+00 1.31306093e-04
 3.33025009e-02 5.33330739e-02 1.31306093e-04 1.79580693e-05
 1.79580693e-05 1.79580693e-05 3.67919893e-05 2.86971097e-02]",167.78478866666666,-31.48495487027457,,0.0218193531036376,6.873651889812821
111,"[1.00000000e+00 4.07742581e+01 0.00000000e+00 4.00000000e+00
 1.30000000e+01 1.40160277e+04 9.70000000e+01]","[0.26217455 0.05685834 1.         0.00436559 0.0463083  0.06304094
 0.00436559 0.00373702 0.00373702 0.00373702 0.00112504 0.04315932]",279.49835133333335,-35.75605810234276,,0.0222768783569335,8.108159595873111
112,"[0.00000000e+00 1.97509168e+01 0.00000000e+00 1.00000000e+00
 0.00000000e+00 3.88364543e+04 2.60000000e+01]","[7.14157135e-02 3.45984132e-02 9.90000000e-01 2.01367293e-04
 3.60181107e-02 5.10364007e-02 2.01367293e-04 8.06729222e-05
 8.06729222e-05 8.06729222e-05 4.64283767e-05 8.89082005e-03]",132.7798151111111,-15.732716800733328,,0.0228354930877685,6.8933273473308345
113,"[1.00000000e+00 2.68647966e+01 1.00000000e+00 2.00000000e+00
 1.80000000e+01 3.28949482e+04 9.50000000e+01]","[1.66395361e-02 8.06441670e-02 9.90000000e-01 5.89134404e-04
 7.09844000e-02 7.79581738e-02 5.89134404e-04 3.35882069e-04
 3.35882069e-04 3.35882069e-04 9.23040789e-04 2.78966779e-03]",148.58843688888888,-22.846596574258854,,0.0229580402374267,6.978669269832698
114,"[1.00000000e+00 3.59087239e+01 1.00000000e+00 3.00000000e+00
 1.10000000e+01 2.74164360e+03 8.00000000e+00]","[1.81699790e-02 1.71848071e-02 1.00000000e+00 1.48591324e-04
 1.62430369e-02 3.44260824e-02 1.48591324e-04 1.87781479e-04
 1.87781479e-04 1.87781479e-04 3.48488800e-04 9.01035094e-04]",168.6860531111111,-31.890523934707403,,0.0347440242767334,4.1530670363076165
115,"[1.00000000e+00 3.77298730e+01 1.00000000e+00 1.00000000e+00
 9.00000000e+00 1.85598435e+04 9.20000000e+01]","[3.40486119e-02 5.84089458e-02 1.00000000e+00 5.10434504e-04
 6.04482152e-02 7.31096442e-02 5.10434504e-04 5.30095829e-04
 5.30095829e-04 5.30095829e-04 6.98485237e-04 2.72217747e-03]",172.7330511111111,-32.71167304122497,,0.0332527160644531,4.28749856602042
116,"[0.00000000e+00 1.96738029e+01 1.00000000e+00 4.00000000e+00
 2.00000000e+01 1.68237921e+04 2.00000000e+01]","[3.32809992e-03 1.02899094e-01 1.00000000e+00 3.34043725e-05
 1.04640613e-01 8.99482428e-02 3.34043725e-05 8.85204354e-05
 8.85204354e-05 8.85204354e-05 2.44043058e-05 5.57883590e-04]",32.60845088888891,-15.655602853218454,,0.0338003635406494,5.325889298788875
117,"[1.00000000e+00 3.47788837e+01 1.00000000e+00 3.00000000e+00
 7.00000000e+00 3.15523835e+04 3.00000000e+01]","[4.81784628e-03 4.00248499e-02 1.00000000e+00 1.27411322e-05
 4.79633426e-02 6.09460477e-02 1.27411322e-05 1.01784963e-05
 1.01784963e-05 1.01784963e-05 8.75408932e-06 1.61213217e-03]",166.17529711111112,-28.94406953267537,,0.0227177143096923,8.412572807892113
118,"[0.00000000e+00 3.98741031e+01 1.00000000e+00 4.00000000e+00
 0.00000000e+00 3.87860703e+04 4.50000000e+01]","[3.84767374e-03 3.37797466e-02 1.00000000e+00 1.40320117e-05
 3.16119439e-02 2.46110613e-02 1.40320117e-05 3.66822969e-05
 3.66822969e-05 3.66822969e-05 5.55029510e-05 5.40026850e-04]",77.49800688888888,-35.03928899743141,,0.0354559421539306,5.208885571537122
119,"[1.00000000e+00 3.29346004e+01 0.00000000e+00 4.00000000e+00
 7.00000000e+00 2.47058364e+04 9.40000000e+01]","[1.73331876e-01 6.28119250e-02 1.00000000e+00 3.32189281e-03
 8.58071762e-02 9.13291557e-02 3.32189281e-03 3.48817674e-04
 3.48817674e-04 3.48817674e-04 3.88487155e-04 5.47775170e-02]",262.07688977777775,-27.916400358580404,,0.0349905490875244,4.78413202417536
120,"[0.00000000e+00 1.43665053e+01 1.00000000e+00 2.00000000e+00
 6.00000000e+00 1.18354877e+04 1.00000000e+00]","[2.46239233e-03 1.83318699e-02 1.00000000e+00 1.08583859e-04
 1.93104969e-02 2.82724581e-02 1.08583859e-04 4.14192473e-05
 4.14192473e-05 4.14192473e-05 5.76811835e-05 1.46804919e-03]",20.814456222222248,-8.531691127606507,,0.0233871936798095,6.361106297085419
121,"[1.00000000e+00 3.13584382e+01 1.00000000e+00 1.00000000e+00
 2.00000000e+00 8.39340470e+03 7.50000000e+01]","[5.08375844e-03 5.40182877e-02 1.00000000e+00 2.30081409e-04
 5.27835496e-02 6.37578988e-02 2.30081409e-04 2.53737999e-05
 2.53737999e-05 2.53737999e-05 3.63535182e-05 1.41449083e-03]",158.57430711111112,-27.34023823648789,,0.0260536670684814,6.450552266259139
122,"[1.00000000e+00 4.95048282e+01 0.00000000e+00 2.00000000e+00
 1.00000000e+00 8.51182950e+03 8.90000000e+01]","[0.10038153 0.01373847 1.         0.06019492 0.01360825 0.02161622
 0.06019492 0.00353363 0.00353363 0.00353363 0.00960032 0.00991064]",298.8996182222222,-44.48662817361179,,0.0224306583404541,7.1207789032854665
123,"[1.00000000e+00 4.60870327e+01 0.00000000e+00 2.00000000e+00
 2.00000000e+00 2.22020084e+04 8.40000000e+01]","[8.56768728e-02 6.29242394e-02 9.90000000e-01 9.39628226e-04
 5.39538607e-02 9.44116761e-02 9.39628226e-04 2.07246910e-03
 2.07246910e-03 2.07246910e-03 7.53871631e-03 1.53538995e-02]",291.3045171111111,-41.0688327387642,,0.0235936641693115,8.309168443496802
124,"[0.00000000e+00 3.77538558e+01 1.00000000e+00 2.00000000e+00
 2.00000000e+01 2.40385990e+03 9.10000000e+01]","[7.43857877e-03 1.12648416e-01 1.00000000e+00 1.83271605e-03
 1.61073548e-01 1.54841149e-01 1.83271605e-03 2.20211246e-03
 2.20211246e-03 2.20211246e-03 7.49795756e-04 1.82004243e-03]",72.78634622222222,-33.735655770842186,,0.0331196784973144,3.82748319103906
125,"[0.00000000e+00 9.59471087e+00 0.00000000e+00 1.00000000e+00
 5.00000000e+00 3.82115882e+04 6.60000000e+01]","[4.14250052e-02 4.99417598e-02 1.00000000e+00 2.92125507e-04
 3.64265122e-02 5.29593164e-02 2.92125507e-04 2.75048777e-04
 2.75048777e-04 2.75048777e-04 8.13267616e-05 1.16785971e-02]",110.21046860000001,-5.576510873197208,,0.0228328704833984,7.920892156043773
126,"[1.00000000e+00 9.14270553e+00 0.00000000e+00 1.00000000e+00
 2.00000000e+01 1.30806366e+04 6.00000000e+00]","[3.25211743e-02 8.13538348e-02 9.90000000e-01 2.43517788e-04
 6.45929833e-02 7.96592425e-02 2.43517788e-04 8.55142353e-05
 8.55142353e-05 8.55142353e-05 1.13797905e-04 9.58211291e-03]",209.20601228888887,-4.124505528418695,,0.0237760543823242,9.84650635754683
127,"[1.00000000e+00 2.41021322e+01 0.00000000e+00 4.00000000e+00
 3.00000000e+00 5.92784290e+03 1.10000000e+01]","[6.52428499e-02 1.85025070e-02 9.70000000e-01 5.14775282e-04
 1.88963767e-02 2.12869170e-02 5.14775282e-04 5.16654050e-04
 5.16654050e-04 5.16654050e-04 6.33366231e-04 1.54656074e-02]",242.44918266666667,-19.083932233450128,,0.0356504917144775,3.913769235399153
128,"[0.00000000e+00 3.55031549e+01 0.00000000e+00 4.00000000e+00
 2.00000000e+00 3.02005648e+04 6.50000000e+01]","[5.76526403e-02 3.41530507e-02 1.00000000e+00 1.80013649e-05
 3.97130907e-02 5.08723535e-02 1.80013649e-05 5.81835848e-05
 5.81835848e-05 5.81835848e-05 7.70476690e-05 3.33470722e-02]",167.78478866666666,-30.48495487027457,,0.0336582660675048,3.7870555984501286
129,"[1.00000000e+00 2.68647966e+01 1.00000000e+00 3.00000000e+00
 1.00000000e+01 1.63303817e+04 3.90000000e+01]","[4.88759903e-03 4.86915934e-02 9.90000000e-01 2.05372562e-04
 4.31762792e-02 4.08758676e-02 2.05372562e-04 3.86188418e-04
 3.86188418e-04 3.86188418e-04 1.29230600e-03 2.77729533e-03]",148.58843688888888,-0.5930733419356216,,0.0227453708648681,6.471525455708012
130,"[0.00000000e+00 2.20896880e+01 0.00000000e+00 2.00000000e+00
 8.00000000e+00 2.20681931e+04 5.60000000e+01]","[2.57982350e-02 4.24135597e-02 1.00000000e+00 3.21842206e-04
 3.90833098e-02 7.46926263e-02 3.21842206e-04 2.03988689e-04
 2.03988689e-04 2.03988689e-04 1.88613747e-04 2.46638663e-02]",137.97708444444444,-16.254873851651666,,0.0223555564880371,6.496704562421347
131,"[1.00000000e+00 2.20674727e+01 1.00000000e+00 4.00000000e+00
 7.00000000e+00 1.92808771e+04 8.90000000e+01]","[1.32155788e-02 6.62477566e-02 1.00000000e+00 4.53191984e-04
 6.24126125e-02 7.62348896e-02 4.53191984e-04 1.40253047e-03
 1.40253047e-03 1.40253047e-03 1.37103221e-03 1.67164805e-02]",137.92771711111112,-18.04927266475454,,0.0351994037628173,3.95734131687856
132,"[1.00000000e+00 3.91381270e+01 1.00000000e+00 2.00000000e+00
 5.00000000e+00 3.48357312e+04 9.90000000e+01]","[3.04126155e-02 3.07676153e-02 1.00000000e+00 4.80205694e-04
 2.51814234e-02 2.36462104e-02 4.80205694e-04 9.33653064e-05
 9.33653064e-05 9.33653064e-05 1.17967567e-04 1.91176925e-03]",175.86250444444443,-34.119926952208175,,0.0217022895812988,7.350658053742887
133,"[0.00000000e+00 3.87349985e+01 0.00000000e+00 2.00000000e+00
 0.00000000e+00 8.69403030e+03 3.00000000e+00]","[1.65744278e-02 2.26175770e-02 1.00000000e+00 2.34869774e-03
 2.53638759e-02 2.56666127e-02 2.34869774e-03 4.60310293e-05
 4.60310293e-05 4.60310293e-05 1.07711829e-04 2.23977636e-02]",174.96666333333334,7.06532676424311,,0.0228281021118164,5.439006558883737
134,"[0.00000000e+00 3.77538558e+01 1.00000000e+00 3.00000000e+00
 6.00000000e+00 9.06238510e+03 9.60000000e+01]","[5.50082102e-02 7.42012970e-02 1.00000000e+00 1.55800706e-04
 8.07246333e-02 9.47288649e-02 1.55800706e-04 2.28807767e-04
 2.28807767e-04 2.28807767e-04 7.46834630e-05 6.43736083e-03]",72.78634622222222,-33.735655770842186,,0.0351674556732177,4.51315566463055
135,"[0.00000000e+00 3.77538558e+01 1.00000000e+00 4.00000000e+00
 2.30000000e+01 7.57414590e+03 5.90000000e+01]","[5.53372452e-03 3.71324438e-02 9.60000000e-01 6.56686534e-05
 3.53675394e-02 2.77048783e-02 6.56686534e-05 2.39615492e-05
 2.39615492e-05 2.39615492e-05 2.84611579e-05 1.05150801e-03]",72.78634622222222,-31.919041629428023,,0.021827220916748,6.6909557618787545
136,"[0.00000000e+00 1.45302397e+01 1.00000000e+00 1.00000000e+00
 1.50000000e+01 8.46291850e+03 7.70000000e+01]","[5.12082337e-03 6.07829838e-02 1.00000000e+00 3.80392099e-04
 5.15109558e-02 4.99711095e-02 3.80392099e-04 6.97387659e-05
 6.97387659e-05 6.97387659e-05 1.03351056e-04 2.25782356e-03]",21.178310444444435,-9.512039650737393,,0.0220270156860351,4.726750227302247
137,"[1.00000000e+00 2.68647966e+01 1.00000000e+00 1.00000000e+00
 9.00000000e+00 6.46729390e+03 8.80000000e+01]","[6.12831437e-03 7.56523043e-02 1.00000000e+00 1.97292218e-04
 7.29872526e-02 7.44501408e-02 1.97292218e-04 1.07557047e-04
 1.07557047e-04 1.07557047e-04 2.08947225e-04 3.28333226e-03]",148.58843688888888,-20.846596574258854,,0.0221254825592041,5.244609433088005
138,"[1.00000000e+00 2.68647966e+01 1.00000000e+00 2.00000000e+00
 2.00000000e+00 1.63528732e+04 8.30000000e+01]","[4.76714904e-03 6.22933467e-02 1.00000000e+00 5.56188810e-04
 6.43944838e-02 6.65281556e-02 5.56188810e-04 9.17113328e-04
 9.17113328e-04 9.17113328e-04 1.19572785e-03 3.75635630e-03]",148.58843688888888,-22.846596574258854,,0.0239818096160888,9.394196069074532
139,"[0.00000000e+00 1.43665053e+01 1.00000000e+00 2.00000000e+00
 1.70000000e+01 3.00955020e+04 5.70000000e+01]","[3.88724741e-03 2.19112365e-02 1.00000000e+00 4.02560618e-05
 2.39740586e-02 3.71988551e-02 4.02560618e-05 5.99269442e-05
 5.99269442e-05 5.99269442e-05 3.49232650e-05 5.21787195e-04]",20.814456222222248,-10.34830526902067,,0.034339427947998,4.001596889536902
140,"[1.00000000e+00 4.47527170e+01 0.00000000e+00 3.00000000e+00
 8.00000000e+00 1.51092189e+04 9.60000000e+01]","[0.4618449  0.11787136 1.         0.00138001 0.10105728 0.1327401
 0.00138001 0.00455329 0.00455329 0.00455329 0.00127157 0.02249776]",288.3393711111111,-39.73451701086353,,0.0222101211547851,10.270481772510628
141,"[1.00000000e+00 2.68647966e+01 1.00000000e+00 3.00000000e+00
 7.00000000e+00 3.87210371e+04 1.70000000e+01]","[4.58904795e-03 7.60441057e-02 1.00000000e+00 8.20209389e-05
 6.97553896e-02 4.27757486e-02 8.20209389e-05 1.31213374e-05
 1.31213374e-05 1.31213374e-05 9.20046205e-06 1.19056032e-03]",148.58843688888888,-22.846596574258854,,0.0361688137054443,4.625412813194202
142,"[1.0000000e+00 4.1775954e+01 0.0000000e+00 3.0000000e+00 1.0000000e+00
 4.5809298e+03 9.3000000e+01]","[1.47170550e-01 9.64594998e-02 1.00000000e+00 4.12812253e-04
 1.03643765e-01 9.99079906e-02 4.12812253e-04 1.56245980e-04
 1.56245980e-04 1.56245980e-04 5.11532016e-05 1.26539532e-02]",281.7243422222222,-36.75775403841982,,0.0226244926452636,6.869422724302907
143,"[1.00000000e+00 5.29462916e+00 0.00000000e+00 2.00000000e+00
 2.20000000e+01 2.74403469e+04 1.70000000e+01]","[1.69906527e-01 1.74288165e-01 9.50000000e-01 2.05400371e-04
 2.73053526e-01 4.28333386e-01 2.05400371e-04 3.67427681e-04
 3.67427681e-04 3.67427681e-04 8.59071210e-04 4.50870695e-02]",200.65473146666665,41.505696093713055,,0.0319836139678955,3.941535158666856
144,"[1.00000000e+00 2.88716997e+01 1.00000000e+00 1.00000000e+00
 1.00000000e+01 1.22885135e+04 1.30000000e+01]","[3.97533558e-03 4.35081427e-02 1.00000000e+00 6.57766184e-04
 4.01792260e-02 6.19106871e-02 6.57766184e-04 5.63226116e-04
 5.63226116e-04 5.63226116e-04 3.95526004e-04 1.71691958e-03]",153.04822155555556,16.92862558448084,,0.0240383148193359,6.561790843449972
145,"[1.00000000e+00 3.12842586e+01 0.00000000e+00 4.00000000e+00
 1.80000000e+01 3.75641710e+04 9.20000000e+01]","[1.18225708e-01 5.53062428e-02 1.00000000e+00 6.68510853e-04
 5.80451294e-02 7.51489449e-02 6.68510853e-04 6.67588960e-04
 6.67588960e-04 6.67588960e-04 5.58901462e-04 1.59924284e-02]",258.4094635555556,-26.266058557008364,,0.0225770473480224,6.992407202069803
146,"[0.00000000e+00 2.91230961e+01 0.00000000e+00 1.00000000e+00
 3.00000000e+00 1.83070386e+04 7.80000000e+01]","[5.75327756e-02 7.05339767e-02 9.90000000e-01 5.25573036e-04
 5.57594542e-02 7.30519335e-02 5.25573036e-04 8.62985093e-04
 8.62985093e-04 8.62985093e-04 1.38043158e-03 4.44804775e-02]",153.60688022222223,-25.10489605345112,,0.022843599319458,7.909772160354023
147,"[1.00000000e+00 2.77094301e+01 1.00000000e+00 3.00000000e+00
 1.00000000e+00 3.88600198e+04 2.60000000e+01]","[5.32870200e-03 3.74300167e-02 1.00000000e+00 8.45082977e-05
 3.17711897e-02 3.17648678e-02 8.45082977e-05 1.25370607e-05
 1.25370607e-05 1.25370607e-05 7.50886738e-06 1.19056032e-03]",150.46540022222223,-21.691230134843863,,0.0237627029418945,4.375627081911948
148,"[0.00000000e+00 1.23897773e+01 1.00000000e+00 2.00000000e+00
 3.00000000e+00 1.05794098e+04 8.70000000e+01]","[4.61752007e-03 3.55179217e-02 9.90000000e-01 4.18017094e-04
 3.27565656e-02 4.98234924e-02 4.18017094e-04 3.17123078e-04
 3.17123078e-04 3.17123078e-04 9.04225686e-04 2.90596732e-03]",16.421727333333365,-8.371577339837586,,0.0230352878570556,6.376445139054204
149,"[1.00000000e+00 4.60870327e+01 0.00000000e+00 3.00000000e+00
 2.30000000e+01 9.48827350e+03 5.70000000e+01]","[3.59524046e-02 4.84107430e-02 9.90000000e-01 1.86455669e-04
 5.42294339e-02 3.85944163e-02 1.86455669e-04 1.53526096e-04
 1.53526096e-04 1.53526096e-04 1.40382224e-04 1.14552641e-02]",291.3045171111111,-41.0688327387642,,0.023350715637207,6.68116193587911
150,"[1.00000000e+00 2.41021322e+01 0.00000000e+00 2.00000000e+00
 3.00000000e+00 7.45713410e+03 3.10000000e+01]","[1.00273538e-01 4.32630457e-02 9.90000000e-01 7.15882692e-04
 4.33502697e-02 4.44599940e-02 7.15882692e-04 9.96835370e-05
 9.96835370e-05 9.96835370e-05 2.24020027e-04 1.96476085e-02]",242.44918266666667,-18.083932233450128,,0.023242712020874,6.351462246248218
151,"[1.00000000e+00 1.25863430e+01 1.00000000e+00 2.00000000e+00
 1.80000000e+01 2.64432401e+04 2.00000000e+01]","[3.73108191e-03 6.29021236e-02 9.90000000e-01 5.45786606e-05
 6.74416166e-02 8.15730373e-02 5.45786606e-05 3.99997880e-05
 3.99997880e-05 3.99997880e-05 4.68801336e-05 1.88488862e-03]",116.85854,36.48474993823001,,0.0236096382141113,2.995970755155212
152,"[0.00000000e+00 2.19424440e+01 1.00000000e+00 3.00000000e+00
 1.10000000e+01 1.56960904e+04 9.30000000e+01]","[1.51379074e-02 5.47424159e-02 1.00000000e+00 2.13358784e-04
 5.60366290e-02 5.86694772e-02 2.13358784e-04 2.52152747e-03
 2.52152747e-03 2.52152747e-03 4.47345246e-03 6.60915349e-03]",37.64987555555558,-18.92424398943035,,0.0231986045837402,5.979918192842901
153,"[1.00000000e+00 3.99371940e+01 0.00000000e+00 2.00000000e+00
 1.10000000e+01 2.80667578e+04 8.20000000e+01]","[8.18188500e-02 9.22809403e-02 1.00000000e+00 1.65195335e-04
 8.48322313e-02 8.75397296e-02 1.65195335e-04 3.67591623e-03
 3.67591623e-03 3.67591623e-03 1.10032503e-02 3.97193707e-02]",277.63820888888887,-32.91899395270025,,0.0412406921386718,2.5070356581259827
154,"[0.00000000e+00 3.55031549e+01 0.00000000e+00 4.00000000e+00
 5.00000000e+00 3.33411303e+04 2.10000000e+01]","[4.68393457e-02 4.16733492e-02 1.00000000e+00 2.09032478e-05
 5.46873159e-02 5.86010668e-02 2.09032478e-05 1.84167748e-05
 1.84167748e-05 1.84167748e-05 1.68041661e-05 3.23422539e-02]",167.78478866666666,-31.48495487027457,,0.0229496955871582,7.385838060213177
155,"[0.00000000e+00 4.43722961e+01 1.00000000e+00 3.00000000e+00
 5.00000000e+00 1.69950134e+04 5.80000000e+01]","[4.41617625e-03 3.79894151e-02 1.00000000e+00 4.88723708e-05
 3.84720170e-02 4.30285701e-02 4.88723708e-05 5.52715501e-05
 5.52715501e-05 5.52715501e-05 8.30082790e-05 7.85714281e-04]",87.49399133333333,-39.537481954617874,,0.0210583209991455,7.517939428247948
156,"[0.00000000e+00 3.87349985e+01 0.00000000e+00 4.00000000e+00
 1.90000000e+01 1.05290290e+04 4.40000000e+01]","[2.08615556e-02 6.80059729e-02 1.00000000e+00 1.01181351e-04
 6.10990176e-02 7.02964380e-02 1.01181351e-04 1.16831972e-04
 1.16831972e-04 1.16831972e-04 1.47912637e-04 6.82720324e-03]",174.96666333333334,-34.716798488282166,,0.0224561691284179,7.032498832122988
157,"[1.00000000e+00 2.74085384e+01 1.00000000e+00 1.00000000e+00
 1.00000000e+01 2.57106580e+04 1.00000000e+01]","[5.18005638e-03 9.92525285e-02 1.00000000e+00 1.32626345e-04
 9.75791383e-02 8.66343778e-02 1.32626345e-04 8.36245672e-05
 8.36245672e-05 8.36245672e-05 1.37789379e-04 2.61659376e-03]",149.796752,-21.573724236614908,,0.0330722332000732,4.75470569152579
158,"[1.00000000e+00 7.11498483e+00 0.00000000e+00 1.00000000e+00
 2.00000000e+01 3.91272435e+04 4.60000000e+01]","[1.72692732e-01 2.09619735e-01 9.80000000e-01 2.16913540e-04
 3.75955481e-02 3.50658999e-02 2.16913540e-04 1.97956644e-04
 1.97956644e-04 1.97956644e-04 4.35538183e-04 1.38580697e-02]",204.6999662888889,-2.0967848344091635,,0.0225889682769775,7.845585519024751
159,"[0.00000000e+00 4.64352969e+01 0.00000000e+00 2.00000000e+00
 1.80000000e+01 7.25241100e+03 8.50000000e+01]","[0.06668981 0.06720528 0.99       0.00678061 0.05774227 0.0675775
 0.00678061 0.02276079 0.02276079 0.02276079 0.01159996 0.0134989 ]",192.07843755555555,-42.417096917465415,,0.0227580070495605,6.516741048044084
160,"[0.00000000e+00 2.19424440e+01 1.00000000e+00 4.00000000e+00
 1.40000000e+01 2.91072535e+04 1.00000000e+02]","[1.21859156e-02 5.17656240e-02 9.40000000e-01 8.76064354e-04
 4.43649742e-02 3.62758395e-02 8.76064354e-04 6.53588446e-04
 6.53588446e-04 6.53588446e-04 1.31738873e-03 9.01290879e-03]",37.64987555555558,-18.92424398943035,,0.0222880840301513,6.158531497705465
161,"[0.00000000e+00 4.43722961e+01 1.00000000e+00 3.00000000e+00
 1.10000000e+01 1.06111624e+04 4.10000000e+01]","[4.13876667e-03 4.80967095e-02 1.00000000e+00 1.31269524e-04
 4.62289492e-02 5.50497902e-02 1.31269524e-04 7.79269685e-05
 7.79269685e-05 7.79269685e-05 1.23165461e-04 7.85261359e-04]",87.49399133333333,-38.537481954617874,,0.0225872993469238,6.434883573645211
162,"[0.00000000e+00 2.73276804e+01 1.00000000e+00 2.00000000e+00
 3.00000000e+00 2.44941283e+04 1.00000000e+01]","[4.34087366e-03 5.24402782e-02 9.70000000e-01 1.67713180e-04
 4.48965759e-02 7.97530185e-02 1.67713180e-04 1.83217908e-05
 1.83217908e-05 1.83217908e-05 3.36261219e-05 1.92985457e-03]",49.617067555555536,-22.4928662471686,,0.0232446193695068,6.337412174983332
163,"[1.00000000e+00 3.51227423e+01 0.00000000e+00 1.00000000e+00
 7.00000000e+00 2.27476301e+04 8.80000000e+01]","[1.22167946e-01 4.83342177e-02 1.00000000e+00 4.75286768e-04
 3.96418422e-02 9.49482182e-02 4.75286768e-04 4.51216649e-04
 4.51216649e-04 4.51216649e-04 1.21136359e-03 5.47775170e-02]",266.93942733333336,-30.104542315154788,,0.0233426094055175,6.295712213756052
164,"[0.00000000e+00 1.43665053e+01 1.00000000e+00 1.00000000e+00
 5.00000000e+00 2.02658640e+04 4.70000000e+01]","[4.46049532e-03 4.94203745e-02 1.00000000e+00 1.10870096e-04
 4.44197242e-02 4.77290015e-02 1.10870096e-04 1.32931615e-04
 1.32931615e-04 1.32931615e-04 2.28962046e-04 1.52122441e-03]",20.814456222222248,-11.34830526902067,,0.0218677520751953,6.664020933275185
165,"[1.00000000e+00 1.25863430e+01 1.00000000e+00 4.00000000e+00
 1.90000000e+01 3.91698211e+04 7.40000000e+01]","[4.48412054e-03 2.71995882e-02 1.00000000e+00 7.46590304e-05
 2.22733807e-02 3.34416178e-02 7.46590304e-05 2.94431171e-04
 2.94431171e-04 2.94431171e-04 3.91502508e-05 7.72222336e-04]",116.85854,-8.568142991062928,,0.0223908424377441,6.636997678727346
166,"[1.00000000e+00 3.77774892e+01 0.00000000e+00 3.00000000e+00
 1.90000000e+01 3.42989960e+03 3.30000000e+01]","[8.26560711e-02 3.62685389e-02 1.00000000e+00 7.26542494e-05
 3.81280730e-02 4.95690347e-02 7.26542494e-05 3.35584715e-04
 3.35584715e-04 3.35584715e-04 3.86422616e-04 9.53238297e-03]",272.8388648888889,-32.75928916714918,,0.0244812965393066,6.337975497166008
167,"[1.00000000e+00 4.60870327e+01 0.00000000e+00 2.00000000e+00
 1.30000000e+01 1.48173623e+04 5.70000000e+01]","[0.05643522 0.04004213 1.         0.00133124 0.03873235 0.04304176
 0.00133124 0.00253452 0.00253452 0.00253452 0.00208879 0.01032807]",291.3045171111111,-19.72361657714802,,0.0337965488433837,4.348585215127722
168,"[1.00000000e+00 2.68647966e+01 1.00000000e+00 3.00000000e+00
 2.10000000e+01 7.64653240e+03 6.50000000e+01]","[5.04985288e-03 6.94650255e-02 1.00000000e+00 1.31707871e-04
 6.65939727e-02 5.88238095e-02 1.31707871e-04 5.89744632e-05
 5.89744632e-05 5.89744632e-05 5.80020969e-05 1.45896309e-03]",148.58843688888888,-21.846596574258854,,0.0229954719543457,7.782757905650596
169,"[0.00000000e+00 1.91305527e+01 0.00000000e+00 3.00000000e+00
 0.00000000e+00 2.24005149e+04 4.00000000e+00]","[4.67974242e-02 3.33711941e-02 1.00000000e+00 3.81727266e-04
 5.10466627e-02 8.63074602e-02 3.81727266e-04 6.10543648e-05
 6.10543648e-05 6.10543648e-05 6.34894895e-05 1.55742937e-02]",131.40122822222222,26.669772570844344,,0.033618688583374,5.071726935542207
170,"[1.00000000e+00 3.40215417e+01 1.00000000e+00 2.00000000e+00
 1.30000000e+01 2.55980030e+04 1.40000000e+01]","[5.34180258e-03 4.89409120e-02 1.00000000e+00 1.61873613e-04
 5.12617192e-02 1.04835834e-01 1.61873613e-04 1.35071052e-04
 1.35071052e-04 1.35071052e-04 4.94798471e-04 7.37407160e-03]",164.49231488888887,-28.186727596424248,,0.0342392921447753,4.175732887681916
171,"[0.00000000e+00 3.04585756e+01 0.00000000e+00 3.00000000e+00
 2.20000000e+01 3.43433746e+04 5.00000000e+01]","[2.80241673e-02 4.53254431e-02 1.00000000e+00 4.70983105e-05
 4.20717083e-02 5.62381643e-02 4.70983105e-05 5.50041441e-04
 5.50041441e-04 5.50041441e-04 5.33063954e-04 6.25758061e-03]",156.57461244444443,-24.4403756076714,,0.0216920375823974,4.705879120275216
172,"[0.00000000e+00 3.77538558e+01 1.00000000e+00 3.00000000e+00
 1.40000000e+01 2.43581021e+04 4.80000000e+01]","[5.39366722e-03 5.90330839e-02 1.00000000e+00 2.34437775e-05
 6.94633907e-02 5.90806281e-02 2.34437775e-05 1.02640581e-04
 1.02640581e-04 1.02640581e-04 3.57219309e-04 1.68985804e-03]",72.78634622222222,-34.735655770842186,,0.0338389873504638,4.702637196947813
173,"[1.00000000e+00 2.68647966e+01 1.00000000e+00 3.00000000e+00
 0.00000000e+00 4.61299650e+03 7.80000000e+01]","[7.82368484e-03 6.94431089e-02 1.00000000e+00 2.33857849e-04
 7.08707854e-02 7.71287091e-02 2.33857849e-04 4.83783879e-05
 4.83783879e-05 4.83783879e-05 2.80031709e-05 2.07315608e-03]",148.58843688888888,-22.846596574258854,,0.0229678153991699,6.89468931010858
174,"[0.00000000e+00 1.45302397e+01 1.00000000e+00 3.00000000e+00
 4.00000000e+00 3.73536103e+04 7.10000000e+01]","[4.54323552e-03 2.02669611e-02 1.00000000e+00 2.63857564e-05
 1.82132049e-02 3.06885363e-02 2.63857564e-05 6.18863924e-05
 6.18863924e-05 6.18863924e-05 5.85222442e-05 9.08170975e-04]",21.178310444444435,-11.512039650737393,,0.0232207775115966,6.805513630063145
175,"[1.00000000e+00 2.41021322e+01 0.00000000e+00 1.00000000e+00
 1.10000000e+01 3.57686840e+04 9.00000000e+01]","[1.05165728e-01 6.30427198e-02 1.00000000e+00 6.42652449e-04
 6.07764567e-02 6.04043532e-02 6.42652449e-04 1.71148029e-04
 1.71148029e-04 1.71148029e-04 1.20490746e-04 4.37428639e-02]",242.44918266666667,-19.083932233450128,,0.0340876579284668,4.868150852602571
176,"[1.00000000e+00 2.68647966e+01 1.00000000e+00 4.00000000e+00
 8.00000000e+00 8.45123120e+03 5.00000000e+00]","[8.18156728e-03 2.25522177e-02 1.00000000e+00 2.42139315e-04
 2.09463366e-02 1.71462558e-02 2.42139315e-04 2.93406774e-05
 2.93406774e-05 2.93406774e-05 3.59656224e-05 1.40862570e-03]",148.58843688888888,18.935528678266422,,0.0334184169769287,5.003945293828076
177,"[0.00000000e+00 3.87349985e+01 0.00000000e+00 4.00000000e+00
 3.00000000e+00 6.93967850e+03 5.20000000e+01]","[4.07534057e-02 2.15193207e-02 1.00000000e+00 1.60752461e-04
 2.40245489e-02 3.06233100e-02 1.60752461e-04 1.32505065e-05
 1.32505065e-05 1.32505065e-05 4.67236059e-05 9.74966769e-03]",174.96666333333334,-34.716798488282166,,0.0355169773101806,4.189804590216757
178,"[1.00000000e+00 2.68647966e+01 1.00000000e+00 3.00000000e+00
 1.60000000e+01 1.96398512e+04 4.40000000e+01]","[4.72727977e-03 8.00947354e-02 1.00000000e+00 8.40204739e-05
 7.38716361e-02 8.68605139e-02 8.40204739e-05 9.31527684e-05
 9.31527684e-05 9.31527684e-05 1.41352313e-04 1.13166264e-03]",148.58843688888888,-1.5013804126426749,,0.0235636234283447,7.624406827679014
179,"[1.00000000e+00 4.41665404e+01 0.00000000e+00 1.00000000e+00
 1.00000000e+01 9.92966270e+03 8.70000000e+01]","[0.09615782 0.07830433 1.         0.01286329 0.07888158 0.0753774
 0.01286329 0.00505913 0.00505913 0.00505913 0.00530741 0.00976297]",287.03675644444445,-38.14834044291749,,0.0227220058441162,6.870098527853268
180,"[1.00000000e+00 2.68647966e+01 1.00000000e+00 2.00000000e+00
 1.00000000e+00 1.31072220e+04 2.50000000e+01]","[4.57791683e-03 4.52130209e-02 1.00000000e+00 5.14122075e-04
 4.44424500e-02 4.67754279e-02 5.14122075e-04 4.64115074e-05
 4.64115074e-05 4.64115074e-05 8.21294961e-05 1.67516005e-03]",148.58843688888888,-21.846596574258854,,0.0237617492675781,6.160268502167282
181,"[1.00000000e+00 5.29462916e+00 0.00000000e+00 2.00000000e+00
 2.20000000e+01 1.58777315e+04 4.50000000e+01]","[1.71589158e-01 1.24674971e-01 9.90000000e-01 2.22792456e-04
 2.71448583e-01 3.72690629e-01 2.22792456e-04 4.89415135e-04
 4.89415135e-04 4.89415135e-04 1.06629101e-03 5.16503109e-02]",200.65473146666665,-0.2764291588122205,,0.0332276821136474,5.330322099205694
182,"[0.00000000e+00 3.87349985e+01 0.00000000e+00 3.00000000e+00
 2.30000000e+01 1.83946680e+04 7.10000000e+01]","[2.46060942e-02 6.26250747e-02 1.00000000e+00 6.44997563e-05
 5.69479771e-02 6.77459286e-02 6.44997563e-05 8.32359292e-05
 8.32359292e-05 8.32359292e-05 7.28741361e-05 7.01967240e-03]",174.96666333333334,-34.716798488282166,,0.022092580795288,8.122530028166581
183,"[1.00000000e+00 4.41665404e+01 0.00000000e+00 4.00000000e+00
 2.00000000e+01 1.44936202e+04 1.10000000e+01]","[4.67431340e-02 1.82975320e-02 1.00000000e+00 7.08117223e-05
 1.55023411e-02 2.60377710e-02 7.08117223e-05 3.30962648e-04
 3.30962648e-04 3.30962648e-04 3.35282064e-04 7.01184460e-03]",287.03675644444445,-39.14834044291749,,0.021693468093872,6.795436811043093
184,"[1.00000000e+00 4.41665404e+01 0.00000000e+00 4.00000000e+00
 1.00000000e+00 1.15148096e+04 3.20000000e+01]","[4.80054348e-02 4.03926788e-02 9.90000000e-01 4.52877357e-05
 4.46681943e-02 6.72993226e-02 4.52877357e-05 8.25964526e-06
 8.25964526e-06 8.25964526e-06 1.79113431e-05 5.58569799e-03]",287.03675644444445,-37.33172630150332,,0.0347673892974853,4.110255443168181
185,"[   0.           22.08968799    0.            4.            9.
 1539.4234        6.        ]","[1.00232192e-02 3.16482432e-02 9.50000000e-01 6.63371000e-04
 3.26652643e-02 3.26942151e-02 6.63371000e-04 3.82080860e-03
 3.82080860e-03 3.82080860e-03 5.67626150e-04 6.42547382e-03]",137.97708442222222,-18.07148799306583,,0.0225241184234619,6.489388502535116
186,"[1.00000000e+00 5.50310836e+00 0.00000000e+00 2.00000000e+00
 1.70000000e+01 3.17304288e+04 5.60000000e+01]","[7.46126952e-02 1.10642764e-01 9.80000000e-01 2.05400371e-04
 1.07970175e-01 1.42681733e-01 2.05400371e-04 2.06137091e-04
 2.06137091e-04 2.06137091e-04 2.62267567e-04 2.52690811e-02]",201.11801857777778,13.984691636022148,,0.0232293605804443,7.708696410793279
187,"[0.00000000e+00 4.90250862e+01 0.00000000e+00 3.00000000e+00
 4.00000000e+00 2.65579144e+04 7.80000000e+01]","[5.63103907e-02 3.23871423e-02 1.00000000e+00 1.86500220e-05
 3.74093467e-02 5.06537441e-02 1.86500220e-05 5.51802397e-04
 5.51802397e-04 5.51802397e-04 1.27764838e-03 2.07303215e-02]",197.83352488888886,-45.00688619627459,,0.0223901271820068,6.95533004653342
188,"[0.00000000e+00 6.78854853e+00 1.00000000e+00 2.00000000e+00
 1.60000000e+01 3.01769973e+04 2.10000000e+01]","[9.78552676e-03 3.41765967e-02 1.00000000e+00 5.63672729e-05
 2.73555770e-02 3.09642463e-02 5.63672729e-05 3.70232992e-05
 3.70232992e-05 3.70232992e-05 2.36152482e-04 1.89371747e-03]",3.9745522888889013,-3.770348534076732,,0.0331790447235107,4.727988042798732
189,"[1.00000000e+00 4.60870327e+01 0.00000000e+00 1.00000000e+00
 2.00000000e+00 2.96742027e+04 8.70000000e+01]","[8.22109290e-02 4.16518400e-02 9.80000000e-01 7.87251920e-05
 4.59262250e-02 5.16094712e-02 7.87251920e-05 2.34706895e-04
 2.34706895e-04 2.34706895e-04 5.59491164e-04 9.68784039e-03]",291.3045171111111,-41.0688327387642,,0.0323555469512939,5.290179722789204
190,"[1.00000000e+00 1.96152626e+01 1.00000000e+00 1.00000000e+00
 0.00000000e+00 1.86181760e+03 2.20000000e+01]","[4.73880852e-03 4.82351278e-02 9.00000000e-01 1.42120087e-04
 6.86148383e-02 6.48039639e-02 1.42120087e-04 2.82443623e-04
 2.82443623e-04 2.82443623e-04 1.07406391e-04 1.03853444e-03]",132.47836133333334,-14.597062640612478,,0.022801399230957,6.880703919026308
191,"[0.00000000e+00 3.87349985e+01 0.00000000e+00 1.00000000e+00
 1.80000000e+01 1.07406889e+04 7.30000000e+01]","[2.50959212e-02 5.79068178e-02 1.00000000e+00 4.21067001e-04
 4.59291771e-02 7.34236697e-02 4.21067001e-04 4.81321949e-05
 4.81321949e-05 4.81321949e-05 4.04936618e-05 6.20246291e-03]",174.96666333333334,-33.716798488282166,,0.0223453044891357,7.546856161241104
192,"[1.00000000e+00 3.12842586e+01 0.00000000e+00 3.00000000e+00
 5.00000000e+00 1.07243930e+03 9.50000000e+01]","[1.36724250e-01 9.73425057e-02 1.00000000e+00 2.37551460e-04
 6.75744271e-02 5.60392685e-02 2.37551460e-04 1.15697600e-04
 1.15697600e-04 1.15697600e-04 4.70252016e-05 1.87870862e-02]",258.4094635555556,-25.266058557008364,,0.0214407444000244,7.758387172102436
193,"[0.00000000e+00 3.77538558e+01 1.00000000e+00 1.00000000e+00
 5.00000000e+00 2.16704970e+04 2.60000000e+01]","[5.12127455e-03 4.97791418e-02 9.90000000e-01 2.51198671e-05
 5.39038707e-02 6.33681696e-02 2.51198671e-05 4.80126837e-05
 4.80126837e-05 4.80126837e-05 2.97990500e-05 1.10251803e-03]",72.78634622222222,-27.46919920518559,,0.0224766731262207,6.479888410378259
194,"[0.00000000e+00 3.77538558e+01 1.00000000e+00 1.00000000e+00
 1.90000000e+01 2.57408192e+04 6.00000000e+00]","[4.73068677e-03 3.77163371e-02 1.00000000e+00 4.07182961e-05
 3.57037915e-02 4.28546931e-02 4.07182961e-05 1.69704683e-04
 1.69704683e-04 1.69704683e-04 6.55030381e-05 9.76637032e-04]",72.78634622222222,-31.919041629428023,,0.0228374004364013,8.797843131113826
195,"[0.00000000e+00 4.64352969e+01 0.00000000e+00 1.00000000e+00
 1.50000000e+01 1.60034507e+04 6.80000000e+01]","[3.26322124e-02 5.76111460e-02 1.00000000e+00 1.13494613e-03
 5.35415476e-02 8.32501599e-02 1.13494613e-03 1.41982629e-03
 1.41982629e-03 1.41982629e-03 8.62854416e-04 5.44633229e-03]",192.07843755555555,-42.417096917465415,,0.0345900058746337,4.787091348970575
196,"[0.00000000e+00 1.43665053e+01 1.00000000e+00 4.00000000e+00
 2.10000000e+01 1.26078907e+04 4.10000000e+01]","[3.28506971e-03 5.78975328e-02 1.00000000e+00 3.67297616e-05
 6.03703301e-02 6.83568242e-02 3.67297616e-05 3.75199088e-05
 3.75199088e-05 3.75199088e-05 2.18208024e-05 5.95729352e-04]",20.814456222222248,-10.34830526902067,,0.0220556259155273,8.236033640333808
197,"[1.00000000e+00 2.68647966e+01 1.00000000e+00 3.00000000e+00
 1.60000000e+01 3.28712723e+04 4.00000000e+01]","[4.72727977e-03 7.66574379e-02 1.00000000e+00 7.77386667e-05
 7.00605866e-02 7.11589330e-02 7.77386667e-05 1.10938745e-04
 1.10938745e-04 1.10938745e-04 3.33241915e-04 1.26700486e-03]",148.58843688888888,-21.846596574258854,,0.0219841003417968,7.654249089016138
198,"[1.00000000e+00 2.41021322e+01 0.00000000e+00 4.00000000e+00
 1.70000000e+01 1.26066933e+04 1.50000000e+01]","[2.87442937e-02 1.07009491e-01 1.00000000e+00 9.93592621e-05
 1.01161052e-01 1.15608141e-01 9.93592621e-05 5.05093660e-04
 5.05093660e-04 5.05093660e-04 1.92224747e-04 7.48498826e-03]",242.44918266666667,2.261283928166052,,0.022695779800415,7.432426754068051
199,"[1.00000000e+00 2.30127256e+01 0.00000000e+00 1.00000000e+00
 1.20000000e+01 5.48578900e+03 1.00000000e+00]","[2.46989149e-02 4.40853841e-02 9.60000000e-01 7.96509848e-04
 5.04203203e-02 4.74742897e-02 7.96509848e-04 1.03447854e-03
 1.03447854e-03 1.03447854e-03 1.03768555e-03 2.19271591e-02]",240.02827911111112,-16.994525578052617,,0.0240929126739501,6.919398731358792
